INFO: [VRFC 10-2263] Analyzing Verilog file "/home/gary/Individual_Project_System/Individual_Project_System.sim/sim_1/impl/func/xsim/System_Top_wrapper_func_impl.v" into library xil_defaultlib
INFO: [VRFC 10-311] analyzing module System_Top
INFO: [VRFC 10-311] analyzing module System_Top_AXI_ArrayProc_0_0
INFO: [VRFC 10-311] analyzing module System_Top_AXI_ArrayProc_0_0_AXI_ArrayProc
INFO: [VRFC 10-311] analyzing module System_Top_AXI_ArrayProc_0_0_AXI_ArrayProc_slave_lite_v1_0_S00_AXI
INFO: [VRFC 10-311] analyzing module System_Top_BRAM_Wrapper_0_0
INFO: [VRFC 10-311] analyzing module System_Top_BRAM_Wrapper_0_0_BRAM_Wrapper
INFO: [VRFC 10-311] analyzing module System_Top_Top_0_0
INFO: [VRFC 10-311] analyzing module System_Top_Top_0_0_ALU_bitserial
INFO: [VRFC 10-311] analyzing module System_Top_Top_0_0_ALU_bitserial_255
INFO: [VRFC 10-311] analyzing module System_Top_Top_0_0_ALU_bitserial_257
INFO: [VRFC 10-311] analyzing module System_Top_Top_0_0_ALU_bitserial_259
INFO: [VRFC 10-311] analyzing module System_Top_Top_0_0_ALU_bitserial_261
INFO: [VRFC 10-311] analyzing module System_Top_Top_0_0_ALU_bitserial_263
INFO: [VRFC 10-311] analyzing module System_Top_Top_0_0_ALU_bitserial_265
INFO: [VRFC 10-311] analyzing module System_Top_Top_0_0_ALU_bitserial_267
INFO: [VRFC 10-311] analyzing module System_Top_Top_0_0_ALU_bitserial_269
INFO: [VRFC 10-311] analyzing module System_Top_Top_0_0_ALU_bitserial_271
INFO: [VRFC 10-311] analyzing module System_Top_Top_0_0_ALU_bitserial_273
INFO: [VRFC 10-311] analyzing module System_Top_Top_0_0_ALU_bitserial_275
INFO: [VRFC 10-311] analyzing module System_Top_Top_0_0_ALU_bitserial_277
INFO: [VRFC 10-311] analyzing module System_Top_Top_0_0_ALU_bitserial_279
INFO: [VRFC 10-311] analyzing module System_Top_Top_0_0_ALU_bitserial_281
INFO: [VRFC 10-311] analyzing module System_Top_Top_0_0_ALU_bitserial_283
INFO: [VRFC 10-311] analyzing module System_Top_Top_0_0_ALU_bitserial_285
INFO: [VRFC 10-311] analyzing module System_Top_Top_0_0_ALU_bitserial_287
INFO: [VRFC 10-311] analyzing module System_Top_Top_0_0_ALU_bitserial_289
INFO: [VRFC 10-311] analyzing module System_Top_Top_0_0_ALU_bitserial_291
INFO: [VRFC 10-311] analyzing module System_Top_Top_0_0_ALU_bitserial_293
INFO: [VRFC 10-311] analyzing module System_Top_Top_0_0_ALU_bitserial_295
INFO: [VRFC 10-311] analyzing module System_Top_Top_0_0_ALU_bitserial_297
INFO: [VRFC 10-311] analyzing module System_Top_Top_0_0_ALU_bitserial_299
INFO: [VRFC 10-311] analyzing module System_Top_Top_0_0_ALU_bitserial_301
INFO: [VRFC 10-311] analyzing module System_Top_Top_0_0_ALU_bitserial_303
INFO: [VRFC 10-311] analyzing module System_Top_Top_0_0_ALU_bitserial_305
INFO: [VRFC 10-311] analyzing module System_Top_Top_0_0_ALU_bitserial_307
INFO: [VRFC 10-311] analyzing module System_Top_Top_0_0_ALU_bitserial_309
INFO: [VRFC 10-311] analyzing module System_Top_Top_0_0_ALU_bitserial_311
INFO: [VRFC 10-311] analyzing module System_Top_Top_0_0_ALU_bitserial_313
INFO: [VRFC 10-311] analyzing module System_Top_Top_0_0_ALU_bitserial_315
INFO: [VRFC 10-311] analyzing module System_Top_Top_0_0_ALU_bitserial_317
INFO: [VRFC 10-311] analyzing module System_Top_Top_0_0_ALU_bitserial_319
INFO: [VRFC 10-311] analyzing module System_Top_Top_0_0_ALU_bitserial_321
INFO: [VRFC 10-311] analyzing module System_Top_Top_0_0_ALU_bitserial_323
INFO: [VRFC 10-311] analyzing module System_Top_Top_0_0_ALU_bitserial_325
INFO: [VRFC 10-311] analyzing module System_Top_Top_0_0_ALU_bitserial_327
INFO: [VRFC 10-311] analyzing module System_Top_Top_0_0_ALU_bitserial_329
INFO: [VRFC 10-311] analyzing module System_Top_Top_0_0_ALU_bitserial_331
INFO: [VRFC 10-311] analyzing module System_Top_Top_0_0_ALU_bitserial_333
INFO: [VRFC 10-311] analyzing module System_Top_Top_0_0_ALU_bitserial_335
INFO: [VRFC 10-311] analyzing module System_Top_Top_0_0_ALU_bitserial_337
INFO: [VRFC 10-311] analyzing module System_Top_Top_0_0_ALU_bitserial_339
INFO: [VRFC 10-311] analyzing module System_Top_Top_0_0_ALU_bitserial_341
INFO: [VRFC 10-311] analyzing module System_Top_Top_0_0_ALU_bitserial_343
INFO: [VRFC 10-311] analyzing module System_Top_Top_0_0_ALU_bitserial_345
INFO: [VRFC 10-311] analyzing module System_Top_Top_0_0_ALU_bitserial_347
INFO: [VRFC 10-311] analyzing module System_Top_Top_0_0_ALU_bitserial_349
INFO: [VRFC 10-311] analyzing module System_Top_Top_0_0_ALU_bitserial_351
INFO: [VRFC 10-311] analyzing module System_Top_Top_0_0_ALU_bitserial_353
INFO: [VRFC 10-311] analyzing module System_Top_Top_0_0_ALU_bitserial_355
INFO: [VRFC 10-311] analyzing module System_Top_Top_0_0_ALU_bitserial_357
INFO: [VRFC 10-311] analyzing module System_Top_Top_0_0_ALU_bitserial_359
INFO: [VRFC 10-311] analyzing module System_Top_Top_0_0_ALU_bitserial_361
INFO: [VRFC 10-311] analyzing module System_Top_Top_0_0_ALU_bitserial_363
INFO: [VRFC 10-311] analyzing module System_Top_Top_0_0_ALU_bitserial_365
INFO: [VRFC 10-311] analyzing module System_Top_Top_0_0_ALU_bitserial_367
INFO: [VRFC 10-311] analyzing module System_Top_Top_0_0_ALU_bitserial_369
INFO: [VRFC 10-311] analyzing module System_Top_Top_0_0_ALU_bitserial_371
INFO: [VRFC 10-311] analyzing module System_Top_Top_0_0_ALU_bitserial_373
INFO: [VRFC 10-311] analyzing module System_Top_Top_0_0_ALU_bitserial_375
INFO: [VRFC 10-311] analyzing module System_Top_Top_0_0_ALU_bitserial_377
INFO: [VRFC 10-311] analyzing module System_Top_Top_0_0_ALU_bitserial_379
INFO: [VRFC 10-311] analyzing module System_Top_Top_0_0_ALU_bitserial_381
INFO: [VRFC 10-311] analyzing module System_Top_Top_0_0_ALU_bitserial_383
INFO: [VRFC 10-311] analyzing module System_Top_Top_0_0_ALU_bitserial_385
INFO: [VRFC 10-311] analyzing module System_Top_Top_0_0_ALU_bitserial_387
INFO: [VRFC 10-311] analyzing module System_Top_Top_0_0_ALU_bitserial_389
INFO: [VRFC 10-311] analyzing module System_Top_Top_0_0_ALU_bitserial_391
INFO: [VRFC 10-311] analyzing module System_Top_Top_0_0_ALU_bitserial_393
INFO: [VRFC 10-311] analyzing module System_Top_Top_0_0_ALU_bitserial_395
INFO: [VRFC 10-311] analyzing module System_Top_Top_0_0_ALU_bitserial_397
INFO: [VRFC 10-311] analyzing module System_Top_Top_0_0_ALU_bitserial_399
INFO: [VRFC 10-311] analyzing module System_Top_Top_0_0_ALU_bitserial_401
INFO: [VRFC 10-311] analyzing module System_Top_Top_0_0_ALU_bitserial_403
INFO: [VRFC 10-311] analyzing module System_Top_Top_0_0_ALU_bitserial_405
INFO: [VRFC 10-311] analyzing module System_Top_Top_0_0_ALU_bitserial_407
INFO: [VRFC 10-311] analyzing module System_Top_Top_0_0_ALU_bitserial_409
INFO: [VRFC 10-311] analyzing module System_Top_Top_0_0_ALU_bitserial_411
INFO: [VRFC 10-311] analyzing module System_Top_Top_0_0_ALU_bitserial_413
INFO: [VRFC 10-311] analyzing module System_Top_Top_0_0_ALU_bitserial_415
INFO: [VRFC 10-311] analyzing module System_Top_Top_0_0_ALU_bitserial_417
INFO: [VRFC 10-311] analyzing module System_Top_Top_0_0_ALU_bitserial_419
INFO: [VRFC 10-311] analyzing module System_Top_Top_0_0_ALU_bitserial_421
INFO: [VRFC 10-311] analyzing module System_Top_Top_0_0_ALU_bitserial_423
INFO: [VRFC 10-311] analyzing module System_Top_Top_0_0_ALU_bitserial_425
INFO: [VRFC 10-311] analyzing module System_Top_Top_0_0_ALU_bitserial_427
INFO: [VRFC 10-311] analyzing module System_Top_Top_0_0_ALU_bitserial_429
INFO: [VRFC 10-311] analyzing module System_Top_Top_0_0_ALU_bitserial_431
INFO: [VRFC 10-311] analyzing module System_Top_Top_0_0_ALU_bitserial_433
INFO: [VRFC 10-311] analyzing module System_Top_Top_0_0_ALU_bitserial_435
INFO: [VRFC 10-311] analyzing module System_Top_Top_0_0_ALU_bitserial_437
INFO: [VRFC 10-311] analyzing module System_Top_Top_0_0_ALU_bitserial_439
INFO: [VRFC 10-311] analyzing module System_Top_Top_0_0_ALU_bitserial_441
INFO: [VRFC 10-311] analyzing module System_Top_Top_0_0_ALU_bitserial_443
INFO: [VRFC 10-311] analyzing module System_Top_Top_0_0_ALU_bitserial_445
INFO: [VRFC 10-311] analyzing module System_Top_Top_0_0_ALU_bitserial_447
INFO: [VRFC 10-311] analyzing module System_Top_Top_0_0_ALU_bitserial_449
INFO: [VRFC 10-311] analyzing module System_Top_Top_0_0_ALU_bitserial_451
INFO: [VRFC 10-311] analyzing module System_Top_Top_0_0_ALU_bitserial_453
INFO: [VRFC 10-311] analyzing module System_Top_Top_0_0_ALU_bitserial_455
INFO: [VRFC 10-311] analyzing module System_Top_Top_0_0_ALU_bitserial_457
INFO: [VRFC 10-311] analyzing module System_Top_Top_0_0_ALU_bitserial_459
INFO: [VRFC 10-311] analyzing module System_Top_Top_0_0_ALU_bitserial_461
INFO: [VRFC 10-311] analyzing module System_Top_Top_0_0_ALU_bitserial_463
INFO: [VRFC 10-311] analyzing module System_Top_Top_0_0_ALU_bitserial_465
INFO: [VRFC 10-311] analyzing module System_Top_Top_0_0_ALU_bitserial_467
INFO: [VRFC 10-311] analyzing module System_Top_Top_0_0_ALU_bitserial_469
INFO: [VRFC 10-311] analyzing module System_Top_Top_0_0_ALU_bitserial_471
INFO: [VRFC 10-311] analyzing module System_Top_Top_0_0_ALU_bitserial_473
INFO: [VRFC 10-311] analyzing module System_Top_Top_0_0_ALU_bitserial_475
INFO: [VRFC 10-311] analyzing module System_Top_Top_0_0_ALU_bitserial_477
INFO: [VRFC 10-311] analyzing module System_Top_Top_0_0_ALU_bitserial_479
INFO: [VRFC 10-311] analyzing module System_Top_Top_0_0_ALU_bitserial_481
INFO: [VRFC 10-311] analyzing module System_Top_Top_0_0_ALU_bitserial_483
INFO: [VRFC 10-311] analyzing module System_Top_Top_0_0_ALU_bitserial_485
INFO: [VRFC 10-311] analyzing module System_Top_Top_0_0_ALU_bitserial_487
INFO: [VRFC 10-311] analyzing module System_Top_Top_0_0_ALU_bitserial_489
INFO: [VRFC 10-311] analyzing module System_Top_Top_0_0_ALU_bitserial_491
INFO: [VRFC 10-311] analyzing module System_Top_Top_0_0_ALU_bitserial_493
INFO: [VRFC 10-311] analyzing module System_Top_Top_0_0_ALU_bitserial_495
INFO: [VRFC 10-311] analyzing module System_Top_Top_0_0_ALU_bitserial_497
INFO: [VRFC 10-311] analyzing module System_Top_Top_0_0_ALU_bitserial_499
INFO: [VRFC 10-311] analyzing module System_Top_Top_0_0_ALU_bitserial_501
INFO: [VRFC 10-311] analyzing module System_Top_Top_0_0_ALU_bitserial_503
INFO: [VRFC 10-311] analyzing module System_Top_Top_0_0_ALU_bitserial_505
INFO: [VRFC 10-311] analyzing module System_Top_Top_0_0_ALU_bitserial_507
INFO: [VRFC 10-311] analyzing module System_Top_Top_0_0_ALU_bitserial_509
INFO: [VRFC 10-311] analyzing module System_Top_Top_0_0_ALU_bitserial_511
INFO: [VRFC 10-311] analyzing module System_Top_Top_0_0_ALU_bitserial_513
INFO: [VRFC 10-311] analyzing module System_Top_Top_0_0_ALU_bitserial_515
INFO: [VRFC 10-311] analyzing module System_Top_Top_0_0_ALU_bitserial_517
INFO: [VRFC 10-311] analyzing module System_Top_Top_0_0_ALU_bitserial_519
INFO: [VRFC 10-311] analyzing module System_Top_Top_0_0_ALU_bitserial_521
INFO: [VRFC 10-311] analyzing module System_Top_Top_0_0_ALU_bitserial_523
INFO: [VRFC 10-311] analyzing module System_Top_Top_0_0_ALU_bitserial_525
INFO: [VRFC 10-311] analyzing module System_Top_Top_0_0_ALU_bitserial_527
INFO: [VRFC 10-311] analyzing module System_Top_Top_0_0_ALU_bitserial_529
INFO: [VRFC 10-311] analyzing module System_Top_Top_0_0_ALU_bitserial_531
INFO: [VRFC 10-311] analyzing module System_Top_Top_0_0_ALU_bitserial_533
INFO: [VRFC 10-311] analyzing module System_Top_Top_0_0_ALU_bitserial_535
INFO: [VRFC 10-311] analyzing module System_Top_Top_0_0_ALU_bitserial_537
INFO: [VRFC 10-311] analyzing module System_Top_Top_0_0_ALU_bitserial_539
INFO: [VRFC 10-311] analyzing module System_Top_Top_0_0_ALU_bitserial_541
INFO: [VRFC 10-311] analyzing module System_Top_Top_0_0_ALU_bitserial_543
INFO: [VRFC 10-311] analyzing module System_Top_Top_0_0_ALU_bitserial_545
INFO: [VRFC 10-311] analyzing module System_Top_Top_0_0_ALU_bitserial_547
INFO: [VRFC 10-311] analyzing module System_Top_Top_0_0_ALU_bitserial_549
INFO: [VRFC 10-311] analyzing module System_Top_Top_0_0_ALU_bitserial_551
INFO: [VRFC 10-311] analyzing module System_Top_Top_0_0_ALU_bitserial_553
INFO: [VRFC 10-311] analyzing module System_Top_Top_0_0_ALU_bitserial_555
INFO: [VRFC 10-311] analyzing module System_Top_Top_0_0_ALU_bitserial_557
INFO: [VRFC 10-311] analyzing module System_Top_Top_0_0_ALU_bitserial_559
INFO: [VRFC 10-311] analyzing module System_Top_Top_0_0_ALU_bitserial_561
INFO: [VRFC 10-311] analyzing module System_Top_Top_0_0_ALU_bitserial_563
INFO: [VRFC 10-311] analyzing module System_Top_Top_0_0_ALU_bitserial_565
INFO: [VRFC 10-311] analyzing module System_Top_Top_0_0_ALU_bitserial_567
INFO: [VRFC 10-311] analyzing module System_Top_Top_0_0_ALU_bitserial_569
INFO: [VRFC 10-311] analyzing module System_Top_Top_0_0_ALU_bitserial_571
INFO: [VRFC 10-311] analyzing module System_Top_Top_0_0_ALU_bitserial_573
INFO: [VRFC 10-311] analyzing module System_Top_Top_0_0_ALU_bitserial_575
INFO: [VRFC 10-311] analyzing module System_Top_Top_0_0_ALU_bitserial_577
INFO: [VRFC 10-311] analyzing module System_Top_Top_0_0_ALU_bitserial_579
INFO: [VRFC 10-311] analyzing module System_Top_Top_0_0_ALU_bitserial_581
INFO: [VRFC 10-311] analyzing module System_Top_Top_0_0_ALU_bitserial_583
INFO: [VRFC 10-311] analyzing module System_Top_Top_0_0_ALU_bitserial_585
INFO: [VRFC 10-311] analyzing module System_Top_Top_0_0_ALU_bitserial_587
INFO: [VRFC 10-311] analyzing module System_Top_Top_0_0_ALU_bitserial_589
INFO: [VRFC 10-311] analyzing module System_Top_Top_0_0_ALU_bitserial_591
INFO: [VRFC 10-311] analyzing module System_Top_Top_0_0_ALU_bitserial_593
INFO: [VRFC 10-311] analyzing module System_Top_Top_0_0_ALU_bitserial_595
INFO: [VRFC 10-311] analyzing module System_Top_Top_0_0_ALU_bitserial_597
INFO: [VRFC 10-311] analyzing module System_Top_Top_0_0_ALU_bitserial_599
INFO: [VRFC 10-311] analyzing module System_Top_Top_0_0_ALU_bitserial_601
INFO: [VRFC 10-311] analyzing module System_Top_Top_0_0_ALU_bitserial_603
INFO: [VRFC 10-311] analyzing module System_Top_Top_0_0_ALU_bitserial_605
INFO: [VRFC 10-311] analyzing module System_Top_Top_0_0_ALU_bitserial_607
INFO: [VRFC 10-311] analyzing module System_Top_Top_0_0_ALU_bitserial_609
INFO: [VRFC 10-311] analyzing module System_Top_Top_0_0_ALU_bitserial_611
INFO: [VRFC 10-311] analyzing module System_Top_Top_0_0_ALU_bitserial_613
INFO: [VRFC 10-311] analyzing module System_Top_Top_0_0_ALU_bitserial_615
INFO: [VRFC 10-311] analyzing module System_Top_Top_0_0_ALU_bitserial_617
INFO: [VRFC 10-311] analyzing module System_Top_Top_0_0_ALU_bitserial_619
INFO: [VRFC 10-311] analyzing module System_Top_Top_0_0_ALU_bitserial_621
INFO: [VRFC 10-311] analyzing module System_Top_Top_0_0_ALU_bitserial_623
INFO: [VRFC 10-311] analyzing module System_Top_Top_0_0_ALU_bitserial_625
INFO: [VRFC 10-311] analyzing module System_Top_Top_0_0_ALU_bitserial_627
INFO: [VRFC 10-311] analyzing module System_Top_Top_0_0_ALU_bitserial_629
INFO: [VRFC 10-311] analyzing module System_Top_Top_0_0_ALU_bitserial_631
INFO: [VRFC 10-311] analyzing module System_Top_Top_0_0_ALU_bitserial_633
INFO: [VRFC 10-311] analyzing module System_Top_Top_0_0_ALU_bitserial_635
INFO: [VRFC 10-311] analyzing module System_Top_Top_0_0_ALU_bitserial_637
INFO: [VRFC 10-311] analyzing module System_Top_Top_0_0_ALU_bitserial_639
INFO: [VRFC 10-311] analyzing module System_Top_Top_0_0_ALU_bitserial_641
INFO: [VRFC 10-311] analyzing module System_Top_Top_0_0_ALU_bitserial_643
INFO: [VRFC 10-311] analyzing module System_Top_Top_0_0_ALU_bitserial_645
INFO: [VRFC 10-311] analyzing module System_Top_Top_0_0_ALU_bitserial_647
INFO: [VRFC 10-311] analyzing module System_Top_Top_0_0_ALU_bitserial_649
INFO: [VRFC 10-311] analyzing module System_Top_Top_0_0_ALU_bitserial_651
INFO: [VRFC 10-311] analyzing module System_Top_Top_0_0_ALU_bitserial_653
INFO: [VRFC 10-311] analyzing module System_Top_Top_0_0_ALU_bitserial_655
INFO: [VRFC 10-311] analyzing module System_Top_Top_0_0_ALU_bitserial_657
INFO: [VRFC 10-311] analyzing module System_Top_Top_0_0_ALU_bitserial_659
INFO: [VRFC 10-311] analyzing module System_Top_Top_0_0_ALU_bitserial_661
INFO: [VRFC 10-311] analyzing module System_Top_Top_0_0_ALU_bitserial_663
INFO: [VRFC 10-311] analyzing module System_Top_Top_0_0_ALU_bitserial_665
INFO: [VRFC 10-311] analyzing module System_Top_Top_0_0_ALU_bitserial_667
INFO: [VRFC 10-311] analyzing module System_Top_Top_0_0_ALU_bitserial_669
INFO: [VRFC 10-311] analyzing module System_Top_Top_0_0_ALU_bitserial_671
INFO: [VRFC 10-311] analyzing module System_Top_Top_0_0_ALU_bitserial_673
INFO: [VRFC 10-311] analyzing module System_Top_Top_0_0_ALU_bitserial_675
INFO: [VRFC 10-311] analyzing module System_Top_Top_0_0_ALU_bitserial_677
INFO: [VRFC 10-311] analyzing module System_Top_Top_0_0_ALU_bitserial_679
INFO: [VRFC 10-311] analyzing module System_Top_Top_0_0_ALU_bitserial_681
INFO: [VRFC 10-311] analyzing module System_Top_Top_0_0_ALU_bitserial_683
INFO: [VRFC 10-311] analyzing module System_Top_Top_0_0_ALU_bitserial_685
INFO: [VRFC 10-311] analyzing module System_Top_Top_0_0_ALU_bitserial_687
INFO: [VRFC 10-311] analyzing module System_Top_Top_0_0_ALU_bitserial_689
INFO: [VRFC 10-311] analyzing module System_Top_Top_0_0_ALU_bitserial_691
INFO: [VRFC 10-311] analyzing module System_Top_Top_0_0_ALU_bitserial_693
INFO: [VRFC 10-311] analyzing module System_Top_Top_0_0_ALU_bitserial_695
INFO: [VRFC 10-311] analyzing module System_Top_Top_0_0_ALU_bitserial_697
INFO: [VRFC 10-311] analyzing module System_Top_Top_0_0_ALU_bitserial_699
INFO: [VRFC 10-311] analyzing module System_Top_Top_0_0_ALU_bitserial_701
INFO: [VRFC 10-311] analyzing module System_Top_Top_0_0_ALU_bitserial_703
INFO: [VRFC 10-311] analyzing module System_Top_Top_0_0_ALU_bitserial_705
INFO: [VRFC 10-311] analyzing module System_Top_Top_0_0_ALU_bitserial_707
INFO: [VRFC 10-311] analyzing module System_Top_Top_0_0_ALU_bitserial_709
INFO: [VRFC 10-311] analyzing module System_Top_Top_0_0_ALU_bitserial_711
INFO: [VRFC 10-311] analyzing module System_Top_Top_0_0_ALU_bitserial_713
INFO: [VRFC 10-311] analyzing module System_Top_Top_0_0_ALU_bitserial_715
INFO: [VRFC 10-311] analyzing module System_Top_Top_0_0_ALU_bitserial_717
INFO: [VRFC 10-311] analyzing module System_Top_Top_0_0_ALU_bitserial_719
INFO: [VRFC 10-311] analyzing module System_Top_Top_0_0_ALU_bitserial_721
INFO: [VRFC 10-311] analyzing module System_Top_Top_0_0_ALU_bitserial_723
INFO: [VRFC 10-311] analyzing module System_Top_Top_0_0_ALU_bitserial_725
INFO: [VRFC 10-311] analyzing module System_Top_Top_0_0_ALU_bitserial_727
INFO: [VRFC 10-311] analyzing module System_Top_Top_0_0_ALU_bitserial_729
INFO: [VRFC 10-311] analyzing module System_Top_Top_0_0_ALU_bitserial_731
INFO: [VRFC 10-311] analyzing module System_Top_Top_0_0_ALU_bitserial_733
INFO: [VRFC 10-311] analyzing module System_Top_Top_0_0_ALU_bitserial_735
INFO: [VRFC 10-311] analyzing module System_Top_Top_0_0_ALU_bitserial_737
INFO: [VRFC 10-311] analyzing module System_Top_Top_0_0_ALU_bitserial_739
INFO: [VRFC 10-311] analyzing module System_Top_Top_0_0_ALU_bitserial_741
INFO: [VRFC 10-311] analyzing module System_Top_Top_0_0_ALU_bitserial_743
INFO: [VRFC 10-311] analyzing module System_Top_Top_0_0_ALU_bitserial_745
INFO: [VRFC 10-311] analyzing module System_Top_Top_0_0_ALU_bitserial_747
INFO: [VRFC 10-311] analyzing module System_Top_Top_0_0_ALU_bitserial_749
INFO: [VRFC 10-311] analyzing module System_Top_Top_0_0_ALU_bitserial_751
INFO: [VRFC 10-311] analyzing module System_Top_Top_0_0_ALU_bitserial_753
INFO: [VRFC 10-311] analyzing module System_Top_Top_0_0_ALU_bitserial_755
INFO: [VRFC 10-311] analyzing module System_Top_Top_0_0_ALU_bitserial_757
INFO: [VRFC 10-311] analyzing module System_Top_Top_0_0_ALU_bitserial_759
INFO: [VRFC 10-311] analyzing module System_Top_Top_0_0_ALU_bitserial_761
INFO: [VRFC 10-311] analyzing module System_Top_Top_0_0_ALU_bitserial_763
INFO: [VRFC 10-311] analyzing module System_Top_Top_0_0_Array_Main
INFO: [VRFC 10-311] analyzing module System_Top_Top_0_0_Control_FSM
INFO: [VRFC 10-311] analyzing module System_Top_Top_0_0_Control_Unit
INFO: [VRFC 10-311] analyzing module System_Top_Top_0_0_PE_Main
INFO: [VRFC 10-311] analyzing module System_Top_Top_0_0_PE_Main_0
INFO: [VRFC 10-311] analyzing module System_Top_Top_0_0_PE_Main_1
INFO: [VRFC 10-311] analyzing module System_Top_Top_0_0_PE_Main_10
INFO: [VRFC 10-311] analyzing module System_Top_Top_0_0_PE_Main_100
INFO: [VRFC 10-311] analyzing module System_Top_Top_0_0_PE_Main_101
INFO: [VRFC 10-311] analyzing module System_Top_Top_0_0_PE_Main_102
INFO: [VRFC 10-311] analyzing module System_Top_Top_0_0_PE_Main_103
INFO: [VRFC 10-311] analyzing module System_Top_Top_0_0_PE_Main_104
INFO: [VRFC 10-311] analyzing module System_Top_Top_0_0_PE_Main_105
INFO: [VRFC 10-311] analyzing module System_Top_Top_0_0_PE_Main_106
INFO: [VRFC 10-311] analyzing module System_Top_Top_0_0_PE_Main_107
INFO: [VRFC 10-311] analyzing module System_Top_Top_0_0_PE_Main_108
INFO: [VRFC 10-311] analyzing module System_Top_Top_0_0_PE_Main_109
INFO: [VRFC 10-311] analyzing module System_Top_Top_0_0_PE_Main_11
INFO: [VRFC 10-311] analyzing module System_Top_Top_0_0_PE_Main_110
INFO: [VRFC 10-311] analyzing module System_Top_Top_0_0_PE_Main_111
INFO: [VRFC 10-311] analyzing module System_Top_Top_0_0_PE_Main_112
INFO: [VRFC 10-311] analyzing module System_Top_Top_0_0_PE_Main_113
INFO: [VRFC 10-311] analyzing module System_Top_Top_0_0_PE_Main_114
INFO: [VRFC 10-311] analyzing module System_Top_Top_0_0_PE_Main_115
INFO: [VRFC 10-311] analyzing module System_Top_Top_0_0_PE_Main_116
INFO: [VRFC 10-311] analyzing module System_Top_Top_0_0_PE_Main_117
INFO: [VRFC 10-311] analyzing module System_Top_Top_0_0_PE_Main_118
INFO: [VRFC 10-311] analyzing module System_Top_Top_0_0_PE_Main_119
INFO: [VRFC 10-311] analyzing module System_Top_Top_0_0_PE_Main_12
INFO: [VRFC 10-311] analyzing module System_Top_Top_0_0_PE_Main_120
INFO: [VRFC 10-311] analyzing module System_Top_Top_0_0_PE_Main_121
INFO: [VRFC 10-311] analyzing module System_Top_Top_0_0_PE_Main_122
INFO: [VRFC 10-311] analyzing module System_Top_Top_0_0_PE_Main_123
INFO: [VRFC 10-311] analyzing module System_Top_Top_0_0_PE_Main_124
INFO: [VRFC 10-311] analyzing module System_Top_Top_0_0_PE_Main_125
INFO: [VRFC 10-311] analyzing module System_Top_Top_0_0_PE_Main_126
INFO: [VRFC 10-311] analyzing module System_Top_Top_0_0_PE_Main_127
INFO: [VRFC 10-311] analyzing module System_Top_Top_0_0_PE_Main_128
INFO: [VRFC 10-311] analyzing module System_Top_Top_0_0_PE_Main_129
INFO: [VRFC 10-311] analyzing module System_Top_Top_0_0_PE_Main_13
INFO: [VRFC 10-311] analyzing module System_Top_Top_0_0_PE_Main_130
INFO: [VRFC 10-311] analyzing module System_Top_Top_0_0_PE_Main_131
INFO: [VRFC 10-311] analyzing module System_Top_Top_0_0_PE_Main_132
INFO: [VRFC 10-311] analyzing module System_Top_Top_0_0_PE_Main_133
INFO: [VRFC 10-311] analyzing module System_Top_Top_0_0_PE_Main_134
INFO: [VRFC 10-311] analyzing module System_Top_Top_0_0_PE_Main_135
INFO: [VRFC 10-311] analyzing module System_Top_Top_0_0_PE_Main_136
INFO: [VRFC 10-311] analyzing module System_Top_Top_0_0_PE_Main_137
INFO: [VRFC 10-311] analyzing module System_Top_Top_0_0_PE_Main_138
INFO: [VRFC 10-311] analyzing module System_Top_Top_0_0_PE_Main_139
INFO: [VRFC 10-311] analyzing module System_Top_Top_0_0_PE_Main_14
INFO: [VRFC 10-311] analyzing module System_Top_Top_0_0_PE_Main_140
INFO: [VRFC 10-311] analyzing module System_Top_Top_0_0_PE_Main_141
INFO: [VRFC 10-311] analyzing module System_Top_Top_0_0_PE_Main_142
INFO: [VRFC 10-311] analyzing module System_Top_Top_0_0_PE_Main_143
INFO: [VRFC 10-311] analyzing module System_Top_Top_0_0_PE_Main_144
INFO: [VRFC 10-311] analyzing module System_Top_Top_0_0_PE_Main_145
INFO: [VRFC 10-311] analyzing module System_Top_Top_0_0_PE_Main_146
INFO: [VRFC 10-311] analyzing module System_Top_Top_0_0_PE_Main_147
INFO: [VRFC 10-311] analyzing module System_Top_Top_0_0_PE_Main_148
INFO: [VRFC 10-311] analyzing module System_Top_Top_0_0_PE_Main_149
INFO: [VRFC 10-311] analyzing module System_Top_Top_0_0_PE_Main_15
INFO: [VRFC 10-311] analyzing module System_Top_Top_0_0_PE_Main_150
INFO: [VRFC 10-311] analyzing module System_Top_Top_0_0_PE_Main_151
INFO: [VRFC 10-311] analyzing module System_Top_Top_0_0_PE_Main_152
INFO: [VRFC 10-311] analyzing module System_Top_Top_0_0_PE_Main_153
INFO: [VRFC 10-311] analyzing module System_Top_Top_0_0_PE_Main_154
INFO: [VRFC 10-311] analyzing module System_Top_Top_0_0_PE_Main_155
INFO: [VRFC 10-311] analyzing module System_Top_Top_0_0_PE_Main_156
INFO: [VRFC 10-311] analyzing module System_Top_Top_0_0_PE_Main_157
INFO: [VRFC 10-311] analyzing module System_Top_Top_0_0_PE_Main_158
INFO: [VRFC 10-311] analyzing module System_Top_Top_0_0_PE_Main_159
INFO: [VRFC 10-311] analyzing module System_Top_Top_0_0_PE_Main_16
INFO: [VRFC 10-311] analyzing module System_Top_Top_0_0_PE_Main_160
INFO: [VRFC 10-311] analyzing module System_Top_Top_0_0_PE_Main_161
INFO: [VRFC 10-311] analyzing module System_Top_Top_0_0_PE_Main_162
INFO: [VRFC 10-311] analyzing module System_Top_Top_0_0_PE_Main_163
INFO: [VRFC 10-311] analyzing module System_Top_Top_0_0_PE_Main_164
INFO: [VRFC 10-311] analyzing module System_Top_Top_0_0_PE_Main_165
INFO: [VRFC 10-311] analyzing module System_Top_Top_0_0_PE_Main_166
INFO: [VRFC 10-311] analyzing module System_Top_Top_0_0_PE_Main_167
INFO: [VRFC 10-311] analyzing module System_Top_Top_0_0_PE_Main_168
INFO: [VRFC 10-311] analyzing module System_Top_Top_0_0_PE_Main_169
INFO: [VRFC 10-311] analyzing module System_Top_Top_0_0_PE_Main_17
INFO: [VRFC 10-311] analyzing module System_Top_Top_0_0_PE_Main_170
INFO: [VRFC 10-311] analyzing module System_Top_Top_0_0_PE_Main_171
INFO: [VRFC 10-311] analyzing module System_Top_Top_0_0_PE_Main_172
INFO: [VRFC 10-311] analyzing module System_Top_Top_0_0_PE_Main_173
INFO: [VRFC 10-311] analyzing module System_Top_Top_0_0_PE_Main_174
INFO: [VRFC 10-311] analyzing module System_Top_Top_0_0_PE_Main_175
INFO: [VRFC 10-311] analyzing module System_Top_Top_0_0_PE_Main_176
INFO: [VRFC 10-311] analyzing module System_Top_Top_0_0_PE_Main_177
INFO: [VRFC 10-311] analyzing module System_Top_Top_0_0_PE_Main_178
INFO: [VRFC 10-311] analyzing module System_Top_Top_0_0_PE_Main_179
INFO: [VRFC 10-311] analyzing module System_Top_Top_0_0_PE_Main_18
INFO: [VRFC 10-311] analyzing module System_Top_Top_0_0_PE_Main_180
INFO: [VRFC 10-311] analyzing module System_Top_Top_0_0_PE_Main_181
INFO: [VRFC 10-311] analyzing module System_Top_Top_0_0_PE_Main_182
INFO: [VRFC 10-311] analyzing module System_Top_Top_0_0_PE_Main_183
INFO: [VRFC 10-311] analyzing module System_Top_Top_0_0_PE_Main_184
INFO: [VRFC 10-311] analyzing module System_Top_Top_0_0_PE_Main_185
INFO: [VRFC 10-311] analyzing module System_Top_Top_0_0_PE_Main_186
INFO: [VRFC 10-311] analyzing module System_Top_Top_0_0_PE_Main_187
INFO: [VRFC 10-311] analyzing module System_Top_Top_0_0_PE_Main_188
INFO: [VRFC 10-311] analyzing module System_Top_Top_0_0_PE_Main_189
INFO: [VRFC 10-311] analyzing module System_Top_Top_0_0_PE_Main_19
INFO: [VRFC 10-311] analyzing module System_Top_Top_0_0_PE_Main_190
INFO: [VRFC 10-311] analyzing module System_Top_Top_0_0_PE_Main_191
INFO: [VRFC 10-311] analyzing module System_Top_Top_0_0_PE_Main_192
INFO: [VRFC 10-311] analyzing module System_Top_Top_0_0_PE_Main_193
INFO: [VRFC 10-311] analyzing module System_Top_Top_0_0_PE_Main_194
INFO: [VRFC 10-311] analyzing module System_Top_Top_0_0_PE_Main_195
INFO: [VRFC 10-311] analyzing module System_Top_Top_0_0_PE_Main_196
INFO: [VRFC 10-311] analyzing module System_Top_Top_0_0_PE_Main_197
INFO: [VRFC 10-311] analyzing module System_Top_Top_0_0_PE_Main_198
INFO: [VRFC 10-311] analyzing module System_Top_Top_0_0_PE_Main_199
INFO: [VRFC 10-311] analyzing module System_Top_Top_0_0_PE_Main_2
INFO: [VRFC 10-311] analyzing module System_Top_Top_0_0_PE_Main_20
INFO: [VRFC 10-311] analyzing module System_Top_Top_0_0_PE_Main_200
INFO: [VRFC 10-311] analyzing module System_Top_Top_0_0_PE_Main_201
INFO: [VRFC 10-311] analyzing module System_Top_Top_0_0_PE_Main_202
INFO: [VRFC 10-311] analyzing module System_Top_Top_0_0_PE_Main_203
INFO: [VRFC 10-311] analyzing module System_Top_Top_0_0_PE_Main_204
INFO: [VRFC 10-311] analyzing module System_Top_Top_0_0_PE_Main_205
INFO: [VRFC 10-311] analyzing module System_Top_Top_0_0_PE_Main_206
INFO: [VRFC 10-311] analyzing module System_Top_Top_0_0_PE_Main_207
INFO: [VRFC 10-311] analyzing module System_Top_Top_0_0_PE_Main_208
INFO: [VRFC 10-311] analyzing module System_Top_Top_0_0_PE_Main_209
INFO: [VRFC 10-311] analyzing module System_Top_Top_0_0_PE_Main_21
INFO: [VRFC 10-311] analyzing module System_Top_Top_0_0_PE_Main_210
INFO: [VRFC 10-311] analyzing module System_Top_Top_0_0_PE_Main_211
INFO: [VRFC 10-311] analyzing module System_Top_Top_0_0_PE_Main_212
INFO: [VRFC 10-311] analyzing module System_Top_Top_0_0_PE_Main_213
INFO: [VRFC 10-311] analyzing module System_Top_Top_0_0_PE_Main_214
INFO: [VRFC 10-311] analyzing module System_Top_Top_0_0_PE_Main_215
INFO: [VRFC 10-311] analyzing module System_Top_Top_0_0_PE_Main_216
INFO: [VRFC 10-311] analyzing module System_Top_Top_0_0_PE_Main_217
INFO: [VRFC 10-311] analyzing module System_Top_Top_0_0_PE_Main_218
INFO: [VRFC 10-311] analyzing module System_Top_Top_0_0_PE_Main_219
INFO: [VRFC 10-311] analyzing module System_Top_Top_0_0_PE_Main_22
INFO: [VRFC 10-311] analyzing module System_Top_Top_0_0_PE_Main_220
INFO: [VRFC 10-311] analyzing module System_Top_Top_0_0_PE_Main_221
INFO: [VRFC 10-311] analyzing module System_Top_Top_0_0_PE_Main_222
INFO: [VRFC 10-311] analyzing module System_Top_Top_0_0_PE_Main_223
INFO: [VRFC 10-311] analyzing module System_Top_Top_0_0_PE_Main_224
INFO: [VRFC 10-311] analyzing module System_Top_Top_0_0_PE_Main_225
INFO: [VRFC 10-311] analyzing module System_Top_Top_0_0_PE_Main_226
INFO: [VRFC 10-311] analyzing module System_Top_Top_0_0_PE_Main_227
INFO: [VRFC 10-311] analyzing module System_Top_Top_0_0_PE_Main_228
INFO: [VRFC 10-311] analyzing module System_Top_Top_0_0_PE_Main_229
INFO: [VRFC 10-311] analyzing module System_Top_Top_0_0_PE_Main_23
INFO: [VRFC 10-311] analyzing module System_Top_Top_0_0_PE_Main_230
INFO: [VRFC 10-311] analyzing module System_Top_Top_0_0_PE_Main_231
INFO: [VRFC 10-311] analyzing module System_Top_Top_0_0_PE_Main_232
INFO: [VRFC 10-311] analyzing module System_Top_Top_0_0_PE_Main_233
INFO: [VRFC 10-311] analyzing module System_Top_Top_0_0_PE_Main_234
INFO: [VRFC 10-311] analyzing module System_Top_Top_0_0_PE_Main_235
INFO: [VRFC 10-311] analyzing module System_Top_Top_0_0_PE_Main_236
INFO: [VRFC 10-311] analyzing module System_Top_Top_0_0_PE_Main_237
INFO: [VRFC 10-311] analyzing module System_Top_Top_0_0_PE_Main_238
INFO: [VRFC 10-311] analyzing module System_Top_Top_0_0_PE_Main_239
INFO: [VRFC 10-311] analyzing module System_Top_Top_0_0_PE_Main_24
INFO: [VRFC 10-311] analyzing module System_Top_Top_0_0_PE_Main_240
INFO: [VRFC 10-311] analyzing module System_Top_Top_0_0_PE_Main_241
INFO: [VRFC 10-311] analyzing module System_Top_Top_0_0_PE_Main_242
INFO: [VRFC 10-311] analyzing module System_Top_Top_0_0_PE_Main_243
INFO: [VRFC 10-311] analyzing module System_Top_Top_0_0_PE_Main_244
INFO: [VRFC 10-311] analyzing module System_Top_Top_0_0_PE_Main_245
INFO: [VRFC 10-311] analyzing module System_Top_Top_0_0_PE_Main_246
INFO: [VRFC 10-311] analyzing module System_Top_Top_0_0_PE_Main_247
INFO: [VRFC 10-311] analyzing module System_Top_Top_0_0_PE_Main_248
INFO: [VRFC 10-311] analyzing module System_Top_Top_0_0_PE_Main_249
INFO: [VRFC 10-311] analyzing module System_Top_Top_0_0_PE_Main_25
INFO: [VRFC 10-311] analyzing module System_Top_Top_0_0_PE_Main_250
INFO: [VRFC 10-311] analyzing module System_Top_Top_0_0_PE_Main_251
INFO: [VRFC 10-311] analyzing module System_Top_Top_0_0_PE_Main_252
INFO: [VRFC 10-311] analyzing module System_Top_Top_0_0_PE_Main_253
INFO: [VRFC 10-311] analyzing module System_Top_Top_0_0_PE_Main_254
INFO: [VRFC 10-311] analyzing module System_Top_Top_0_0_PE_Main_26
INFO: [VRFC 10-311] analyzing module System_Top_Top_0_0_PE_Main_27
INFO: [VRFC 10-311] analyzing module System_Top_Top_0_0_PE_Main_28
INFO: [VRFC 10-311] analyzing module System_Top_Top_0_0_PE_Main_29
INFO: [VRFC 10-311] analyzing module System_Top_Top_0_0_PE_Main_3
INFO: [VRFC 10-311] analyzing module System_Top_Top_0_0_PE_Main_30
INFO: [VRFC 10-311] analyzing module System_Top_Top_0_0_PE_Main_31
INFO: [VRFC 10-311] analyzing module System_Top_Top_0_0_PE_Main_32
INFO: [VRFC 10-311] analyzing module System_Top_Top_0_0_PE_Main_33
INFO: [VRFC 10-311] analyzing module System_Top_Top_0_0_PE_Main_34
INFO: [VRFC 10-311] analyzing module System_Top_Top_0_0_PE_Main_35
INFO: [VRFC 10-311] analyzing module System_Top_Top_0_0_PE_Main_36
INFO: [VRFC 10-311] analyzing module System_Top_Top_0_0_PE_Main_37
INFO: [VRFC 10-311] analyzing module System_Top_Top_0_0_PE_Main_38
INFO: [VRFC 10-311] analyzing module System_Top_Top_0_0_PE_Main_39
INFO: [VRFC 10-311] analyzing module System_Top_Top_0_0_PE_Main_4
INFO: [VRFC 10-311] analyzing module System_Top_Top_0_0_PE_Main_40
INFO: [VRFC 10-311] analyzing module System_Top_Top_0_0_PE_Main_41
INFO: [VRFC 10-311] analyzing module System_Top_Top_0_0_PE_Main_42
INFO: [VRFC 10-311] analyzing module System_Top_Top_0_0_PE_Main_43
INFO: [VRFC 10-311] analyzing module System_Top_Top_0_0_PE_Main_44
INFO: [VRFC 10-311] analyzing module System_Top_Top_0_0_PE_Main_45
INFO: [VRFC 10-311] analyzing module System_Top_Top_0_0_PE_Main_46
INFO: [VRFC 10-311] analyzing module System_Top_Top_0_0_PE_Main_47
INFO: [VRFC 10-311] analyzing module System_Top_Top_0_0_PE_Main_48
INFO: [VRFC 10-311] analyzing module System_Top_Top_0_0_PE_Main_49
INFO: [VRFC 10-311] analyzing module System_Top_Top_0_0_PE_Main_5
INFO: [VRFC 10-311] analyzing module System_Top_Top_0_0_PE_Main_50
INFO: [VRFC 10-311] analyzing module System_Top_Top_0_0_PE_Main_51
INFO: [VRFC 10-311] analyzing module System_Top_Top_0_0_PE_Main_52
INFO: [VRFC 10-311] analyzing module System_Top_Top_0_0_PE_Main_53
INFO: [VRFC 10-311] analyzing module System_Top_Top_0_0_PE_Main_54
INFO: [VRFC 10-311] analyzing module System_Top_Top_0_0_PE_Main_55
INFO: [VRFC 10-311] analyzing module System_Top_Top_0_0_PE_Main_56
INFO: [VRFC 10-311] analyzing module System_Top_Top_0_0_PE_Main_57
INFO: [VRFC 10-311] analyzing module System_Top_Top_0_0_PE_Main_58
INFO: [VRFC 10-311] analyzing module System_Top_Top_0_0_PE_Main_59
INFO: [VRFC 10-311] analyzing module System_Top_Top_0_0_PE_Main_6
INFO: [VRFC 10-311] analyzing module System_Top_Top_0_0_PE_Main_60
INFO: [VRFC 10-311] analyzing module System_Top_Top_0_0_PE_Main_61
INFO: [VRFC 10-311] analyzing module System_Top_Top_0_0_PE_Main_62
INFO: [VRFC 10-311] analyzing module System_Top_Top_0_0_PE_Main_63
INFO: [VRFC 10-311] analyzing module System_Top_Top_0_0_PE_Main_64
INFO: [VRFC 10-311] analyzing module System_Top_Top_0_0_PE_Main_65
INFO: [VRFC 10-311] analyzing module System_Top_Top_0_0_PE_Main_66
INFO: [VRFC 10-311] analyzing module System_Top_Top_0_0_PE_Main_67
INFO: [VRFC 10-311] analyzing module System_Top_Top_0_0_PE_Main_68
INFO: [VRFC 10-311] analyzing module System_Top_Top_0_0_PE_Main_69
INFO: [VRFC 10-311] analyzing module System_Top_Top_0_0_PE_Main_7
INFO: [VRFC 10-311] analyzing module System_Top_Top_0_0_PE_Main_70
INFO: [VRFC 10-311] analyzing module System_Top_Top_0_0_PE_Main_71
INFO: [VRFC 10-311] analyzing module System_Top_Top_0_0_PE_Main_72
INFO: [VRFC 10-311] analyzing module System_Top_Top_0_0_PE_Main_73
INFO: [VRFC 10-311] analyzing module System_Top_Top_0_0_PE_Main_74
INFO: [VRFC 10-311] analyzing module System_Top_Top_0_0_PE_Main_75
INFO: [VRFC 10-311] analyzing module System_Top_Top_0_0_PE_Main_76
INFO: [VRFC 10-311] analyzing module System_Top_Top_0_0_PE_Main_77
INFO: [VRFC 10-311] analyzing module System_Top_Top_0_0_PE_Main_78
INFO: [VRFC 10-311] analyzing module System_Top_Top_0_0_PE_Main_79
INFO: [VRFC 10-311] analyzing module System_Top_Top_0_0_PE_Main_8
INFO: [VRFC 10-311] analyzing module System_Top_Top_0_0_PE_Main_80
INFO: [VRFC 10-311] analyzing module System_Top_Top_0_0_PE_Main_81
INFO: [VRFC 10-311] analyzing module System_Top_Top_0_0_PE_Main_82
INFO: [VRFC 10-311] analyzing module System_Top_Top_0_0_PE_Main_83
INFO: [VRFC 10-311] analyzing module System_Top_Top_0_0_PE_Main_84
INFO: [VRFC 10-311] analyzing module System_Top_Top_0_0_PE_Main_85
INFO: [VRFC 10-311] analyzing module System_Top_Top_0_0_PE_Main_86
INFO: [VRFC 10-311] analyzing module System_Top_Top_0_0_PE_Main_87
INFO: [VRFC 10-311] analyzing module System_Top_Top_0_0_PE_Main_88
INFO: [VRFC 10-311] analyzing module System_Top_Top_0_0_PE_Main_89
INFO: [VRFC 10-311] analyzing module System_Top_Top_0_0_PE_Main_9
INFO: [VRFC 10-311] analyzing module System_Top_Top_0_0_PE_Main_90
INFO: [VRFC 10-311] analyzing module System_Top_Top_0_0_PE_Main_91
INFO: [VRFC 10-311] analyzing module System_Top_Top_0_0_PE_Main_92
INFO: [VRFC 10-311] analyzing module System_Top_Top_0_0_PE_Main_93
INFO: [VRFC 10-311] analyzing module System_Top_Top_0_0_PE_Main_94
INFO: [VRFC 10-311] analyzing module System_Top_Top_0_0_PE_Main_95
INFO: [VRFC 10-311] analyzing module System_Top_Top_0_0_PE_Main_96
INFO: [VRFC 10-311] analyzing module System_Top_Top_0_0_PE_Main_97
INFO: [VRFC 10-311] analyzing module System_Top_Top_0_0_PE_Main_98
INFO: [VRFC 10-311] analyzing module System_Top_Top_0_0_PE_Main_99
INFO: [VRFC 10-311] analyzing module System_Top_Top_0_0_Register_File
INFO: [VRFC 10-311] analyzing module System_Top_Top_0_0_Register_File_256
INFO: [VRFC 10-311] analyzing module System_Top_Top_0_0_Register_File_258
INFO: [VRFC 10-311] analyzing module System_Top_Top_0_0_Register_File_260
INFO: [VRFC 10-311] analyzing module System_Top_Top_0_0_Register_File_262
INFO: [VRFC 10-311] analyzing module System_Top_Top_0_0_Register_File_264
INFO: [VRFC 10-311] analyzing module System_Top_Top_0_0_Register_File_266
INFO: [VRFC 10-311] analyzing module System_Top_Top_0_0_Register_File_268
INFO: [VRFC 10-311] analyzing module System_Top_Top_0_0_Register_File_270
INFO: [VRFC 10-311] analyzing module System_Top_Top_0_0_Register_File_272
INFO: [VRFC 10-311] analyzing module System_Top_Top_0_0_Register_File_274
INFO: [VRFC 10-311] analyzing module System_Top_Top_0_0_Register_File_276
INFO: [VRFC 10-311] analyzing module System_Top_Top_0_0_Register_File_278
INFO: [VRFC 10-311] analyzing module System_Top_Top_0_0_Register_File_280
INFO: [VRFC 10-311] analyzing module System_Top_Top_0_0_Register_File_282
INFO: [VRFC 10-311] analyzing module System_Top_Top_0_0_Register_File_284
INFO: [VRFC 10-311] analyzing module System_Top_Top_0_0_Register_File_286
INFO: [VRFC 10-311] analyzing module System_Top_Top_0_0_Register_File_288
INFO: [VRFC 10-311] analyzing module System_Top_Top_0_0_Register_File_290
INFO: [VRFC 10-311] analyzing module System_Top_Top_0_0_Register_File_292
INFO: [VRFC 10-311] analyzing module System_Top_Top_0_0_Register_File_294
INFO: [VRFC 10-311] analyzing module System_Top_Top_0_0_Register_File_296
INFO: [VRFC 10-311] analyzing module System_Top_Top_0_0_Register_File_298
INFO: [VRFC 10-311] analyzing module System_Top_Top_0_0_Register_File_300
INFO: [VRFC 10-311] analyzing module System_Top_Top_0_0_Register_File_302
INFO: [VRFC 10-311] analyzing module System_Top_Top_0_0_Register_File_304
INFO: [VRFC 10-311] analyzing module System_Top_Top_0_0_Register_File_306
INFO: [VRFC 10-311] analyzing module System_Top_Top_0_0_Register_File_308
INFO: [VRFC 10-311] analyzing module System_Top_Top_0_0_Register_File_310
INFO: [VRFC 10-311] analyzing module System_Top_Top_0_0_Register_File_312
INFO: [VRFC 10-311] analyzing module System_Top_Top_0_0_Register_File_314
INFO: [VRFC 10-311] analyzing module System_Top_Top_0_0_Register_File_316
INFO: [VRFC 10-311] analyzing module System_Top_Top_0_0_Register_File_318
INFO: [VRFC 10-311] analyzing module System_Top_Top_0_0_Register_File_320
INFO: [VRFC 10-311] analyzing module System_Top_Top_0_0_Register_File_322
INFO: [VRFC 10-311] analyzing module System_Top_Top_0_0_Register_File_324
INFO: [VRFC 10-311] analyzing module System_Top_Top_0_0_Register_File_326
INFO: [VRFC 10-311] analyzing module System_Top_Top_0_0_Register_File_328
INFO: [VRFC 10-311] analyzing module System_Top_Top_0_0_Register_File_330
INFO: [VRFC 10-311] analyzing module System_Top_Top_0_0_Register_File_332
INFO: [VRFC 10-311] analyzing module System_Top_Top_0_0_Register_File_334
INFO: [VRFC 10-311] analyzing module System_Top_Top_0_0_Register_File_336
INFO: [VRFC 10-311] analyzing module System_Top_Top_0_0_Register_File_338
INFO: [VRFC 10-311] analyzing module System_Top_Top_0_0_Register_File_340
INFO: [VRFC 10-311] analyzing module System_Top_Top_0_0_Register_File_342
INFO: [VRFC 10-311] analyzing module System_Top_Top_0_0_Register_File_344
INFO: [VRFC 10-311] analyzing module System_Top_Top_0_0_Register_File_346
INFO: [VRFC 10-311] analyzing module System_Top_Top_0_0_Register_File_348
INFO: [VRFC 10-311] analyzing module System_Top_Top_0_0_Register_File_350
INFO: [VRFC 10-311] analyzing module System_Top_Top_0_0_Register_File_352
INFO: [VRFC 10-311] analyzing module System_Top_Top_0_0_Register_File_354
INFO: [VRFC 10-311] analyzing module System_Top_Top_0_0_Register_File_356
INFO: [VRFC 10-311] analyzing module System_Top_Top_0_0_Register_File_358
INFO: [VRFC 10-311] analyzing module System_Top_Top_0_0_Register_File_360
INFO: [VRFC 10-311] analyzing module System_Top_Top_0_0_Register_File_362
INFO: [VRFC 10-311] analyzing module System_Top_Top_0_0_Register_File_364
INFO: [VRFC 10-311] analyzing module System_Top_Top_0_0_Register_File_366
INFO: [VRFC 10-311] analyzing module System_Top_Top_0_0_Register_File_368
INFO: [VRFC 10-311] analyzing module System_Top_Top_0_0_Register_File_370
INFO: [VRFC 10-311] analyzing module System_Top_Top_0_0_Register_File_372
INFO: [VRFC 10-311] analyzing module System_Top_Top_0_0_Register_File_374
INFO: [VRFC 10-311] analyzing module System_Top_Top_0_0_Register_File_376
INFO: [VRFC 10-311] analyzing module System_Top_Top_0_0_Register_File_378
INFO: [VRFC 10-311] analyzing module System_Top_Top_0_0_Register_File_380
INFO: [VRFC 10-311] analyzing module System_Top_Top_0_0_Register_File_382
INFO: [VRFC 10-311] analyzing module System_Top_Top_0_0_Register_File_384
INFO: [VRFC 10-311] analyzing module System_Top_Top_0_0_Register_File_386
INFO: [VRFC 10-311] analyzing module System_Top_Top_0_0_Register_File_388
INFO: [VRFC 10-311] analyzing module System_Top_Top_0_0_Register_File_390
INFO: [VRFC 10-311] analyzing module System_Top_Top_0_0_Register_File_392
INFO: [VRFC 10-311] analyzing module System_Top_Top_0_0_Register_File_394
INFO: [VRFC 10-311] analyzing module System_Top_Top_0_0_Register_File_396
INFO: [VRFC 10-311] analyzing module System_Top_Top_0_0_Register_File_398
INFO: [VRFC 10-311] analyzing module System_Top_Top_0_0_Register_File_400
INFO: [VRFC 10-311] analyzing module System_Top_Top_0_0_Register_File_402
INFO: [VRFC 10-311] analyzing module System_Top_Top_0_0_Register_File_404
INFO: [VRFC 10-311] analyzing module System_Top_Top_0_0_Register_File_406
INFO: [VRFC 10-311] analyzing module System_Top_Top_0_0_Register_File_408
INFO: [VRFC 10-311] analyzing module System_Top_Top_0_0_Register_File_410
INFO: [VRFC 10-311] analyzing module System_Top_Top_0_0_Register_File_412
INFO: [VRFC 10-311] analyzing module System_Top_Top_0_0_Register_File_414
INFO: [VRFC 10-311] analyzing module System_Top_Top_0_0_Register_File_416
INFO: [VRFC 10-311] analyzing module System_Top_Top_0_0_Register_File_418
INFO: [VRFC 10-311] analyzing module System_Top_Top_0_0_Register_File_420
INFO: [VRFC 10-311] analyzing module System_Top_Top_0_0_Register_File_422
INFO: [VRFC 10-311] analyzing module System_Top_Top_0_0_Register_File_424
INFO: [VRFC 10-311] analyzing module System_Top_Top_0_0_Register_File_426
INFO: [VRFC 10-311] analyzing module System_Top_Top_0_0_Register_File_428
INFO: [VRFC 10-311] analyzing module System_Top_Top_0_0_Register_File_430
INFO: [VRFC 10-311] analyzing module System_Top_Top_0_0_Register_File_432
INFO: [VRFC 10-311] analyzing module System_Top_Top_0_0_Register_File_434
INFO: [VRFC 10-311] analyzing module System_Top_Top_0_0_Register_File_436
INFO: [VRFC 10-311] analyzing module System_Top_Top_0_0_Register_File_438
INFO: [VRFC 10-311] analyzing module System_Top_Top_0_0_Register_File_440
INFO: [VRFC 10-311] analyzing module System_Top_Top_0_0_Register_File_442
INFO: [VRFC 10-311] analyzing module System_Top_Top_0_0_Register_File_444
INFO: [VRFC 10-311] analyzing module System_Top_Top_0_0_Register_File_446
INFO: [VRFC 10-311] analyzing module System_Top_Top_0_0_Register_File_448
INFO: [VRFC 10-311] analyzing module System_Top_Top_0_0_Register_File_450
INFO: [VRFC 10-311] analyzing module System_Top_Top_0_0_Register_File_452
INFO: [VRFC 10-311] analyzing module System_Top_Top_0_0_Register_File_454
INFO: [VRFC 10-311] analyzing module System_Top_Top_0_0_Register_File_456
INFO: [VRFC 10-311] analyzing module System_Top_Top_0_0_Register_File_458
INFO: [VRFC 10-311] analyzing module System_Top_Top_0_0_Register_File_460
INFO: [VRFC 10-311] analyzing module System_Top_Top_0_0_Register_File_462
INFO: [VRFC 10-311] analyzing module System_Top_Top_0_0_Register_File_464
INFO: [VRFC 10-311] analyzing module System_Top_Top_0_0_Register_File_466
INFO: [VRFC 10-311] analyzing module System_Top_Top_0_0_Register_File_468
INFO: [VRFC 10-311] analyzing module System_Top_Top_0_0_Register_File_470
INFO: [VRFC 10-311] analyzing module System_Top_Top_0_0_Register_File_472
INFO: [VRFC 10-311] analyzing module System_Top_Top_0_0_Register_File_474
INFO: [VRFC 10-311] analyzing module System_Top_Top_0_0_Register_File_476
INFO: [VRFC 10-311] analyzing module System_Top_Top_0_0_Register_File_478
INFO: [VRFC 10-311] analyzing module System_Top_Top_0_0_Register_File_480
INFO: [VRFC 10-311] analyzing module System_Top_Top_0_0_Register_File_482
INFO: [VRFC 10-311] analyzing module System_Top_Top_0_0_Register_File_484
INFO: [VRFC 10-311] analyzing module System_Top_Top_0_0_Register_File_486
INFO: [VRFC 10-311] analyzing module System_Top_Top_0_0_Register_File_488
INFO: [VRFC 10-311] analyzing module System_Top_Top_0_0_Register_File_490
INFO: [VRFC 10-311] analyzing module System_Top_Top_0_0_Register_File_492
INFO: [VRFC 10-311] analyzing module System_Top_Top_0_0_Register_File_494
INFO: [VRFC 10-311] analyzing module System_Top_Top_0_0_Register_File_496
INFO: [VRFC 10-311] analyzing module System_Top_Top_0_0_Register_File_498
INFO: [VRFC 10-311] analyzing module System_Top_Top_0_0_Register_File_500
INFO: [VRFC 10-311] analyzing module System_Top_Top_0_0_Register_File_502
INFO: [VRFC 10-311] analyzing module System_Top_Top_0_0_Register_File_504
INFO: [VRFC 10-311] analyzing module System_Top_Top_0_0_Register_File_506
INFO: [VRFC 10-311] analyzing module System_Top_Top_0_0_Register_File_508
INFO: [VRFC 10-311] analyzing module System_Top_Top_0_0_Register_File_510
INFO: [VRFC 10-311] analyzing module System_Top_Top_0_0_Register_File_512
INFO: [VRFC 10-311] analyzing module System_Top_Top_0_0_Register_File_514
INFO: [VRFC 10-311] analyzing module System_Top_Top_0_0_Register_File_516
INFO: [VRFC 10-311] analyzing module System_Top_Top_0_0_Register_File_518
INFO: [VRFC 10-311] analyzing module System_Top_Top_0_0_Register_File_520
INFO: [VRFC 10-311] analyzing module System_Top_Top_0_0_Register_File_522
INFO: [VRFC 10-311] analyzing module System_Top_Top_0_0_Register_File_524
INFO: [VRFC 10-311] analyzing module System_Top_Top_0_0_Register_File_526
INFO: [VRFC 10-311] analyzing module System_Top_Top_0_0_Register_File_528
INFO: [VRFC 10-311] analyzing module System_Top_Top_0_0_Register_File_530
INFO: [VRFC 10-311] analyzing module System_Top_Top_0_0_Register_File_532
INFO: [VRFC 10-311] analyzing module System_Top_Top_0_0_Register_File_534
INFO: [VRFC 10-311] analyzing module System_Top_Top_0_0_Register_File_536
INFO: [VRFC 10-311] analyzing module System_Top_Top_0_0_Register_File_538
INFO: [VRFC 10-311] analyzing module System_Top_Top_0_0_Register_File_540
INFO: [VRFC 10-311] analyzing module System_Top_Top_0_0_Register_File_542
INFO: [VRFC 10-311] analyzing module System_Top_Top_0_0_Register_File_544
INFO: [VRFC 10-311] analyzing module System_Top_Top_0_0_Register_File_546
INFO: [VRFC 10-311] analyzing module System_Top_Top_0_0_Register_File_548
INFO: [VRFC 10-311] analyzing module System_Top_Top_0_0_Register_File_550
INFO: [VRFC 10-311] analyzing module System_Top_Top_0_0_Register_File_552
INFO: [VRFC 10-311] analyzing module System_Top_Top_0_0_Register_File_554
INFO: [VRFC 10-311] analyzing module System_Top_Top_0_0_Register_File_556
INFO: [VRFC 10-311] analyzing module System_Top_Top_0_0_Register_File_558
INFO: [VRFC 10-311] analyzing module System_Top_Top_0_0_Register_File_560
INFO: [VRFC 10-311] analyzing module System_Top_Top_0_0_Register_File_562
INFO: [VRFC 10-311] analyzing module System_Top_Top_0_0_Register_File_564
INFO: [VRFC 10-311] analyzing module System_Top_Top_0_0_Register_File_566
INFO: [VRFC 10-311] analyzing module System_Top_Top_0_0_Register_File_568
INFO: [VRFC 10-311] analyzing module System_Top_Top_0_0_Register_File_570
INFO: [VRFC 10-311] analyzing module System_Top_Top_0_0_Register_File_572
INFO: [VRFC 10-311] analyzing module System_Top_Top_0_0_Register_File_574
INFO: [VRFC 10-311] analyzing module System_Top_Top_0_0_Register_File_576
INFO: [VRFC 10-311] analyzing module System_Top_Top_0_0_Register_File_578
INFO: [VRFC 10-311] analyzing module System_Top_Top_0_0_Register_File_580
INFO: [VRFC 10-311] analyzing module System_Top_Top_0_0_Register_File_582
INFO: [VRFC 10-311] analyzing module System_Top_Top_0_0_Register_File_584
INFO: [VRFC 10-311] analyzing module System_Top_Top_0_0_Register_File_586
INFO: [VRFC 10-311] analyzing module System_Top_Top_0_0_Register_File_588
INFO: [VRFC 10-311] analyzing module System_Top_Top_0_0_Register_File_590
INFO: [VRFC 10-311] analyzing module System_Top_Top_0_0_Register_File_592
INFO: [VRFC 10-311] analyzing module System_Top_Top_0_0_Register_File_594
INFO: [VRFC 10-311] analyzing module System_Top_Top_0_0_Register_File_596
INFO: [VRFC 10-311] analyzing module System_Top_Top_0_0_Register_File_598
INFO: [VRFC 10-311] analyzing module System_Top_Top_0_0_Register_File_600
INFO: [VRFC 10-311] analyzing module System_Top_Top_0_0_Register_File_602
INFO: [VRFC 10-311] analyzing module System_Top_Top_0_0_Register_File_604
INFO: [VRFC 10-311] analyzing module System_Top_Top_0_0_Register_File_606
INFO: [VRFC 10-311] analyzing module System_Top_Top_0_0_Register_File_608
INFO: [VRFC 10-311] analyzing module System_Top_Top_0_0_Register_File_610
INFO: [VRFC 10-311] analyzing module System_Top_Top_0_0_Register_File_612
INFO: [VRFC 10-311] analyzing module System_Top_Top_0_0_Register_File_614
INFO: [VRFC 10-311] analyzing module System_Top_Top_0_0_Register_File_616
INFO: [VRFC 10-311] analyzing module System_Top_Top_0_0_Register_File_618
INFO: [VRFC 10-311] analyzing module System_Top_Top_0_0_Register_File_620
INFO: [VRFC 10-311] analyzing module System_Top_Top_0_0_Register_File_622
INFO: [VRFC 10-311] analyzing module System_Top_Top_0_0_Register_File_624
INFO: [VRFC 10-311] analyzing module System_Top_Top_0_0_Register_File_626
INFO: [VRFC 10-311] analyzing module System_Top_Top_0_0_Register_File_628
INFO: [VRFC 10-311] analyzing module System_Top_Top_0_0_Register_File_630
INFO: [VRFC 10-311] analyzing module System_Top_Top_0_0_Register_File_632
INFO: [VRFC 10-311] analyzing module System_Top_Top_0_0_Register_File_634
INFO: [VRFC 10-311] analyzing module System_Top_Top_0_0_Register_File_636
INFO: [VRFC 10-311] analyzing module System_Top_Top_0_0_Register_File_638
INFO: [VRFC 10-311] analyzing module System_Top_Top_0_0_Register_File_640
INFO: [VRFC 10-311] analyzing module System_Top_Top_0_0_Register_File_642
INFO: [VRFC 10-311] analyzing module System_Top_Top_0_0_Register_File_644
INFO: [VRFC 10-311] analyzing module System_Top_Top_0_0_Register_File_646
INFO: [VRFC 10-311] analyzing module System_Top_Top_0_0_Register_File_648
INFO: [VRFC 10-311] analyzing module System_Top_Top_0_0_Register_File_650
INFO: [VRFC 10-311] analyzing module System_Top_Top_0_0_Register_File_652
INFO: [VRFC 10-311] analyzing module System_Top_Top_0_0_Register_File_654
INFO: [VRFC 10-311] analyzing module System_Top_Top_0_0_Register_File_656
INFO: [VRFC 10-311] analyzing module System_Top_Top_0_0_Register_File_658
INFO: [VRFC 10-311] analyzing module System_Top_Top_0_0_Register_File_660
INFO: [VRFC 10-311] analyzing module System_Top_Top_0_0_Register_File_662
INFO: [VRFC 10-311] analyzing module System_Top_Top_0_0_Register_File_664
INFO: [VRFC 10-311] analyzing module System_Top_Top_0_0_Register_File_666
INFO: [VRFC 10-311] analyzing module System_Top_Top_0_0_Register_File_668
INFO: [VRFC 10-311] analyzing module System_Top_Top_0_0_Register_File_670
INFO: [VRFC 10-311] analyzing module System_Top_Top_0_0_Register_File_672
INFO: [VRFC 10-311] analyzing module System_Top_Top_0_0_Register_File_674
INFO: [VRFC 10-311] analyzing module System_Top_Top_0_0_Register_File_676
INFO: [VRFC 10-311] analyzing module System_Top_Top_0_0_Register_File_678
INFO: [VRFC 10-311] analyzing module System_Top_Top_0_0_Register_File_680
INFO: [VRFC 10-311] analyzing module System_Top_Top_0_0_Register_File_682
INFO: [VRFC 10-311] analyzing module System_Top_Top_0_0_Register_File_684
INFO: [VRFC 10-311] analyzing module System_Top_Top_0_0_Register_File_686
INFO: [VRFC 10-311] analyzing module System_Top_Top_0_0_Register_File_688
INFO: [VRFC 10-311] analyzing module System_Top_Top_0_0_Register_File_690
INFO: [VRFC 10-311] analyzing module System_Top_Top_0_0_Register_File_692
INFO: [VRFC 10-311] analyzing module System_Top_Top_0_0_Register_File_694
INFO: [VRFC 10-311] analyzing module System_Top_Top_0_0_Register_File_696
INFO: [VRFC 10-311] analyzing module System_Top_Top_0_0_Register_File_698
INFO: [VRFC 10-311] analyzing module System_Top_Top_0_0_Register_File_700
INFO: [VRFC 10-311] analyzing module System_Top_Top_0_0_Register_File_702
INFO: [VRFC 10-311] analyzing module System_Top_Top_0_0_Register_File_704
INFO: [VRFC 10-311] analyzing module System_Top_Top_0_0_Register_File_706
INFO: [VRFC 10-311] analyzing module System_Top_Top_0_0_Register_File_708
INFO: [VRFC 10-311] analyzing module System_Top_Top_0_0_Register_File_710
INFO: [VRFC 10-311] analyzing module System_Top_Top_0_0_Register_File_712
INFO: [VRFC 10-311] analyzing module System_Top_Top_0_0_Register_File_714
INFO: [VRFC 10-311] analyzing module System_Top_Top_0_0_Register_File_716
INFO: [VRFC 10-311] analyzing module System_Top_Top_0_0_Register_File_718
INFO: [VRFC 10-311] analyzing module System_Top_Top_0_0_Register_File_720
INFO: [VRFC 10-311] analyzing module System_Top_Top_0_0_Register_File_722
INFO: [VRFC 10-311] analyzing module System_Top_Top_0_0_Register_File_724
INFO: [VRFC 10-311] analyzing module System_Top_Top_0_0_Register_File_726
INFO: [VRFC 10-311] analyzing module System_Top_Top_0_0_Register_File_728
INFO: [VRFC 10-311] analyzing module System_Top_Top_0_0_Register_File_730
INFO: [VRFC 10-311] analyzing module System_Top_Top_0_0_Register_File_732
INFO: [VRFC 10-311] analyzing module System_Top_Top_0_0_Register_File_734
INFO: [VRFC 10-311] analyzing module System_Top_Top_0_0_Register_File_736
INFO: [VRFC 10-311] analyzing module System_Top_Top_0_0_Register_File_738
INFO: [VRFC 10-311] analyzing module System_Top_Top_0_0_Register_File_740
INFO: [VRFC 10-311] analyzing module System_Top_Top_0_0_Register_File_742
INFO: [VRFC 10-311] analyzing module System_Top_Top_0_0_Register_File_744
INFO: [VRFC 10-311] analyzing module System_Top_Top_0_0_Register_File_746
INFO: [VRFC 10-311] analyzing module System_Top_Top_0_0_Register_File_748
INFO: [VRFC 10-311] analyzing module System_Top_Top_0_0_Register_File_750
INFO: [VRFC 10-311] analyzing module System_Top_Top_0_0_Register_File_752
INFO: [VRFC 10-311] analyzing module System_Top_Top_0_0_Register_File_754
INFO: [VRFC 10-311] analyzing module System_Top_Top_0_0_Register_File_756
INFO: [VRFC 10-311] analyzing module System_Top_Top_0_0_Register_File_758
INFO: [VRFC 10-311] analyzing module System_Top_Top_0_0_Register_File_760
INFO: [VRFC 10-311] analyzing module System_Top_Top_0_0_Register_File_762
INFO: [VRFC 10-311] analyzing module System_Top_Top_0_0_Register_File_764
INFO: [VRFC 10-311] analyzing module System_Top_Top_0_0_Top
INFO: [VRFC 10-311] analyzing module System_Top_axi_bram_ctrl_0_0
INFO: [VRFC 10-311] analyzing module System_Top_axi_bram_ctrl_0_0_axi_bram_ctrl
INFO: [VRFC 10-311] analyzing module System_Top_axi_bram_ctrl_0_0_axi_bram_ctrl_top
INFO: [VRFC 10-311] analyzing module System_Top_axi_bram_ctrl_0_0_full_axi
INFO: [VRFC 10-311] analyzing module System_Top_axi_bram_ctrl_0_0_rd_chnl
INFO: [VRFC 10-311] analyzing module System_Top_axi_bram_ctrl_0_0_sng_port_arb
INFO: [VRFC 10-311] analyzing module System_Top_axi_bram_ctrl_0_0_wr_chnl
INFO: [VRFC 10-311] analyzing module System_Top_axi_bram_ctrl_0_0_wrap_brst
INFO: [VRFC 10-311] analyzing module System_Top_axi_bram_ctrl_0_0_wrap_brst_0
INFO: [VRFC 10-311] analyzing module System_Top_blk_mem_gen_0_0
INFO: [VRFC 10-311] analyzing module System_Top_proc_sys_reset_0_0
INFO: [VRFC 10-311] analyzing module System_Top_proc_sys_reset_0_0_lpf
INFO: [VRFC 10-311] analyzing module System_Top_proc_sys_reset_0_0_proc_sys_reset
INFO: [VRFC 10-311] analyzing module System_Top_proc_sys_reset_0_0_sequence_psr
INFO: [VRFC 10-311] analyzing module System_Top_proc_sys_reset_0_0_upcnt_n
INFO: [VRFC 10-311] analyzing module System_Top_proc_sys_reset_0_0_xpm_cdc_single
INFO: [VRFC 10-311] analyzing module System_Top_proc_sys_reset_0_0_xpm_cdc_single__1
INFO: [VRFC 10-311] analyzing module System_Top_processing_system7_0_0
INFO: [VRFC 10-311] analyzing module System_Top_processing_system7_0_0_processing_system7_v5_5_processing_system7
INFO: [VRFC 10-311] analyzing module System_Top_smartconnect_0_0
INFO: [VRFC 10-311] analyzing module System_Top_smartconnect_0_0_bd_a752
INFO: [VRFC 10-311] analyzing module System_Top_smartconnect_0_0_bd_a752_arsw_0
INFO: [VRFC 10-311] analyzing module System_Top_smartconnect_0_0_bd_a752_awsw_0
INFO: [VRFC 10-311] analyzing module System_Top_smartconnect_0_0_bd_a752_bsw_0
INFO: [VRFC 10-311] analyzing module System_Top_smartconnect_0_0_bd_a752_m00arn_0
INFO: [VRFC 10-311] analyzing module System_Top_smartconnect_0_0_bd_a752_m00awn_0
INFO: [VRFC 10-311] analyzing module System_Top_smartconnect_0_0_bd_a752_m00bn_0
INFO: [VRFC 10-311] analyzing module System_Top_smartconnect_0_0_bd_a752_m00e_0
INFO: [VRFC 10-311] analyzing module System_Top_smartconnect_0_0_bd_a752_m00rn_0
INFO: [VRFC 10-311] analyzing module System_Top_smartconnect_0_0_bd_a752_m00s2a_0
INFO: [VRFC 10-311] analyzing module System_Top_smartconnect_0_0_bd_a752_m00wn_0
INFO: [VRFC 10-311] analyzing module System_Top_smartconnect_0_0_bd_a752_m01arn_0
INFO: [VRFC 10-311] analyzing module System_Top_smartconnect_0_0_bd_a752_m01awn_0
INFO: [VRFC 10-311] analyzing module System_Top_smartconnect_0_0_bd_a752_m01bn_0
INFO: [VRFC 10-311] analyzing module System_Top_smartconnect_0_0_bd_a752_m01e_0
INFO: [VRFC 10-311] analyzing module System_Top_smartconnect_0_0_bd_a752_m01rn_0
INFO: [VRFC 10-311] analyzing module System_Top_smartconnect_0_0_bd_a752_m01s2a_0
INFO: [VRFC 10-311] analyzing module System_Top_smartconnect_0_0_bd_a752_m01wn_0
INFO: [VRFC 10-311] analyzing module System_Top_smartconnect_0_0_bd_a752_psr_aclk_0
INFO: [VRFC 10-311] analyzing module System_Top_smartconnect_0_0_bd_a752_rsw_0
INFO: [VRFC 10-311] analyzing module System_Top_smartconnect_0_0_bd_a752_s00a2s_0
INFO: [VRFC 10-311] analyzing module System_Top_smartconnect_0_0_bd_a752_s00mmu_0
INFO: [VRFC 10-311] analyzing module System_Top_smartconnect_0_0_bd_a752_s00sic_0
INFO: [VRFC 10-311] analyzing module System_Top_smartconnect_0_0_bd_a752_s00tr_0
INFO: [VRFC 10-311] analyzing module System_Top_smartconnect_0_0_bd_a752_sarn_0
INFO: [VRFC 10-311] analyzing module System_Top_smartconnect_0_0_bd_a752_sawn_0
INFO: [VRFC 10-311] analyzing module System_Top_smartconnect_0_0_bd_a752_sbn_0
INFO: [VRFC 10-311] analyzing module System_Top_smartconnect_0_0_bd_a752_srn_0
INFO: [VRFC 10-311] analyzing module System_Top_smartconnect_0_0_bd_a752_swn_0
INFO: [VRFC 10-311] analyzing module System_Top_smartconnect_0_0_bd_a752_wsw_0
INFO: [VRFC 10-311] analyzing module System_Top_smartconnect_0_0_clk_map_imp_1R8N6M7
INFO: [VRFC 10-311] analyzing module System_Top_smartconnect_0_0_lpf
INFO: [VRFC 10-311] analyzing module System_Top_smartconnect_0_0_m00_exit_pipeline_imp_7KDOTG
INFO: [VRFC 10-311] analyzing module System_Top_smartconnect_0_0_m00_nodes_imp_KXL7T4
INFO: [VRFC 10-311] analyzing module System_Top_smartconnect_0_0_m01_exit_pipeline_imp_3G3RJ8
INFO: [VRFC 10-311] analyzing module System_Top_smartconnect_0_0_m01_nodes_imp_1NIII7Y
INFO: [VRFC 10-311] analyzing module System_Top_smartconnect_0_0_proc_sys_reset
INFO: [VRFC 10-311] analyzing module System_Top_smartconnect_0_0_s00_entry_pipeline_imp_16AJNC7
INFO: [VRFC 10-311] analyzing module System_Top_smartconnect_0_0_s00_nodes_imp_13CP33X
INFO: [VRFC 10-311] analyzing module System_Top_smartconnect_0_0_sequence_psr
INFO: [VRFC 10-311] analyzing module System_Top_smartconnect_0_0_switchboards_imp_1RUT33D
INFO: [VRFC 10-311] analyzing module System_Top_smartconnect_0_0_upcnt_n
INFO: [VRFC 10-311] analyzing module System_Top_smartconnect_0_0_xpm_cdc_single
INFO: [VRFC 10-311] analyzing module System_Top_smartconnect_0_0_xpm_cdc_single__1
INFO: [VRFC 10-311] analyzing module System_Top_wrapper
INFO: [VRFC 10-311] analyzing module System_Top_smartconnect_0_0_xpm_cdc_async_rst__1
INFO: [VRFC 10-311] analyzing module System_Top_smartconnect_0_0_xpm_cdc_async_rst__10
INFO: [VRFC 10-311] analyzing module System_Top_smartconnect_0_0_xpm_cdc_async_rst__12
INFO: [VRFC 10-311] analyzing module System_Top_smartconnect_0_0_xpm_cdc_async_rst__14
INFO: [VRFC 10-311] analyzing module System_Top_smartconnect_0_0_xpm_cdc_async_rst__16
INFO: [VRFC 10-311] analyzing module System_Top_smartconnect_0_0_xpm_cdc_async_rst__18
INFO: [VRFC 10-311] analyzing module System_Top_smartconnect_0_0_xpm_cdc_async_rst__2
INFO: [VRFC 10-311] analyzing module System_Top_smartconnect_0_0_xpm_cdc_async_rst__20
INFO: [VRFC 10-311] analyzing module System_Top_smartconnect_0_0_xpm_cdc_async_rst__22
INFO: [VRFC 10-311] analyzing module System_Top_smartconnect_0_0_xpm_cdc_async_rst__24
INFO: [VRFC 10-311] analyzing module System_Top_smartconnect_0_0_xpm_cdc_async_rst__26
INFO: [VRFC 10-311] analyzing module System_Top_smartconnect_0_0_xpm_cdc_async_rst__28
INFO: [VRFC 10-311] analyzing module System_Top_smartconnect_0_0_xpm_cdc_async_rst__3
INFO: [VRFC 10-311] analyzing module System_Top_smartconnect_0_0_xpm_cdc_async_rst__30
INFO: [VRFC 10-311] analyzing module System_Top_smartconnect_0_0_xpm_cdc_async_rst__32
INFO: [VRFC 10-311] analyzing module System_Top_smartconnect_0_0_xpm_cdc_async_rst__34
INFO: [VRFC 10-311] analyzing module System_Top_smartconnect_0_0_xpm_cdc_async_rst__4
INFO: [VRFC 10-311] analyzing module System_Top_smartconnect_0_0_xpm_cdc_async_rst__5
INFO: [VRFC 10-311] analyzing module System_Top_smartconnect_0_0_xpm_cdc_async_rst__6
INFO: [VRFC 10-311] analyzing module System_Top_smartconnect_0_0_xpm_cdc_async_rst__8
INFO: [VRFC 10-311] analyzing module System_Top_smartconnect_0_0_xpm_memory_base__parameterized0
INFO: [VRFC 10-311] analyzing module System_Top_smartconnect_0_0_xpm_memory_base__parameterized0__1
INFO: [VRFC 10-311] analyzing module System_Top_smartconnect_0_0_xpm_memory_base__parameterized0__2
INFO: [VRFC 10-311] analyzing module System_Top_smartconnect_0_0_xpm_memory_base__parameterized0__3
INFO: [VRFC 10-311] analyzing module System_Top_smartconnect_0_0_xpm_memory_base__parameterized2
INFO: [VRFC 10-311] analyzing module System_Top_smartconnect_0_0_xpm_memory_base__parameterized2__1
INFO: [VRFC 10-311] analyzing module System_Top_smartconnect_0_0_xpm_memory_base__parameterized3
INFO: [VRFC 10-311] analyzing module System_Top_smartconnect_0_0_xpm_memory_base__parameterized3__1
INFO: [VRFC 10-311] analyzing module System_Top_smartconnect_0_0_xpm_memory_base__parameterized3__2
INFO: [VRFC 10-311] analyzing module System_Top_smartconnect_0_0_xpm_memory_base__parameterized4
INFO: [VRFC 10-311] analyzing module System_Top_smartconnect_0_0_xpm_memory_base__parameterized4__1
INFO: [VRFC 10-311] analyzing module System_Top_smartconnect_0_0_xpm_memory_base__parameterized4__2
INFO: [VRFC 10-311] analyzing module System_Top_smartconnect_0_0_xpm_memory_base__parameterized5
INFO: [VRFC 10-311] analyzing module System_Top_smartconnect_0_0_xpm_memory_base__parameterized5__1
INFO: [VRFC 10-311] analyzing module System_Top_smartconnect_0_0_xpm_memory_base__parameterized5__2
INFO: [VRFC 10-311] analyzing module System_Top_smartconnect_0_0_xpm_memory_base__parameterized6
INFO: [VRFC 10-311] analyzing module System_Top_smartconnect_0_0_xpm_memory_base__parameterized6__1
INFO: [VRFC 10-311] analyzing module System_Top_smartconnect_0_0_xpm_memory_base__parameterized7
INFO: [VRFC 10-311] analyzing module System_Top_smartconnect_0_0_xpm_memory_sdpram__parameterized0
INFO: [VRFC 10-311] analyzing module System_Top_smartconnect_0_0_xpm_memory_sdpram__parameterized0__1
INFO: [VRFC 10-311] analyzing module System_Top_smartconnect_0_0_xpm_memory_sdpram__parameterized0__2
INFO: [VRFC 10-311] analyzing module System_Top_smartconnect_0_0_xpm_memory_sdpram__parameterized0__3
INFO: [VRFC 10-311] analyzing module System_Top_smartconnect_0_0_xpm_memory_sdpram__parameterized2
INFO: [VRFC 10-311] analyzing module System_Top_smartconnect_0_0_xpm_memory_sdpram__parameterized2__1
INFO: [VRFC 10-311] analyzing module System_Top_smartconnect_0_0_xpm_memory_sdpram__parameterized3
INFO: [VRFC 10-311] analyzing module System_Top_smartconnect_0_0_xpm_memory_sdpram__parameterized3__1
INFO: [VRFC 10-311] analyzing module System_Top_smartconnect_0_0_xpm_memory_sdpram__parameterized3__2
INFO: [VRFC 10-311] analyzing module System_Top_smartconnect_0_0_xpm_memory_sdpram__parameterized4
INFO: [VRFC 10-311] analyzing module System_Top_smartconnect_0_0_xpm_memory_sdpram__parameterized4__1
INFO: [VRFC 10-311] analyzing module System_Top_smartconnect_0_0_xpm_memory_sdpram__parameterized4__2
INFO: [VRFC 10-311] analyzing module System_Top_smartconnect_0_0_xpm_memory_sdpram__parameterized5
INFO: [VRFC 10-311] analyzing module System_Top_smartconnect_0_0_xpm_memory_sdpram__parameterized5__1
INFO: [VRFC 10-311] analyzing module System_Top_smartconnect_0_0_xpm_memory_sdpram__parameterized5__2
INFO: [VRFC 10-311] analyzing module System_Top_smartconnect_0_0_xpm_memory_sdpram__parameterized6
INFO: [VRFC 10-311] analyzing module System_Top_smartconnect_0_0_xpm_memory_sdpram__parameterized6__1
INFO: [VRFC 10-311] analyzing module System_Top_smartconnect_0_0_xpm_memory_sdpram__parameterized7
INFO: [VRFC 10-311] analyzing module System_Top_smartconnect_0_0_sc_axi2sc_v1_0_11_top
INFO: [VRFC 10-311] analyzing module System_Top_smartconnect_0_0_sc_exit_v1_0_18_axilite_conv
INFO: [VRFC 10-311] analyzing module System_Top_smartconnect_0_0_sc_exit_v1_0_18_exit
INFO: [VRFC 10-311] analyzing module System_Top_smartconnect_0_0_sc_exit_v1_0_18_exit__parameterized0
INFO: [VRFC 10-311] analyzing module System_Top_smartconnect_0_0_sc_exit_v1_0_18_splitter__parameterized0
INFO: [VRFC 10-311] analyzing module System_Top_smartconnect_0_0_sc_exit_v1_0_18_top
INFO: [VRFC 10-311] analyzing module System_Top_smartconnect_0_0_sc_exit_v1_0_18_top__parameterized0
INFO: [VRFC 10-311] analyzing module System_Top_smartconnect_0_0_sc_mmu_v1_0_16_decerr_slave
INFO: [VRFC 10-311] analyzing module System_Top_smartconnect_0_0_sc_mmu_v1_0_16_top
INFO: [VRFC 10-311] analyzing module System_Top_smartconnect_0_0_sc_node_v1_0_19_arb_alg_rr
INFO: [VRFC 10-311] analyzing module System_Top_smartconnect_0_0_sc_node_v1_0_19_arb_alg_rr_13
INFO: [VRFC 10-311] analyzing module System_Top_smartconnect_0_0_sc_node_v1_0_19_fifo
INFO: [VRFC 10-311] analyzing module System_Top_smartconnect_0_0_sc_node_v1_0_19_fifo_108
INFO: [VRFC 10-311] analyzing module System_Top_smartconnect_0_0_sc_node_v1_0_19_fifo_118
INFO: [VRFC 10-311] analyzing module System_Top_smartconnect_0_0_sc_node_v1_0_19_fifo_139
INFO: [VRFC 10-311] analyzing module System_Top_smartconnect_0_0_sc_node_v1_0_19_fifo_16
INFO: [VRFC 10-311] analyzing module System_Top_smartconnect_0_0_sc_node_v1_0_19_fifo_179
INFO: [VRFC 10-311] analyzing module System_Top_smartconnect_0_0_sc_node_v1_0_19_fifo_193
INFO: [VRFC 10-311] analyzing module System_Top_smartconnect_0_0_sc_node_v1_0_19_fifo_79
INFO: [VRFC 10-311] analyzing module System_Top_smartconnect_0_0_sc_node_v1_0_19_fifo__parameterized0
INFO: [VRFC 10-311] analyzing module System_Top_smartconnect_0_0_sc_node_v1_0_19_fifo__parameterized0_119
INFO: [VRFC 10-311] analyzing module System_Top_smartconnect_0_0_sc_node_v1_0_19_fifo__parameterized0_180
INFO: [VRFC 10-311] analyzing module System_Top_smartconnect_0_0_sc_node_v1_0_19_fifo__parameterized0_194
INFO: [VRFC 10-311] analyzing module System_Top_smartconnect_0_0_sc_node_v1_0_19_fifo__parameterized1
INFO: [VRFC 10-311] analyzing module System_Top_smartconnect_0_0_sc_node_v1_0_19_fifo__parameterized1_153
INFO: [VRFC 10-311] analyzing module System_Top_smartconnect_0_0_sc_node_v1_0_19_fifo__parameterized1_166
INFO: [VRFC 10-311] analyzing module System_Top_smartconnect_0_0_sc_node_v1_0_19_fifo__parameterized1_98
INFO: [VRFC 10-311] analyzing module System_Top_smartconnect_0_0_sc_node_v1_0_19_fifo__parameterized2
INFO: [VRFC 10-311] analyzing module System_Top_smartconnect_0_0_sc_node_v1_0_19_fifo__parameterized2_167
INFO: [VRFC 10-311] analyzing module System_Top_smartconnect_0_0_sc_node_v1_0_19_fifo__parameterized3
INFO: [VRFC 10-311] analyzing module System_Top_smartconnect_0_0_sc_node_v1_0_19_fifo__parameterized3_154
INFO: [VRFC 10-311] analyzing module System_Top_smartconnect_0_0_sc_node_v1_0_19_fifo__parameterized3_90
INFO: [VRFC 10-311] analyzing module System_Top_smartconnect_0_0_sc_node_v1_0_19_fifo__parameterized4
INFO: [VRFC 10-311] analyzing module System_Top_smartconnect_0_0_sc_node_v1_0_19_fifo__parameterized4_140
INFO: [VRFC 10-311] analyzing module System_Top_smartconnect_0_0_sc_node_v1_0_19_fifo__parameterized4_80
INFO: [VRFC 10-311] analyzing module System_Top_smartconnect_0_0_sc_node_v1_0_19_fifo__parameterized5
INFO: [VRFC 10-311] analyzing module System_Top_smartconnect_0_0_sc_node_v1_0_19_fifo__parameterized5_25
INFO: [VRFC 10-311] analyzing module System_Top_smartconnect_0_0_sc_node_v1_0_19_fifo__parameterized5_34
INFO: [VRFC 10-311] analyzing module System_Top_smartconnect_0_0_sc_node_v1_0_19_fifo__parameterized6
INFO: [VRFC 10-311] analyzing module System_Top_smartconnect_0_0_sc_node_v1_0_19_fifo__parameterized6_35
INFO: [VRFC 10-311] analyzing module System_Top_smartconnect_0_0_sc_node_v1_0_19_fifo__parameterized7
INFO: [VRFC 10-311] analyzing module System_Top_smartconnect_0_0_sc_node_v1_0_19_ingress
INFO: [VRFC 10-311] analyzing module System_Top_smartconnect_0_0_sc_node_v1_0_19_ingress_195
INFO: [VRFC 10-311] analyzing module System_Top_smartconnect_0_0_sc_node_v1_0_19_ingress__parameterized0
INFO: [VRFC 10-311] analyzing module System_Top_smartconnect_0_0_sc_node_v1_0_19_ingress__parameterized0_181
INFO: [VRFC 10-311] analyzing module System_Top_smartconnect_0_0_sc_node_v1_0_19_ingress__parameterized3
INFO: [VRFC 10-311] analyzing module System_Top_smartconnect_0_0_sc_node_v1_0_19_ingress__parameterized3_141
INFO: [VRFC 10-311] analyzing module System_Top_smartconnect_0_0_sc_node_v1_0_19_ingress__parameterized6
INFO: [VRFC 10-311] analyzing module System_Top_smartconnect_0_0_sc_node_v1_0_19_ingress__parameterized7
INFO: [VRFC 10-311] analyzing module System_Top_smartconnect_0_0_sc_node_v1_0_19_mi_handler
INFO: [VRFC 10-311] analyzing module System_Top_smartconnect_0_0_sc_node_v1_0_19_mi_handler_191
INFO: [VRFC 10-311] analyzing module System_Top_smartconnect_0_0_sc_node_v1_0_19_mi_handler__parameterized0
INFO: [VRFC 10-311] analyzing module System_Top_smartconnect_0_0_sc_node_v1_0_19_mi_handler__parameterized0_177
INFO: [VRFC 10-311] analyzing module System_Top_smartconnect_0_0_sc_node_v1_0_19_mi_handler__parameterized1
INFO: [VRFC 10-311] analyzing module System_Top_smartconnect_0_0_sc_node_v1_0_19_mi_handler__parameterized1_164
INFO: [VRFC 10-311] analyzing module System_Top_smartconnect_0_0_sc_node_v1_0_19_mi_handler__parameterized2
INFO: [VRFC 10-311] analyzing module System_Top_smartconnect_0_0_sc_node_v1_0_19_mi_handler__parameterized2_151
INFO: [VRFC 10-311] analyzing module System_Top_smartconnect_0_0_sc_node_v1_0_19_mi_handler__parameterized3
INFO: [VRFC 10-311] analyzing module System_Top_smartconnect_0_0_sc_node_v1_0_19_mi_handler__parameterized3_137
INFO: [VRFC 10-311] analyzing module System_Top_smartconnect_0_0_sc_node_v1_0_19_mi_handler__parameterized4
INFO: [VRFC 10-311] analyzing module System_Top_smartconnect_0_0_sc_node_v1_0_19_mi_handler__parameterized5
INFO: [VRFC 10-311] analyzing module System_Top_smartconnect_0_0_sc_node_v1_0_19_mi_handler__parameterized6
INFO: [VRFC 10-311] analyzing module System_Top_smartconnect_0_0_sc_node_v1_0_19_mi_handler__parameterized7
INFO: [VRFC 10-311] analyzing module System_Top_smartconnect_0_0_sc_node_v1_0_19_mi_handler__parameterized8
INFO: [VRFC 10-311] analyzing module System_Top_smartconnect_0_0_sc_node_v1_0_19_reg_slice3__parameterized0
INFO: [VRFC 10-311] analyzing module System_Top_smartconnect_0_0_sc_node_v1_0_19_reg_slice3__parameterized0_155
INFO: [VRFC 10-311] analyzing module System_Top_smartconnect_0_0_sc_node_v1_0_19_reg_slice3__parameterized0_168
INFO: [VRFC 10-311] analyzing module System_Top_smartconnect_0_0_sc_node_v1_0_19_reg_slice3__parameterized0_99
INFO: [VRFC 10-311] analyzing module System_Top_smartconnect_0_0_sc_node_v1_0_19_reg_slice3__parameterized1
INFO: [VRFC 10-311] analyzing module System_Top_smartconnect_0_0_sc_node_v1_0_19_reg_slice3__parameterized1_26
INFO: [VRFC 10-311] analyzing module System_Top_smartconnect_0_0_sc_node_v1_0_19_reg_slice3__parameterized1_36
INFO: [VRFC 10-311] analyzing module System_Top_smartconnect_0_0_sc_node_v1_0_19_si_handler
INFO: [VRFC 10-311] analyzing module System_Top_smartconnect_0_0_sc_node_v1_0_19_si_handler_117
INFO: [VRFC 10-311] analyzing module System_Top_smartconnect_0_0_sc_node_v1_0_19_si_handler_192
INFO: [VRFC 10-311] analyzing module System_Top_smartconnect_0_0_sc_node_v1_0_19_si_handler__parameterized0
INFO: [VRFC 10-311] analyzing module System_Top_smartconnect_0_0_sc_node_v1_0_19_si_handler__parameterized0_107
INFO: [VRFC 10-311] analyzing module System_Top_smartconnect_0_0_sc_node_v1_0_19_si_handler__parameterized0_178
INFO: [VRFC 10-311] analyzing module System_Top_smartconnect_0_0_sc_node_v1_0_19_si_handler__parameterized1
INFO: [VRFC 10-311] analyzing module System_Top_smartconnect_0_0_sc_node_v1_0_19_si_handler__parameterized1_165
INFO: [VRFC 10-311] analyzing module System_Top_smartconnect_0_0_sc_node_v1_0_19_si_handler__parameterized2
INFO: [VRFC 10-311] analyzing module System_Top_smartconnect_0_0_sc_node_v1_0_19_si_handler__parameterized2_152
INFO: [VRFC 10-311] analyzing module System_Top_smartconnect_0_0_sc_node_v1_0_19_si_handler__parameterized3
INFO: [VRFC 10-311] analyzing module System_Top_smartconnect_0_0_sc_node_v1_0_19_si_handler__parameterized3_138
INFO: [VRFC 10-311] analyzing module System_Top_smartconnect_0_0_sc_node_v1_0_19_si_handler__parameterized3_78
INFO: [VRFC 10-311] analyzing module System_Top_smartconnect_0_0_sc_node_v1_0_19_si_handler__parameterized4
INFO: [VRFC 10-311] analyzing module System_Top_smartconnect_0_0_sc_node_v1_0_19_si_handler__parameterized5
INFO: [VRFC 10-311] analyzing module System_Top_smartconnect_0_0_sc_node_v1_0_19_top
INFO: [VRFC 10-311] analyzing module System_Top_smartconnect_0_0_sc_node_v1_0_19_top__1
INFO: [VRFC 10-311] analyzing module System_Top_smartconnect_0_0_sc_node_v1_0_19_top__parameterized0
INFO: [VRFC 10-311] analyzing module System_Top_smartconnect_0_0_sc_node_v1_0_19_top__parameterized0__1
INFO: [VRFC 10-311] analyzing module System_Top_smartconnect_0_0_sc_node_v1_0_19_top__parameterized1
INFO: [VRFC 10-311] analyzing module System_Top_smartconnect_0_0_sc_node_v1_0_19_top__parameterized1__1
INFO: [VRFC 10-311] analyzing module System_Top_smartconnect_0_0_sc_node_v1_0_19_top__parameterized2
INFO: [VRFC 10-311] analyzing module System_Top_smartconnect_0_0_sc_node_v1_0_19_top__parameterized2__1
INFO: [VRFC 10-311] analyzing module System_Top_smartconnect_0_0_sc_node_v1_0_19_top__parameterized3
INFO: [VRFC 10-311] analyzing module System_Top_smartconnect_0_0_sc_node_v1_0_19_top__parameterized3__1
INFO: [VRFC 10-311] analyzing module System_Top_smartconnect_0_0_sc_node_v1_0_19_top__parameterized4
INFO: [VRFC 10-311] analyzing module System_Top_smartconnect_0_0_sc_node_v1_0_19_top__parameterized5
INFO: [VRFC 10-311] analyzing module System_Top_smartconnect_0_0_sc_node_v1_0_19_top__parameterized6
INFO: [VRFC 10-311] analyzing module System_Top_smartconnect_0_0_sc_node_v1_0_19_top__parameterized7
INFO: [VRFC 10-311] analyzing module System_Top_smartconnect_0_0_sc_node_v1_0_19_top__parameterized8
INFO: [VRFC 10-311] analyzing module System_Top_smartconnect_0_0_sc_sc2axi_v1_0_11_top
INFO: [VRFC 10-311] analyzing module System_Top_smartconnect_0_0_sc_sc2axi_v1_0_11_top__parameterized0
INFO: [VRFC 10-311] analyzing module System_Top_smartconnect_0_0_sc_si_converter_v1_0_16_reduced_area
INFO: [VRFC 10-311] analyzing module System_Top_smartconnect_0_0_sc_si_converter_v1_0_16_splitter
INFO: [VRFC 10-311] analyzing module System_Top_smartconnect_0_0_sc_si_converter_v1_0_16_top
INFO: [VRFC 10-311] analyzing module System_Top_smartconnect_0_0_sc_switchboard_v1_0_9_top
INFO: [VRFC 10-311] analyzing module System_Top_smartconnect_0_0_sc_switchboard_v1_0_9_top__1
INFO: [VRFC 10-311] analyzing module System_Top_smartconnect_0_0_sc_switchboard_v1_0_9_top__parameterized0
INFO: [VRFC 10-311] analyzing module System_Top_smartconnect_0_0_sc_switchboard_v1_0_9_top__parameterized1
INFO: [VRFC 10-311] analyzing module System_Top_smartconnect_0_0_sc_switchboard_v1_0_9_top__parameterized2
INFO: [VRFC 10-311] analyzing module System_Top_smartconnect_0_0_sc_transaction_regulator_v1_0_12_multithread
INFO: [VRFC 10-311] analyzing module System_Top_smartconnect_0_0_sc_transaction_regulator_v1_0_12_multithread_45
INFO: [VRFC 10-311] analyzing module System_Top_smartconnect_0_0_sc_transaction_regulator_v1_0_12_top
INFO: [VRFC 10-311] analyzing module System_Top_smartconnect_0_0_sc_util_v1_0_4_axi_reg_stall
INFO: [VRFC 10-311] analyzing module System_Top_smartconnect_0_0_sc_util_v1_0_4_axi_reg_stall_129
INFO: [VRFC 10-311] analyzing module System_Top_smartconnect_0_0_sc_util_v1_0_4_axi_reg_stall_130
INFO: [VRFC 10-311] analyzing module System_Top_smartconnect_0_0_sc_util_v1_0_4_axi_reg_stall_131
INFO: [VRFC 10-311] analyzing module System_Top_smartconnect_0_0_sc_util_v1_0_4_axi_reg_stall_132
INFO: [VRFC 10-311] analyzing module System_Top_smartconnect_0_0_sc_util_v1_0_4_axi_reg_stall_133
INFO: [VRFC 10-311] analyzing module System_Top_smartconnect_0_0_sc_util_v1_0_4_axi_reg_stall_205
INFO: [VRFC 10-311] analyzing module System_Top_smartconnect_0_0_sc_util_v1_0_4_axi_reg_stall_206
INFO: [VRFC 10-311] analyzing module System_Top_smartconnect_0_0_sc_util_v1_0_4_axi_reg_stall_207
INFO: [VRFC 10-311] analyzing module System_Top_smartconnect_0_0_sc_util_v1_0_4_axi_reg_stall_208
INFO: [VRFC 10-311] analyzing module System_Top_smartconnect_0_0_sc_util_v1_0_4_axi_reg_stall_209
INFO: [VRFC 10-311] analyzing module System_Top_smartconnect_0_0_sc_util_v1_0_4_axi_reg_stall_51
INFO: [VRFC 10-311] analyzing module System_Top_smartconnect_0_0_sc_util_v1_0_4_axi_reg_stall_69
INFO: [VRFC 10-311] analyzing module System_Top_smartconnect_0_0_sc_util_v1_0_4_axi_reg_stall_70
INFO: [VRFC 10-311] analyzing module System_Top_smartconnect_0_0_sc_util_v1_0_4_axi_reg_stall_71
INFO: [VRFC 10-311] analyzing module System_Top_smartconnect_0_0_sc_util_v1_0_4_axi_reg_stall_72
INFO: [VRFC 10-311] analyzing module System_Top_smartconnect_0_0_sc_util_v1_0_4_axi_reg_stall_73
INFO: [VRFC 10-311] analyzing module System_Top_smartconnect_0_0_sc_util_v1_0_4_axi_reg_stall_74
INFO: [VRFC 10-311] analyzing module System_Top_smartconnect_0_0_sc_util_v1_0_4_axi_reg_stall_75
INFO: [VRFC 10-311] analyzing module System_Top_smartconnect_0_0_sc_util_v1_0_4_axi_splitter
INFO: [VRFC 10-311] analyzing module System_Top_smartconnect_0_0_sc_util_v1_0_4_axic_reg_srl_fifo
INFO: [VRFC 10-311] analyzing module System_Top_smartconnect_0_0_sc_util_v1_0_4_axic_reg_srl_fifo_210
INFO: [VRFC 10-311] analyzing module System_Top_smartconnect_0_0_sc_util_v1_0_4_axic_reg_srl_fifo__parameterized0
INFO: [VRFC 10-311] analyzing module System_Top_smartconnect_0_0_sc_util_v1_0_4_axic_reg_srl_fifo__parameterized0_211
INFO: [VRFC 10-311] analyzing module System_Top_smartconnect_0_0_sc_util_v1_0_4_axic_reg_srl_fifo__parameterized1
INFO: [VRFC 10-311] analyzing module System_Top_smartconnect_0_0_sc_util_v1_0_4_axic_reg_srl_fifo__parameterized2
INFO: [VRFC 10-311] analyzing module System_Top_smartconnect_0_0_sc_util_v1_0_4_axic_reg_srl_fifo__parameterized3
INFO: [VRFC 10-311] analyzing module System_Top_smartconnect_0_0_sc_util_v1_0_4_axic_reg_srl_fifo__parameterized4
INFO: [VRFC 10-311] analyzing module System_Top_smartconnect_0_0_sc_util_v1_0_4_axic_reg_srl_fifo__parameterized4_50
INFO: [VRFC 10-311] analyzing module System_Top_smartconnect_0_0_sc_util_v1_0_4_counter
INFO: [VRFC 10-311] analyzing module System_Top_smartconnect_0_0_sc_util_v1_0_4_counter_10
INFO: [VRFC 10-311] analyzing module System_Top_smartconnect_0_0_sc_util_v1_0_4_counter_100
INFO: [VRFC 10-311] analyzing module System_Top_smartconnect_0_0_sc_util_v1_0_4_counter_101
INFO: [VRFC 10-311] analyzing module System_Top_smartconnect_0_0_sc_util_v1_0_4_counter_104
INFO: [VRFC 10-311] analyzing module System_Top_smartconnect_0_0_sc_util_v1_0_4_counter_105
INFO: [VRFC 10-311] analyzing module System_Top_smartconnect_0_0_sc_util_v1_0_4_counter_11
INFO: [VRFC 10-311] analyzing module System_Top_smartconnect_0_0_sc_util_v1_0_4_counter_110
INFO: [VRFC 10-311] analyzing module System_Top_smartconnect_0_0_sc_util_v1_0_4_counter_111
INFO: [VRFC 10-311] analyzing module System_Top_smartconnect_0_0_sc_util_v1_0_4_counter_114
INFO: [VRFC 10-311] analyzing module System_Top_smartconnect_0_0_sc_util_v1_0_4_counter_115
INFO: [VRFC 10-311] analyzing module System_Top_smartconnect_0_0_sc_util_v1_0_4_counter_122
INFO: [VRFC 10-311] analyzing module System_Top_smartconnect_0_0_sc_util_v1_0_4_counter_123
INFO: [VRFC 10-311] analyzing module System_Top_smartconnect_0_0_sc_util_v1_0_4_counter_126
INFO: [VRFC 10-311] analyzing module System_Top_smartconnect_0_0_sc_util_v1_0_4_counter_127
INFO: [VRFC 10-311] analyzing module System_Top_smartconnect_0_0_sc_util_v1_0_4_counter_144
INFO: [VRFC 10-311] analyzing module System_Top_smartconnect_0_0_sc_util_v1_0_4_counter_145
INFO: [VRFC 10-311] analyzing module System_Top_smartconnect_0_0_sc_util_v1_0_4_counter_148
INFO: [VRFC 10-311] analyzing module System_Top_smartconnect_0_0_sc_util_v1_0_4_counter_149
INFO: [VRFC 10-311] analyzing module System_Top_smartconnect_0_0_sc_util_v1_0_4_counter_157
INFO: [VRFC 10-311] analyzing module System_Top_smartconnect_0_0_sc_util_v1_0_4_counter_158
INFO: [VRFC 10-311] analyzing module System_Top_smartconnect_0_0_sc_util_v1_0_4_counter_161
INFO: [VRFC 10-311] analyzing module System_Top_smartconnect_0_0_sc_util_v1_0_4_counter_162
INFO: [VRFC 10-311] analyzing module System_Top_smartconnect_0_0_sc_util_v1_0_4_counter_170
INFO: [VRFC 10-311] analyzing module System_Top_smartconnect_0_0_sc_util_v1_0_4_counter_171
INFO: [VRFC 10-311] analyzing module System_Top_smartconnect_0_0_sc_util_v1_0_4_counter_174
INFO: [VRFC 10-311] analyzing module System_Top_smartconnect_0_0_sc_util_v1_0_4_counter_175
INFO: [VRFC 10-311] analyzing module System_Top_smartconnect_0_0_sc_util_v1_0_4_counter_18
INFO: [VRFC 10-311] analyzing module System_Top_smartconnect_0_0_sc_util_v1_0_4_counter_184
INFO: [VRFC 10-311] analyzing module System_Top_smartconnect_0_0_sc_util_v1_0_4_counter_185
INFO: [VRFC 10-311] analyzing module System_Top_smartconnect_0_0_sc_util_v1_0_4_counter_188
INFO: [VRFC 10-311] analyzing module System_Top_smartconnect_0_0_sc_util_v1_0_4_counter_189
INFO: [VRFC 10-311] analyzing module System_Top_smartconnect_0_0_sc_util_v1_0_4_counter_19
INFO: [VRFC 10-311] analyzing module System_Top_smartconnect_0_0_sc_util_v1_0_4_counter_198
INFO: [VRFC 10-311] analyzing module System_Top_smartconnect_0_0_sc_util_v1_0_4_counter_199
INFO: [VRFC 10-311] analyzing module System_Top_smartconnect_0_0_sc_util_v1_0_4_counter_2
INFO: [VRFC 10-311] analyzing module System_Top_smartconnect_0_0_sc_util_v1_0_4_counter_202
INFO: [VRFC 10-311] analyzing module System_Top_smartconnect_0_0_sc_util_v1_0_4_counter_203
INFO: [VRFC 10-311] analyzing module System_Top_smartconnect_0_0_sc_util_v1_0_4_counter_22
INFO: [VRFC 10-311] analyzing module System_Top_smartconnect_0_0_sc_util_v1_0_4_counter_23
INFO: [VRFC 10-311] analyzing module System_Top_smartconnect_0_0_sc_util_v1_0_4_counter_27
INFO: [VRFC 10-311] analyzing module System_Top_smartconnect_0_0_sc_util_v1_0_4_counter_28
INFO: [VRFC 10-311] analyzing module System_Top_smartconnect_0_0_sc_util_v1_0_4_counter_3
INFO: [VRFC 10-311] analyzing module System_Top_smartconnect_0_0_sc_util_v1_0_4_counter_31
INFO: [VRFC 10-311] analyzing module System_Top_smartconnect_0_0_sc_util_v1_0_4_counter_32
INFO: [VRFC 10-311] analyzing module System_Top_smartconnect_0_0_sc_util_v1_0_4_counter_38
INFO: [VRFC 10-311] analyzing module System_Top_smartconnect_0_0_sc_util_v1_0_4_counter_39
INFO: [VRFC 10-311] analyzing module System_Top_smartconnect_0_0_sc_util_v1_0_4_counter_4
INFO: [VRFC 10-311] analyzing module System_Top_smartconnect_0_0_sc_util_v1_0_4_counter_42
INFO: [VRFC 10-311] analyzing module System_Top_smartconnect_0_0_sc_util_v1_0_4_counter_43
INFO: [VRFC 10-311] analyzing module System_Top_smartconnect_0_0_sc_util_v1_0_4_counter_7
INFO: [VRFC 10-311] analyzing module System_Top_smartconnect_0_0_sc_util_v1_0_4_counter_8
INFO: [VRFC 10-311] analyzing module System_Top_smartconnect_0_0_sc_util_v1_0_4_counter_83
INFO: [VRFC 10-311] analyzing module System_Top_smartconnect_0_0_sc_util_v1_0_4_counter_84
INFO: [VRFC 10-311] analyzing module System_Top_smartconnect_0_0_sc_util_v1_0_4_counter_87
INFO: [VRFC 10-311] analyzing module System_Top_smartconnect_0_0_sc_util_v1_0_4_counter_88
INFO: [VRFC 10-311] analyzing module System_Top_smartconnect_0_0_sc_util_v1_0_4_counter_92
INFO: [VRFC 10-311] analyzing module System_Top_smartconnect_0_0_sc_util_v1_0_4_counter_93
INFO: [VRFC 10-311] analyzing module System_Top_smartconnect_0_0_sc_util_v1_0_4_counter_95
INFO: [VRFC 10-311] analyzing module System_Top_smartconnect_0_0_sc_util_v1_0_4_counter_96
INFO: [VRFC 10-311] analyzing module System_Top_smartconnect_0_0_sc_util_v1_0_4_counter__parameterized0
INFO: [VRFC 10-311] analyzing module System_Top_smartconnect_0_0_sc_util_v1_0_4_counter__parameterized0_102
INFO: [VRFC 10-311] analyzing module System_Top_smartconnect_0_0_sc_util_v1_0_4_counter__parameterized0_106
INFO: [VRFC 10-311] analyzing module System_Top_smartconnect_0_0_sc_util_v1_0_4_counter__parameterized0_112
INFO: [VRFC 10-311] analyzing module System_Top_smartconnect_0_0_sc_util_v1_0_4_counter__parameterized0_116
INFO: [VRFC 10-311] analyzing module System_Top_smartconnect_0_0_sc_util_v1_0_4_counter__parameterized0_12
INFO: [VRFC 10-311] analyzing module System_Top_smartconnect_0_0_sc_util_v1_0_4_counter__parameterized0_124
INFO: [VRFC 10-311] analyzing module System_Top_smartconnect_0_0_sc_util_v1_0_4_counter__parameterized0_128
INFO: [VRFC 10-311] analyzing module System_Top_smartconnect_0_0_sc_util_v1_0_4_counter__parameterized0_146
INFO: [VRFC 10-311] analyzing module System_Top_smartconnect_0_0_sc_util_v1_0_4_counter__parameterized0_150
INFO: [VRFC 10-311] analyzing module System_Top_smartconnect_0_0_sc_util_v1_0_4_counter__parameterized0_159
INFO: [VRFC 10-311] analyzing module System_Top_smartconnect_0_0_sc_util_v1_0_4_counter__parameterized0_163
INFO: [VRFC 10-311] analyzing module System_Top_smartconnect_0_0_sc_util_v1_0_4_counter__parameterized0_172
INFO: [VRFC 10-311] analyzing module System_Top_smartconnect_0_0_sc_util_v1_0_4_counter__parameterized0_176
INFO: [VRFC 10-311] analyzing module System_Top_smartconnect_0_0_sc_util_v1_0_4_counter__parameterized0_186
INFO: [VRFC 10-311] analyzing module System_Top_smartconnect_0_0_sc_util_v1_0_4_counter__parameterized0_190
INFO: [VRFC 10-311] analyzing module System_Top_smartconnect_0_0_sc_util_v1_0_4_counter__parameterized0_20
INFO: [VRFC 10-311] analyzing module System_Top_smartconnect_0_0_sc_util_v1_0_4_counter__parameterized0_200
INFO: [VRFC 10-311] analyzing module System_Top_smartconnect_0_0_sc_util_v1_0_4_counter__parameterized0_204
INFO: [VRFC 10-311] analyzing module System_Top_smartconnect_0_0_sc_util_v1_0_4_counter__parameterized0_24
INFO: [VRFC 10-311] analyzing module System_Top_smartconnect_0_0_sc_util_v1_0_4_counter__parameterized0_29
INFO: [VRFC 10-311] analyzing module System_Top_smartconnect_0_0_sc_util_v1_0_4_counter__parameterized0_33
INFO: [VRFC 10-311] analyzing module System_Top_smartconnect_0_0_sc_util_v1_0_4_counter__parameterized0_40
INFO: [VRFC 10-311] analyzing module System_Top_smartconnect_0_0_sc_util_v1_0_4_counter__parameterized0_44
INFO: [VRFC 10-311] analyzing module System_Top_smartconnect_0_0_sc_util_v1_0_4_counter__parameterized0_5
INFO: [VRFC 10-311] analyzing module System_Top_smartconnect_0_0_sc_util_v1_0_4_counter__parameterized0_85
INFO: [VRFC 10-311] analyzing module System_Top_smartconnect_0_0_sc_util_v1_0_4_counter__parameterized0_89
INFO: [VRFC 10-311] analyzing module System_Top_smartconnect_0_0_sc_util_v1_0_4_counter__parameterized0_9
INFO: [VRFC 10-311] analyzing module System_Top_smartconnect_0_0_sc_util_v1_0_4_counter__parameterized0_94
INFO: [VRFC 10-311] analyzing module System_Top_smartconnect_0_0_sc_util_v1_0_4_counter__parameterized0_97
INFO: [VRFC 10-311] analyzing module System_Top_smartconnect_0_0_sc_util_v1_0_4_counter__parameterized2
INFO: [VRFC 10-311] analyzing module System_Top_smartconnect_0_0_sc_util_v1_0_4_counter__parameterized2_14
INFO: [VRFC 10-311] analyzing module System_Top_smartconnect_0_0_sc_util_v1_0_4_counter__parameterized2_15
INFO: [VRFC 10-311] analyzing module System_Top_smartconnect_0_0_sc_util_v1_0_4_counter__parameterized2_6
INFO: [VRFC 10-311] analyzing module System_Top_smartconnect_0_0_sc_util_v1_0_4_mux__parameterized0
INFO: [VRFC 10-311] analyzing module System_Top_smartconnect_0_0_sc_util_v1_0_4_mux__parameterized1
INFO: [VRFC 10-311] analyzing module System_Top_smartconnect_0_0_sc_util_v1_0_4_onehot_to_binary__parameterized0
INFO: [VRFC 10-311] analyzing module System_Top_smartconnect_0_0_sc_util_v1_0_4_onehot_to_binary__parameterized0_49
INFO: [VRFC 10-311] analyzing module System_Top_smartconnect_0_0_sc_util_v1_0_4_pipeline__parameterized2
INFO: [VRFC 10-311] analyzing module System_Top_smartconnect_0_0_sc_util_v1_0_4_pipeline__parameterized2_109
INFO: [VRFC 10-311] analyzing module System_Top_smartconnect_0_0_sc_util_v1_0_4_pipeline__parameterized2_120
INFO: [VRFC 10-311] analyzing module System_Top_smartconnect_0_0_sc_util_v1_0_4_pipeline__parameterized2_142
INFO: [VRFC 10-311] analyzing module System_Top_smartconnect_0_0_sc_util_v1_0_4_pipeline__parameterized2_17
INFO: [VRFC 10-311] analyzing module System_Top_smartconnect_0_0_sc_util_v1_0_4_pipeline__parameterized2_182
INFO: [VRFC 10-311] analyzing module System_Top_smartconnect_0_0_sc_util_v1_0_4_pipeline__parameterized2_196
INFO: [VRFC 10-311] analyzing module System_Top_smartconnect_0_0_sc_util_v1_0_4_pipeline__parameterized2_81
INFO: [VRFC 10-311] analyzing module System_Top_smartconnect_0_0_sc_util_v1_0_4_pipeline__parameterized7
INFO: [VRFC 10-311] analyzing module System_Top_smartconnect_0_0_sc_util_v1_0_4_pipeline__parameterized7_1
INFO: [VRFC 10-311] analyzing module System_Top_smartconnect_0_0_sc_util_v1_0_4_pipeline__parameterized8
INFO: [VRFC 10-311] analyzing module System_Top_smartconnect_0_0_sc_util_v1_0_4_pipeline__parameterized9
INFO: [VRFC 10-311] analyzing module System_Top_smartconnect_0_0_sc_util_v1_0_4_pipeline__parameterized9_0
INFO: [VRFC 10-311] analyzing module System_Top_smartconnect_0_0_sc_util_v1_0_4_srl_rtl
INFO: [VRFC 10-311] analyzing module System_Top_smartconnect_0_0_sc_util_v1_0_4_srl_rtl_134
INFO: [VRFC 10-311] analyzing module System_Top_smartconnect_0_0_sc_util_v1_0_4_srl_rtl_135
INFO: [VRFC 10-311] analyzing module System_Top_smartconnect_0_0_sc_util_v1_0_4_srl_rtl_136
INFO: [VRFC 10-311] analyzing module System_Top_smartconnect_0_0_sc_util_v1_0_4_srl_rtl_212
INFO: [VRFC 10-311] analyzing module System_Top_smartconnect_0_0_sc_util_v1_0_4_srl_rtl_213
INFO: [VRFC 10-311] analyzing module System_Top_smartconnect_0_0_sc_util_v1_0_4_srl_rtl_214
INFO: [VRFC 10-311] analyzing module System_Top_smartconnect_0_0_sc_util_v1_0_4_srl_rtl_215
INFO: [VRFC 10-311] analyzing module System_Top_smartconnect_0_0_sc_util_v1_0_4_srl_rtl_216
INFO: [VRFC 10-311] analyzing module System_Top_smartconnect_0_0_sc_util_v1_0_4_srl_rtl_217
INFO: [VRFC 10-311] analyzing module System_Top_smartconnect_0_0_sc_util_v1_0_4_srl_rtl_218
INFO: [VRFC 10-311] analyzing module System_Top_smartconnect_0_0_sc_util_v1_0_4_srl_rtl_219
INFO: [VRFC 10-311] analyzing module System_Top_smartconnect_0_0_sc_util_v1_0_4_srl_rtl_220
INFO: [VRFC 10-311] analyzing module System_Top_smartconnect_0_0_sc_util_v1_0_4_srl_rtl_56
INFO: [VRFC 10-311] analyzing module System_Top_smartconnect_0_0_sc_util_v1_0_4_srl_rtl_57
INFO: [VRFC 10-311] analyzing module System_Top_smartconnect_0_0_sc_util_v1_0_4_srl_rtl_58
INFO: [VRFC 10-311] analyzing module System_Top_smartconnect_0_0_sc_util_v1_0_4_srl_rtl_59
INFO: [VRFC 10-311] analyzing module System_Top_smartconnect_0_0_sc_util_v1_0_4_srl_rtl_60
INFO: [VRFC 10-311] analyzing module System_Top_smartconnect_0_0_sc_util_v1_0_4_srl_rtl_76
INFO: [VRFC 10-311] analyzing module System_Top_smartconnect_0_0_sc_util_v1_0_4_srl_rtl_77
INFO: [VRFC 10-311] analyzing module System_Top_smartconnect_0_0_sc_util_v1_0_4_srl_rtl__parameterized0
INFO: [VRFC 10-311] analyzing module System_Top_smartconnect_0_0_sc_util_v1_0_4_srl_rtl__parameterized0_61
INFO: [VRFC 10-311] analyzing module System_Top_smartconnect_0_0_sc_util_v1_0_4_srl_rtl__parameterized0_62
INFO: [VRFC 10-311] analyzing module System_Top_smartconnect_0_0_sc_util_v1_0_4_srl_rtl__parameterized0_63
INFO: [VRFC 10-311] analyzing module System_Top_smartconnect_0_0_sc_util_v1_0_4_srl_rtl__parameterized0_64
INFO: [VRFC 10-311] analyzing module System_Top_smartconnect_0_0_sc_util_v1_0_4_srl_rtl__parameterized0_65
INFO: [VRFC 10-311] analyzing module System_Top_smartconnect_0_0_sc_util_v1_0_4_srl_rtl__parameterized0_66
INFO: [VRFC 10-311] analyzing module System_Top_smartconnect_0_0_sc_util_v1_0_4_srl_rtl__parameterized0_67
INFO: [VRFC 10-311] analyzing module System_Top_smartconnect_0_0_sc_util_v1_0_4_srl_rtl__parameterized0_68
INFO: [VRFC 10-311] analyzing module System_Top_smartconnect_0_0_sc_util_v1_0_4_srl_rtl__parameterized1
INFO: [VRFC 10-311] analyzing module System_Top_smartconnect_0_0_sc_util_v1_0_4_srl_rtl__parameterized1_46
INFO: [VRFC 10-311] analyzing module System_Top_smartconnect_0_0_sc_util_v1_0_4_srl_rtl__parameterized1_47
INFO: [VRFC 10-311] analyzing module System_Top_smartconnect_0_0_sc_util_v1_0_4_srl_rtl__parameterized1_48
INFO: [VRFC 10-311] analyzing module System_Top_smartconnect_0_0_sc_util_v1_0_4_srl_rtl__parameterized1_52
INFO: [VRFC 10-311] analyzing module System_Top_smartconnect_0_0_sc_util_v1_0_4_srl_rtl__parameterized1_53
INFO: [VRFC 10-311] analyzing module System_Top_smartconnect_0_0_sc_util_v1_0_4_srl_rtl__parameterized1_54
INFO: [VRFC 10-311] analyzing module System_Top_smartconnect_0_0_sc_util_v1_0_4_srl_rtl__parameterized1_55
INFO: [VRFC 10-311] analyzing module System_Top_smartconnect_0_0_sc_util_v1_0_4_xpm_memory_fifo
INFO: [VRFC 10-311] analyzing module System_Top_smartconnect_0_0_sc_util_v1_0_4_xpm_memory_fifo_113
INFO: [VRFC 10-311] analyzing module System_Top_smartconnect_0_0_sc_util_v1_0_4_xpm_memory_fifo_125
INFO: [VRFC 10-311] analyzing module System_Top_smartconnect_0_0_sc_util_v1_0_4_xpm_memory_fifo_147
INFO: [VRFC 10-311] analyzing module System_Top_smartconnect_0_0_sc_util_v1_0_4_xpm_memory_fifo_187
INFO: [VRFC 10-311] analyzing module System_Top_smartconnect_0_0_sc_util_v1_0_4_xpm_memory_fifo_201
INFO: [VRFC 10-311] analyzing module System_Top_smartconnect_0_0_sc_util_v1_0_4_xpm_memory_fifo_21
INFO: [VRFC 10-311] analyzing module System_Top_smartconnect_0_0_sc_util_v1_0_4_xpm_memory_fifo_86
INFO: [VRFC 10-311] analyzing module System_Top_smartconnect_0_0_sc_util_v1_0_4_xpm_memory_fifo__parameterized0
INFO: [VRFC 10-311] analyzing module System_Top_smartconnect_0_0_sc_util_v1_0_4_xpm_memory_fifo__parameterized0_121
INFO: [VRFC 10-311] analyzing module System_Top_smartconnect_0_0_sc_util_v1_0_4_xpm_memory_fifo__parameterized0_183
INFO: [VRFC 10-311] analyzing module System_Top_smartconnect_0_0_sc_util_v1_0_4_xpm_memory_fifo__parameterized0_197
INFO: [VRFC 10-311] analyzing module System_Top_smartconnect_0_0_sc_util_v1_0_4_xpm_memory_fifo__parameterized1
INFO: [VRFC 10-311] analyzing module System_Top_smartconnect_0_0_sc_util_v1_0_4_xpm_memory_fifo__parameterized1_103
INFO: [VRFC 10-311] analyzing module System_Top_smartconnect_0_0_sc_util_v1_0_4_xpm_memory_fifo__parameterized1_160
INFO: [VRFC 10-311] analyzing module System_Top_smartconnect_0_0_sc_util_v1_0_4_xpm_memory_fifo__parameterized1_173
INFO: [VRFC 10-311] analyzing module System_Top_smartconnect_0_0_sc_util_v1_0_4_xpm_memory_fifo__parameterized2
INFO: [VRFC 10-311] analyzing module System_Top_smartconnect_0_0_sc_util_v1_0_4_xpm_memory_fifo__parameterized2_169
INFO: [VRFC 10-311] analyzing module System_Top_smartconnect_0_0_sc_util_v1_0_4_xpm_memory_fifo__parameterized3
INFO: [VRFC 10-311] analyzing module System_Top_smartconnect_0_0_sc_util_v1_0_4_xpm_memory_fifo__parameterized3_156
INFO: [VRFC 10-311] analyzing module System_Top_smartconnect_0_0_sc_util_v1_0_4_xpm_memory_fifo__parameterized3_91
INFO: [VRFC 10-311] analyzing module System_Top_smartconnect_0_0_sc_util_v1_0_4_xpm_memory_fifo__parameterized4
INFO: [VRFC 10-311] analyzing module System_Top_smartconnect_0_0_sc_util_v1_0_4_xpm_memory_fifo__parameterized4_143
INFO: [VRFC 10-311] analyzing module System_Top_smartconnect_0_0_sc_util_v1_0_4_xpm_memory_fifo__parameterized4_82
INFO: [VRFC 10-311] analyzing module System_Top_smartconnect_0_0_sc_util_v1_0_4_xpm_memory_fifo__parameterized5
INFO: [VRFC 10-311] analyzing module System_Top_smartconnect_0_0_sc_util_v1_0_4_xpm_memory_fifo__parameterized5_30
INFO: [VRFC 10-311] analyzing module System_Top_smartconnect_0_0_sc_util_v1_0_4_xpm_memory_fifo__parameterized5_41
INFO: [VRFC 10-311] analyzing module System_Top_smartconnect_0_0_sc_util_v1_0_4_xpm_memory_fifo__parameterized6
INFO: [VRFC 10-311] analyzing module System_Top_smartconnect_0_0_sc_util_v1_0_4_xpm_memory_fifo__parameterized6_37
INFO: [VRFC 10-311] analyzing module System_Top_smartconnect_0_0_sc_util_v1_0_4_xpm_memory_fifo__parameterized7
INFO: [VRFC 10-311] analyzing module System_Top_blk_mem_gen_0_0_blk_mem_gen_generic_cstr
INFO: [VRFC 10-311] analyzing module System_Top_blk_mem_gen_0_0_blk_mem_gen_prim_width
INFO: [VRFC 10-311] analyzing module System_Top_blk_mem_gen_0_0_blk_mem_gen_prim_width__parameterized0
INFO: [VRFC 10-311] analyzing module System_Top_blk_mem_gen_0_0_blk_mem_gen_prim_width__parameterized1
INFO: [VRFC 10-311] analyzing module System_Top_blk_mem_gen_0_0_blk_mem_gen_prim_width__parameterized2
INFO: [VRFC 10-311] analyzing module System_Top_blk_mem_gen_0_0_blk_mem_gen_prim_wrapper
INFO: [VRFC 10-311] analyzing module System_Top_blk_mem_gen_0_0_blk_mem_gen_prim_wrapper__parameterized0
INFO: [VRFC 10-311] analyzing module System_Top_blk_mem_gen_0_0_blk_mem_gen_prim_wrapper__parameterized1
INFO: [VRFC 10-311] analyzing module System_Top_blk_mem_gen_0_0_blk_mem_gen_prim_wrapper__parameterized2
INFO: [VRFC 10-311] analyzing module System_Top_blk_mem_gen_0_0_blk_mem_gen_top
INFO: [VRFC 10-311] analyzing module System_Top_blk_mem_gen_0_0_blk_mem_gen_v8_4_12
INFO: [VRFC 10-311] analyzing module System_Top_blk_mem_gen_0_0_blk_mem_gen_v8_4_12_synth
INFO: [VRFC 10-311] analyzing module glbl
