Copyright 1986-2022 Xilinx, Inc. All Rights Reserved. Copyright 2022-2025 Advanced Micro Devices, Inc. All Rights Reserved.
------------------------------------------------------------------------------------------------------------------------------------------------------------------------------------------------------------------------------------------------------------------
| Tool Version : Vivado v.2025.2 (lin64) Build 6299465 Fri Nov 14 12:34:56 MST 2025
| Date         : Tue Apr 14 11:55:16 2026
| Host         : gary-IdeaPad-Slim-5-Light-14ABR8 running 64-bit Ubuntu 24.04.4 LTS
| Command      : report_timing_summary -max_paths 10 -routable_nets -report_unconstrained -file System_Top_wrapper_timing_summary_routed.rpt -pb System_Top_wrapper_timing_summary_routed.pb -rpx System_Top_wrapper_timing_summary_routed.rpx -warn_on_violation
| Design       : System_Top_wrapper
| Device       : 7z020-clg400
| Speed File   : -1  PRODUCTION 1.12 2019-11-22
| Design State : Routed
------------------------------------------------------------------------------------------------------------------------------------------------------------------------------------------------------------------------------------------------------------------

Timing Summary Report

------------------------------------------------------------------------------------------------
| Timer Settings
| --------------
------------------------------------------------------------------------------------------------

  Enable Multi Corner Analysis               :  Yes
  Enable Pessimism Removal                   :  Yes
  Pessimism Removal Resolution               :  Nearest Common Node
  Enable Input Delay Default Clock           :  No
  Enable Preset / Clear Arcs                 :  No
  Disable Flight Delays                      :  No
  Ignore I/O Paths                           :  No
  Timing Early Launch at Borrowing Latches   :  No
  Borrow Time for Max Delay Exceptions       :  Yes
  Merge Timing Exceptions                    :  Yes
  Inter-SLR Compensation                     :  Conservative

  Corner  Analyze    Analyze    
  Name    Max Paths  Min Paths  
  ------  ---------  ---------  
  Slow    Yes        Yes        
  Fast    Yes        Yes        


------------------------------------------------------------------------------------------------
| Report Methodology
| ------------------
------------------------------------------------------------------------------------------------

No report available as report_methodology has not been run prior. Run report_methodology on the current design for the summary of methodology violations.



check_timing report

Table of Contents
-----------------
1. checking no_clock (0)
2. checking constant_clock (0)
3. checking pulse_width_clock (0)
4. checking unconstrained_internal_endpoints (0)
5. checking no_input_delay (0)
6. checking no_output_delay (0)
7. checking multiple_clock (0)
8. checking generated_clocks (0)
9. checking loops (0)
10. checking partial_input_delay (0)
11. checking partial_output_delay (0)
12. checking latch_loops (0)

1. checking no_clock (0)
------------------------
 There are 0 register/latch pins with no clock.


2. checking constant_clock (0)
------------------------------
 There are 0 register/latch pins with constant_clock.


3. checking pulse_width_clock (0)
---------------------------------
 There are 0 register/latch pins which need pulse_width check


4. checking unconstrained_internal_endpoints (0)
------------------------------------------------
 There are 0 pins that are not constrained for maximum delay.

 There are 0 pins that are not constrained for maximum delay due to constant clock.


5. checking no_input_delay (0)
------------------------------
 There are 0 input ports with no input delay specified.

 There are 0 input ports with no input delay but user has a false path constraint.


6. checking no_output_delay (0)
-------------------------------
 There are 0 ports with no output delay specified.

 There are 0 ports with no output delay but user has a false path constraint

 There are 0 ports with no output delay but with a timing clock defined on it or propagating through it


7. checking multiple_clock (0)
------------------------------
 There are 0 register/latch pins with multiple clocks.


8. checking generated_clocks (0)
--------------------------------
 There are 0 generated clocks that are not connected to a clock source.


9. checking loops (0)
---------------------
 There are 0 combinational loops in the design.


10. checking partial_input_delay (0)
------------------------------------
 There are 0 input ports with partial input delay specified.


11. checking partial_output_delay (0)
-------------------------------------
 There are 0 ports with partial output delay specified.


12. checking latch_loops (0)
----------------------------
 There are 0 combinational latch loops in the design through latch input



------------------------------------------------------------------------------------------------
| Design Timing Summary
| ---------------------
------------------------------------------------------------------------------------------------

    WNS(ns)      TNS(ns)  TNS Failing Endpoints  TNS Total Endpoints      WHS(ns)      THS(ns)  THS Failing Endpoints  THS Total Endpoints     WPWS(ns)     TPWS(ns)  TPWS Failing Endpoints  TPWS Total Endpoints  
    -------      -------  ---------------------  -------------------      -------      -------  ---------------------  -------------------     --------     --------  ----------------------  --------------------  
      4.653        0.000                      0                32808        0.028        0.000                      0                32808        7.750        0.000                       0                  6989  


All user specified timing constraints are met.


------------------------------------------------------------------------------------------------
| Clock Summary
| -------------
------------------------------------------------------------------------------------------------

Clock       Waveform(ns)       Period(ns)      Frequency(MHz)
-----       ------------       ----------      --------------
clk_fpga_0  {0.000 9.000}      18.000          55.556          


------------------------------------------------------------------------------------------------
| Intra Clock Table
| -----------------
------------------------------------------------------------------------------------------------

Clock             WNS(ns)      TNS(ns)  TNS Failing Endpoints  TNS Total Endpoints      WHS(ns)      THS(ns)  THS Failing Endpoints  THS Total Endpoints     WPWS(ns)     TPWS(ns)  TPWS Failing Endpoints  TPWS Total Endpoints  
-----             -------      -------  ---------------------  -------------------      -------      -------  ---------------------  -------------------     --------     --------  ----------------------  --------------------  
clk_fpga_0          4.653        0.000                      0                32458        0.028        0.000                      0                32458        7.750        0.000                       0                  6989  


------------------------------------------------------------------------------------------------
| Inter Clock Table
| -----------------
------------------------------------------------------------------------------------------------

From Clock    To Clock          WNS(ns)      TNS(ns)  TNS Failing Endpoints  TNS Total Endpoints      WHS(ns)      THS(ns)  THS Failing Endpoints  THS Total Endpoints  
----------    --------          -------      -------  ---------------------  -------------------      -------      -------  ---------------------  -------------------  


------------------------------------------------------------------------------------------------
| Other Path Groups Table
| -----------------------
------------------------------------------------------------------------------------------------

Path Group         From Clock         To Clock               WNS(ns)      TNS(ns)  TNS Failing Endpoints  TNS Total Endpoints      WHS(ns)      THS(ns)  THS Failing Endpoints  THS Total Endpoints  
----------         ----------         --------               -------      -------  ---------------------  -------------------      -------      -------  ---------------------  -------------------  
**async_default**  clk_fpga_0         clk_fpga_0               7.092        0.000                      0                  350        1.116        0.000                      0                  350  


------------------------------------------------------------------------------------------------
| User Ignored Path Table
| -----------------------
------------------------------------------------------------------------------------------------

Path Group    From Clock    To Clock    
----------    ----------    --------    
(none)                      clk_fpga_0    
(none)        clk_fpga_0    clk_fpga_0    


------------------------------------------------------------------------------------------------
| Unconstrained Path Table
| ------------------------
------------------------------------------------------------------------------------------------

Path Group    From Clock    To Clock    
----------    ----------    --------    


------------------------------------------------------------------------------------------------
| Timing Details
| --------------
------------------------------------------------------------------------------------------------


---------------------------------------------------------------------------------------------------
From Clock:  clk_fpga_0
  To Clock:  clk_fpga_0

Setup :            0  Failing Endpoints,  Worst Slack        4.653ns,  Total Violation        0.000ns
Hold  :            0  Failing Endpoints,  Worst Slack        0.028ns,  Total Violation        0.000ns
PW    :            0  Failing Endpoints,  Worst Slack        7.750ns,  Total Violation        0.000ns
---------------------------------------------------------------------------------------------------


Max Delay Paths
--------------------------------------------------------------------------------------
Slack (MET) :             4.653ns  (required time - arrival time)
  Source:                 System_Top_i/Top_0/inst/ctrl_inst/control_inst/FSM_onehot_o_state_reg[5]/C
                            (rising edge-triggered cell FDCE clocked by clk_fpga_0  {rise@0.000ns fall@9.000ns period=18.000ns})
  Destination:            System_Top_i/Top_0/inst/array_inst/gen_row[12].gen_col[14].pe_i/register_file_inst/rf_mem_reg_r1_0_127_0_0/DP.HIGH/I
                            (rising edge-triggered cell RAMD64E clocked by clk_fpga_0  {rise@0.000ns fall@9.000ns period=18.000ns})
  Path Group:             clk_fpga_0
  Path Type:              Setup (Max at Slow Process Corner)
  Requirement:            18.000ns  (clk_fpga_0 rise@18.000ns - clk_fpga_0 rise@0.000ns)
  Data Path Delay:        12.148ns  (logic 2.087ns (17.180%)  route 10.061ns (82.820%))
  Logic Levels:           9  (LUT4=3 LUT5=3 LUT6=1 MUXF7=1 RAMD64E=1)
  Clock Path Skew:        -0.202ns (DCD - SCD + CPR)
    Destination Clock Delay (DCD):    2.674ns = ( 20.674 - 18.000 ) 
    Source Clock Delay      (SCD):    2.991ns
    Clock Pessimism Removal (CPR):    0.115ns
  Clock Uncertainty:      0.272ns  ((TSJ^2 + TIJ^2)^1/2 + DJ) / 2 + PE
    Total System Jitter     (TSJ):    0.071ns
    Total Input Jitter      (TIJ):    0.540ns
    Discrete Jitter          (DJ):    0.000ns
    Phase Error              (PE):    0.000ns

    Location             Delay type                Incr(ns)  Path(ns)    Netlist Resource(s)
  -------------------------------------------------------------------    -------------------
                         (clock clk_fpga_0 rise edge)
                                                      0.000     0.000 r  
    PS7_X0Y0             PS7                          0.000     0.000 r  System_Top_i/processing_system7_0/inst/PS7_i/FCLKCLK[0]
                         net (fo=1, routed)           1.193     1.193    System_Top_i/processing_system7_0/inst/FCLK_CLK_unbuffered[0]
    BUFGCTRL_X0Y16       BUFG (Prop_bufg_I_O)         0.101     1.294 r  System_Top_i/processing_system7_0/inst/buffer_fclk_clk_0.FCLK_CLK_0_BUFG/O
                         net (fo=6989, routed)        1.697     2.991    System_Top_i/Top_0/inst/ctrl_inst/control_inst/i_clk
    SLICE_X64Y76         FDCE                                         r  System_Top_i/Top_0/inst/ctrl_inst/control_inst/FSM_onehot_o_state_reg[5]/C
  -------------------------------------------------------------------    -------------------
    SLICE_X64Y76         FDCE (Prop_fdce_C_Q)         0.456     3.447 f  System_Top_i/Top_0/inst/ctrl_inst/control_inst/FSM_onehot_o_state_reg[5]/Q
                         net (fo=43, routed)          0.892     4.339    System_Top_i/Top_0/inst/ctrl_inst/control_inst/p_1_in
    SLICE_X63Y75         LUT5 (Prop_lut5_I3_O)        0.124     4.463 f  System_Top_i/Top_0/inst/ctrl_inst/control_inst/rf_mem_reg_r1_0_127_0_0_i_15/O
                         net (fo=5, routed)           0.758     5.220    System_Top_i/Top_0/inst/ctrl_inst/control_inst/FSM_onehot_o_state_reg[3]_0
    SLICE_X60Y71         LUT4 (Prop_lut4_I3_O)        0.124     5.344 r  System_Top_i/Top_0/inst/ctrl_inst/control_inst/rf_mem_reg_r1_0_127_0_0_i_16/O
                         net (fo=279, routed)         0.874     6.219    System_Top_i/Top_0/inst/ctrl_inst/control_inst/FSM_onehot_o_state_reg[6]_0
    SLICE_X51Y75         LUT5 (Prop_lut5_I3_O)        0.124     6.343 r  System_Top_i/Top_0/inst/ctrl_inst/control_inst/rf_mem_reg_r1_0_127_0_0_i_5__33/O
                         net (fo=512, routed)         3.221     9.563    System_Top_i/Top_0/inst/array_inst/gen_row[11].gen_col[14].pe_i/register_file_inst/rf_mem_reg_r1_0_127_0_0/DPRA1
    SLICE_X26Y42         RAMD64E (Prop_ramd64e_RADR1_O)
                                                      0.124     9.687 r  System_Top_i/Top_0/inst/array_inst/gen_row[11].gen_col[14].pe_i/register_file_inst/rf_mem_reg_r1_0_127_0_0/DP.HIGH/O
                         net (fo=1, routed)           0.000     9.687    System_Top_i/Top_0/inst/array_inst/gen_row[11].gen_col[14].pe_i/register_file_inst/rf_mem_reg_r1_0_127_0_0/DPO1
    SLICE_X26Y42         MUXF7 (Prop_muxf7_I1_O)      0.214     9.901 r  System_Top_i/Top_0/inst/array_inst/gen_row[11].gen_col[14].pe_i/register_file_inst/rf_mem_reg_r1_0_127_0_0/F7.DP/O
                         net (fo=5, routed)           1.627    11.528    System_Top_i/Top_0/inst/ctrl_inst/control_inst/r_carry_reg_426
    SLICE_X34Y53         LUT4 (Prop_lut4_I3_O)        0.325    11.853 r  System_Top_i/Top_0/inst/ctrl_inst/control_inst/r_carry_i_4__166/O
                         net (fo=1, routed)           0.586    12.439    System_Top_i/Top_0/inst/ctrl_inst/control_inst/r_carry_i_4__166_n_0
    SLICE_X37Y52         LUT4 (Prop_lut4_I1_O)        0.348    12.787 r  System_Top_i/Top_0/inst/ctrl_inst/control_inst/r_carry_i_2__205/O
                         net (fo=3, routed)           0.880    13.667    System_Top_i/Top_0/inst/ctrl_inst/control_inst/array_inst/gen_row[12].gen_col[14].pe_i/operandB
    SLICE_X41Y48         LUT5 (Prop_lut5_I3_O)        0.124    13.791 r  System_Top_i/Top_0/inst/ctrl_inst/control_inst/rf_mem_reg_r1_0_127_0_0_i_3__204/O
                         net (fo=1, routed)           0.407    14.198    System_Top_i/Top_0/inst/ctrl_inst/control_inst/rf_mem_reg_r1_0_127_0_0_i_3__204_n_0
    SLICE_X41Y48         LUT6 (Prop_lut6_I3_O)        0.124    14.322 r  System_Top_i/Top_0/inst/ctrl_inst/control_inst/rf_mem_reg_r1_0_127_0_0_i_1__48/O
                         net (fo=8, routed)           0.817    15.139    System_Top_i/Top_0/inst/array_inst/gen_row[12].gen_col[14].pe_i/register_file_inst/rf_mem_reg_r1_0_127_0_0/D
    SLICE_X38Y44         RAMD64E                                      r  System_Top_i/Top_0/inst/array_inst/gen_row[12].gen_col[14].pe_i/register_file_inst/rf_mem_reg_r1_0_127_0_0/DP.HIGH/I
  -------------------------------------------------------------------    -------------------

                         (clock clk_fpga_0 rise edge)
                                                     18.000    18.000 r  
    PS7_X0Y0             PS7                          0.000    18.000 r  System_Top_i/processing_system7_0/inst/PS7_i/FCLKCLK[0]
                         net (fo=1, routed)           1.088    19.088    System_Top_i/processing_system7_0/inst/FCLK_CLK_unbuffered[0]
    BUFGCTRL_X0Y16       BUFG (Prop_bufg_I_O)         0.091    19.179 r  System_Top_i/processing_system7_0/inst/buffer_fclk_clk_0.FCLK_CLK_0_BUFG/O
                         net (fo=6989, routed)        1.495    20.674    System_Top_i/Top_0/inst/array_inst/gen_row[12].gen_col[14].pe_i/register_file_inst/rf_mem_reg_r1_0_127_0_0/WCLK
    SLICE_X38Y44         RAMD64E                                      r  System_Top_i/Top_0/inst/array_inst/gen_row[12].gen_col[14].pe_i/register_file_inst/rf_mem_reg_r1_0_127_0_0/DP.HIGH/CLK
                         clock pessimism              0.115    20.789    
                         clock uncertainty           -0.272    20.517    
    SLICE_X38Y44         RAMD64E (Setup_ramd64e_CLK_I)
                                                     -0.725    19.792    System_Top_i/Top_0/inst/array_inst/gen_row[12].gen_col[14].pe_i/register_file_inst/rf_mem_reg_r1_0_127_0_0/DP.HIGH
  -------------------------------------------------------------------
                         required time                         19.792    
                         arrival time                         -15.139    
  -------------------------------------------------------------------
                         slack                                  4.653    

Slack (MET) :             4.703ns  (required time - arrival time)
  Source:                 System_Top_i/Top_0/inst/ctrl_inst/control_inst/FSM_onehot_o_state_reg[5]/C
                            (rising edge-triggered cell FDCE clocked by clk_fpga_0  {rise@0.000ns fall@9.000ns period=18.000ns})
  Destination:            System_Top_i/Top_0/inst/array_inst/gen_row[12].gen_col[14].pe_i/register_file_inst/rf_mem_reg_r2_0_127_0_0/DP.HIGH/I
                            (rising edge-triggered cell RAMD64E clocked by clk_fpga_0  {rise@0.000ns fall@9.000ns period=18.000ns})
  Path Group:             clk_fpga_0
  Path Type:              Setup (Max at Slow Process Corner)
  Requirement:            18.000ns  (clk_fpga_0 rise@18.000ns - clk_fpga_0 rise@0.000ns)
  Data Path Delay:        12.099ns  (logic 2.087ns (17.250%)  route 10.012ns (82.750%))
  Logic Levels:           9  (LUT4=3 LUT5=3 LUT6=1 MUXF7=1 RAMD64E=1)
  Clock Path Skew:        -0.202ns (DCD - SCD + CPR)
    Destination Clock Delay (DCD):    2.674ns = ( 20.674 - 18.000 ) 
    Source Clock Delay      (SCD):    2.991ns
    Clock Pessimism Removal (CPR):    0.115ns
  Clock Uncertainty:      0.272ns  ((TSJ^2 + TIJ^2)^1/2 + DJ) / 2 + PE
    Total System Jitter     (TSJ):    0.071ns
    Total Input Jitter      (TIJ):    0.540ns
    Discrete Jitter          (DJ):    0.000ns
    Phase Error              (PE):    0.000ns

    Location             Delay type                Incr(ns)  Path(ns)    Netlist Resource(s)
  -------------------------------------------------------------------    -------------------
                         (clock clk_fpga_0 rise edge)
                                                      0.000     0.000 r  
    PS7_X0Y0             PS7                          0.000     0.000 r  System_Top_i/processing_system7_0/inst/PS7_i/FCLKCLK[0]
                         net (fo=1, routed)           1.193     1.193    System_Top_i/processing_system7_0/inst/FCLK_CLK_unbuffered[0]
    BUFGCTRL_X0Y16       BUFG (Prop_bufg_I_O)         0.101     1.294 r  System_Top_i/processing_system7_0/inst/buffer_fclk_clk_0.FCLK_CLK_0_BUFG/O
                         net (fo=6989, routed)        1.697     2.991    System_Top_i/Top_0/inst/ctrl_inst/control_inst/i_clk
    SLICE_X64Y76         FDCE                                         r  System_Top_i/Top_0/inst/ctrl_inst/control_inst/FSM_onehot_o_state_reg[5]/C
  -------------------------------------------------------------------    -------------------
    SLICE_X64Y76         FDCE (Prop_fdce_C_Q)         0.456     3.447 f  System_Top_i/Top_0/inst/ctrl_inst/control_inst/FSM_onehot_o_state_reg[5]/Q
                         net (fo=43, routed)          0.892     4.339    System_Top_i/Top_0/inst/ctrl_inst/control_inst/p_1_in
    SLICE_X63Y75         LUT5 (Prop_lut5_I3_O)        0.124     4.463 f  System_Top_i/Top_0/inst/ctrl_inst/control_inst/rf_mem_reg_r1_0_127_0_0_i_15/O
                         net (fo=5, routed)           0.758     5.220    System_Top_i/Top_0/inst/ctrl_inst/control_inst/FSM_onehot_o_state_reg[3]_0
    SLICE_X60Y71         LUT4 (Prop_lut4_I3_O)        0.124     5.344 r  System_Top_i/Top_0/inst/ctrl_inst/control_inst/rf_mem_reg_r1_0_127_0_0_i_16/O
                         net (fo=279, routed)         0.874     6.219    System_Top_i/Top_0/inst/ctrl_inst/control_inst/FSM_onehot_o_state_reg[6]_0
    SLICE_X51Y75         LUT5 (Prop_lut5_I3_O)        0.124     6.343 r  System_Top_i/Top_0/inst/ctrl_inst/control_inst/rf_mem_reg_r1_0_127_0_0_i_5__33/O
                         net (fo=512, routed)         3.221     9.563    System_Top_i/Top_0/inst/array_inst/gen_row[11].gen_col[14].pe_i/register_file_inst/rf_mem_reg_r1_0_127_0_0/DPRA1
    SLICE_X26Y42         RAMD64E (Prop_ramd64e_RADR1_O)
                                                      0.124     9.687 r  System_Top_i/Top_0/inst/array_inst/gen_row[11].gen_col[14].pe_i/register_file_inst/rf_mem_reg_r1_0_127_0_0/DP.HIGH/O
                         net (fo=1, routed)           0.000     9.687    System_Top_i/Top_0/inst/array_inst/gen_row[11].gen_col[14].pe_i/register_file_inst/rf_mem_reg_r1_0_127_0_0/DPO1
    SLICE_X26Y42         MUXF7 (Prop_muxf7_I1_O)      0.214     9.901 r  System_Top_i/Top_0/inst/array_inst/gen_row[11].gen_col[14].pe_i/register_file_inst/rf_mem_reg_r1_0_127_0_0/F7.DP/O
                         net (fo=5, routed)           1.627    11.528    System_Top_i/Top_0/inst/ctrl_inst/control_inst/r_carry_reg_426
    SLICE_X34Y53         LUT4 (Prop_lut4_I3_O)        0.325    11.853 r  System_Top_i/Top_0/inst/ctrl_inst/control_inst/r_carry_i_4__166/O
                         net (fo=1, routed)           0.586    12.439    System_Top_i/Top_0/inst/ctrl_inst/control_inst/r_carry_i_4__166_n_0
    SLICE_X37Y52         LUT4 (Prop_lut4_I1_O)        0.348    12.787 r  System_Top_i/Top_0/inst/ctrl_inst/control_inst/r_carry_i_2__205/O
                         net (fo=3, routed)           0.880    13.667    System_Top_i/Top_0/inst/ctrl_inst/control_inst/array_inst/gen_row[12].gen_col[14].pe_i/operandB
    SLICE_X41Y48         LUT5 (Prop_lut5_I3_O)        0.124    13.791 r  System_Top_i/Top_0/inst/ctrl_inst/control_inst/rf_mem_reg_r1_0_127_0_0_i_3__204/O
                         net (fo=1, routed)           0.407    14.198    System_Top_i/Top_0/inst/ctrl_inst/control_inst/rf_mem_reg_r1_0_127_0_0_i_3__204_n_0
    SLICE_X41Y48         LUT6 (Prop_lut6_I3_O)        0.124    14.322 r  System_Top_i/Top_0/inst/ctrl_inst/control_inst/rf_mem_reg_r1_0_127_0_0_i_1__48/O
                         net (fo=8, routed)           0.768    15.090    System_Top_i/Top_0/inst/array_inst/gen_row[12].gen_col[14].pe_i/register_file_inst/rf_mem_reg_r2_0_127_0_0/D
    SLICE_X42Y44         RAMD64E                                      r  System_Top_i/Top_0/inst/array_inst/gen_row[12].gen_col[14].pe_i/register_file_inst/rf_mem_reg_r2_0_127_0_0/DP.HIGH/I
  -------------------------------------------------------------------    -------------------

                         (clock clk_fpga_0 rise edge)
                                                     18.000    18.000 r  
    PS7_X0Y0             PS7                          0.000    18.000 r  System_Top_i/processing_system7_0/inst/PS7_i/FCLKCLK[0]
                         net (fo=1, routed)           1.088    19.088    System_Top_i/processing_system7_0/inst/FCLK_CLK_unbuffered[0]
    BUFGCTRL_X0Y16       BUFG (Prop_bufg_I_O)         0.091    19.179 r  System_Top_i/processing_system7_0/inst/buffer_fclk_clk_0.FCLK_CLK_0_BUFG/O
                         net (fo=6989, routed)        1.495    20.674    System_Top_i/Top_0/inst/array_inst/gen_row[12].gen_col[14].pe_i/register_file_inst/rf_mem_reg_r2_0_127_0_0/WCLK
    SLICE_X42Y44         RAMD64E                                      r  System_Top_i/Top_0/inst/array_inst/gen_row[12].gen_col[14].pe_i/register_file_inst/rf_mem_reg_r2_0_127_0_0/DP.HIGH/CLK
                         clock pessimism              0.115    20.789    
                         clock uncertainty           -0.272    20.517    
    SLICE_X42Y44         RAMD64E (Setup_ramd64e_CLK_I)
                                                     -0.725    19.792    System_Top_i/Top_0/inst/array_inst/gen_row[12].gen_col[14].pe_i/register_file_inst/rf_mem_reg_r2_0_127_0_0/DP.HIGH
  -------------------------------------------------------------------
                         required time                         19.792    
                         arrival time                         -15.090    
  -------------------------------------------------------------------
                         slack                                  4.703    

Slack (MET) :             4.727ns  (required time - arrival time)
  Source:                 System_Top_i/AXI_ArrayProc_0/inst/AXI_ArrayProc_slave_lite_v1_0_S00_AXI_inst/slv_reg0_reg[3]/C
                            (rising edge-triggered cell FDRE clocked by clk_fpga_0  {rise@0.000ns fall@9.000ns period=18.000ns})
  Destination:            System_Top_i/Top_0/inst/array_inst/gen_row[9].gen_col[13].pe_i/register_file_inst/rf_mem_reg_r2_0_127_0_0/DP.HIGH/WE
                            (rising edge-triggered cell RAMD64E clocked by clk_fpga_0  {rise@0.000ns fall@9.000ns period=18.000ns})
  Path Group:             clk_fpga_0
  Path Type:              Setup (Max at Slow Process Corner)
  Requirement:            18.000ns  (clk_fpga_0 rise@18.000ns - clk_fpga_0 rise@0.000ns)
  Data Path Delay:        12.289ns  (logic 0.580ns (4.720%)  route 11.709ns (95.280%))
  Logic Levels:           1  (LUT6=1)
  Clock Path Skew:        -0.179ns (DCD - SCD + CPR)
    Destination Clock Delay (DCD):    2.700ns = ( 20.700 - 18.000 ) 
    Source Clock Delay      (SCD):    3.008ns
    Clock Pessimism Removal (CPR):    0.129ns
  Clock Uncertainty:      0.272ns  ((TSJ^2 + TIJ^2)^1/2 + DJ) / 2 + PE
    Total System Jitter     (TSJ):    0.071ns
    Total Input Jitter      (TIJ):    0.540ns
    Discrete Jitter          (DJ):    0.000ns
    Phase Error              (PE):    0.000ns

    Location             Delay type                Incr(ns)  Path(ns)    Netlist Resource(s)
  -------------------------------------------------------------------    -------------------
                         (clock clk_fpga_0 rise edge)
                                                      0.000     0.000 r  
    PS7_X0Y0             PS7                          0.000     0.000 r  System_Top_i/processing_system7_0/inst/PS7_i/FCLKCLK[0]
                         net (fo=1, routed)           1.193     1.193    System_Top_i/processing_system7_0/inst/FCLK_CLK_unbuffered[0]
    BUFGCTRL_X0Y16       BUFG (Prop_bufg_I_O)         0.101     1.294 r  System_Top_i/processing_system7_0/inst/buffer_fclk_clk_0.FCLK_CLK_0_BUFG/O
                         net (fo=6989, routed)        1.714     3.008    System_Top_i/AXI_ArrayProc_0/inst/AXI_ArrayProc_slave_lite_v1_0_S00_AXI_inst/s00_axi_aclk
    SLICE_X63Y95         FDRE                                         r  System_Top_i/AXI_ArrayProc_0/inst/AXI_ArrayProc_slave_lite_v1_0_S00_AXI_inst/slv_reg0_reg[3]/C
  -------------------------------------------------------------------    -------------------
    SLICE_X63Y95         FDRE (Prop_fdre_C_Q)         0.456     3.464 r  System_Top_i/AXI_ArrayProc_0/inst/AXI_ArrayProc_slave_lite_v1_0_S00_AXI_inst/slv_reg0_reg[3]/Q
                         net (fo=3081, routed)        4.076     7.540    System_Top_i/Top_0/inst/i_instruction[3]
    SLICE_X60Y76         LUT6 (Prop_lut6_I5_O)        0.124     7.664 r  System_Top_i/Top_0/inst/rf_mem_reg_r1_0_127_0_0_i_2__254/O
                         net (fo=2048, routed)        7.633    15.297    System_Top_i/Top_0/inst/array_inst/gen_row[9].gen_col[13].pe_i/register_file_inst/rf_mem_reg_r2_0_127_0_0/WE
    SLICE_X26Y56         RAMD64E                                      r  System_Top_i/Top_0/inst/array_inst/gen_row[9].gen_col[13].pe_i/register_file_inst/rf_mem_reg_r2_0_127_0_0/DP.HIGH/WE
  -------------------------------------------------------------------    -------------------

                         (clock clk_fpga_0 rise edge)
                                                     18.000    18.000 r  
    PS7_X0Y0             PS7                          0.000    18.000 r  System_Top_i/processing_system7_0/inst/PS7_i/FCLKCLK[0]
                         net (fo=1, routed)           1.088    19.088    System_Top_i/processing_system7_0/inst/FCLK_CLK_unbuffered[0]
    BUFGCTRL_X0Y16       BUFG (Prop_bufg_I_O)         0.091    19.179 r  System_Top_i/processing_system7_0/inst/buffer_fclk_clk_0.FCLK_CLK_0_BUFG/O
                         net (fo=6989, routed)        1.521    20.700    System_Top_i/Top_0/inst/array_inst/gen_row[9].gen_col[13].pe_i/register_file_inst/rf_mem_reg_r2_0_127_0_0/WCLK
    SLICE_X26Y56         RAMD64E                                      r  System_Top_i/Top_0/inst/array_inst/gen_row[9].gen_col[13].pe_i/register_file_inst/rf_mem_reg_r2_0_127_0_0/DP.HIGH/CLK
                         clock pessimism              0.129    20.829    
                         clock uncertainty           -0.272    20.556    
    SLICE_X26Y56         RAMD64E (Setup_ramd64e_CLK_WE)
                                                     -0.533    20.023    System_Top_i/Top_0/inst/array_inst/gen_row[9].gen_col[13].pe_i/register_file_inst/rf_mem_reg_r2_0_127_0_0/DP.HIGH
  -------------------------------------------------------------------
                         required time                         20.023    
                         arrival time                         -15.297    
  -------------------------------------------------------------------
                         slack                                  4.727    

Slack (MET) :             4.727ns  (required time - arrival time)
  Source:                 System_Top_i/AXI_ArrayProc_0/inst/AXI_ArrayProc_slave_lite_v1_0_S00_AXI_inst/slv_reg0_reg[3]/C
                            (rising edge-triggered cell FDRE clocked by clk_fpga_0  {rise@0.000ns fall@9.000ns period=18.000ns})
  Destination:            System_Top_i/Top_0/inst/array_inst/gen_row[9].gen_col[13].pe_i/register_file_inst/rf_mem_reg_r2_0_127_0_0/DP.LOW/WE
                            (rising edge-triggered cell RAMD64E clocked by clk_fpga_0  {rise@0.000ns fall@9.000ns period=18.000ns})
  Path Group:             clk_fpga_0
  Path Type:              Setup (Max at Slow Process Corner)
  Requirement:            18.000ns  (clk_fpga_0 rise@18.000ns - clk_fpga_0 rise@0.000ns)
  Data Path Delay:        12.289ns  (logic 0.580ns (4.720%)  route 11.709ns (95.280%))
  Logic Levels:           1  (LUT6=1)
  Clock Path Skew:        -0.179ns (DCD - SCD + CPR)
    Destination Clock Delay (DCD):    2.700ns = ( 20.700 - 18.000 ) 
    Source Clock Delay      (SCD):    3.008ns
    Clock Pessimism Removal (CPR):    0.129ns
  Clock Uncertainty:      0.272ns  ((TSJ^2 + TIJ^2)^1/2 + DJ) / 2 + PE
    Total System Jitter     (TSJ):    0.071ns
    Total Input Jitter      (TIJ):    0.540ns
    Discrete Jitter          (DJ):    0.000ns
    Phase Error              (PE):    0.000ns

    Location             Delay type                Incr(ns)  Path(ns)    Netlist Resource(s)
  -------------------------------------------------------------------    -------------------
                         (clock clk_fpga_0 rise edge)
                                                      0.000     0.000 r  
    PS7_X0Y0             PS7                          0.000     0.000 r  System_Top_i/processing_system7_0/inst/PS7_i/FCLKCLK[0]
                         net (fo=1, routed)           1.193     1.193    System_Top_i/processing_system7_0/inst/FCLK_CLK_unbuffered[0]
    BUFGCTRL_X0Y16       BUFG (Prop_bufg_I_O)         0.101     1.294 r  System_Top_i/processing_system7_0/inst/buffer_fclk_clk_0.FCLK_CLK_0_BUFG/O
                         net (fo=6989, routed)        1.714     3.008    System_Top_i/AXI_ArrayProc_0/inst/AXI_ArrayProc_slave_lite_v1_0_S00_AXI_inst/s00_axi_aclk
    SLICE_X63Y95         FDRE                                         r  System_Top_i/AXI_ArrayProc_0/inst/AXI_ArrayProc_slave_lite_v1_0_S00_AXI_inst/slv_reg0_reg[3]/C
  -------------------------------------------------------------------    -------------------
    SLICE_X63Y95         FDRE (Prop_fdre_C_Q)         0.456     3.464 r  System_Top_i/AXI_ArrayProc_0/inst/AXI_ArrayProc_slave_lite_v1_0_S00_AXI_inst/slv_reg0_reg[3]/Q
                         net (fo=3081, routed)        4.076     7.540    System_Top_i/Top_0/inst/i_instruction[3]
    SLICE_X60Y76         LUT6 (Prop_lut6_I5_O)        0.124     7.664 r  System_Top_i/Top_0/inst/rf_mem_reg_r1_0_127_0_0_i_2__254/O
                         net (fo=2048, routed)        7.633    15.297    System_Top_i/Top_0/inst/array_inst/gen_row[9].gen_col[13].pe_i/register_file_inst/rf_mem_reg_r2_0_127_0_0/WE
    SLICE_X26Y56         RAMD64E                                      r  System_Top_i/Top_0/inst/array_inst/gen_row[9].gen_col[13].pe_i/register_file_inst/rf_mem_reg_r2_0_127_0_0/DP.LOW/WE
  -------------------------------------------------------------------    -------------------

                         (clock clk_fpga_0 rise edge)
                                                     18.000    18.000 r  
    PS7_X0Y0             PS7                          0.000    18.000 r  System_Top_i/processing_system7_0/inst/PS7_i/FCLKCLK[0]
                         net (fo=1, routed)           1.088    19.088    System_Top_i/processing_system7_0/inst/FCLK_CLK_unbuffered[0]
    BUFGCTRL_X0Y16       BUFG (Prop_bufg_I_O)         0.091    19.179 r  System_Top_i/processing_system7_0/inst/buffer_fclk_clk_0.FCLK_CLK_0_BUFG/O
                         net (fo=6989, routed)        1.521    20.700    System_Top_i/Top_0/inst/array_inst/gen_row[9].gen_col[13].pe_i/register_file_inst/rf_mem_reg_r2_0_127_0_0/WCLK
    SLICE_X26Y56         RAMD64E                                      r  System_Top_i/Top_0/inst/array_inst/gen_row[9].gen_col[13].pe_i/register_file_inst/rf_mem_reg_r2_0_127_0_0/DP.LOW/CLK
                         clock pessimism              0.129    20.829    
                         clock uncertainty           -0.272    20.556    
    SLICE_X26Y56         RAMD64E (Setup_ramd64e_CLK_WE)
                                                     -0.533    20.023    System_Top_i/Top_0/inst/array_inst/gen_row[9].gen_col[13].pe_i/register_file_inst/rf_mem_reg_r2_0_127_0_0/DP.LOW
  -------------------------------------------------------------------
                         required time                         20.023    
                         arrival time                         -15.297    
  -------------------------------------------------------------------
                         slack                                  4.727    

Slack (MET) :             4.727ns  (required time - arrival time)
  Source:                 System_Top_i/AXI_ArrayProc_0/inst/AXI_ArrayProc_slave_lite_v1_0_S00_AXI_inst/slv_reg0_reg[3]/C
                            (rising edge-triggered cell FDRE clocked by clk_fpga_0  {rise@0.000ns fall@9.000ns period=18.000ns})
  Destination:            System_Top_i/Top_0/inst/array_inst/gen_row[9].gen_col[13].pe_i/register_file_inst/rf_mem_reg_r2_0_127_0_0/SP.HIGH/WE
                            (rising edge-triggered cell RAMD64E clocked by clk_fpga_0  {rise@0.000ns fall@9.000ns period=18.000ns})
  Path Group:             clk_fpga_0
  Path Type:              Setup (Max at Slow Process Corner)
  Requirement:            18.000ns  (clk_fpga_0 rise@18.000ns - clk_fpga_0 rise@0.000ns)
  Data Path Delay:        12.289ns  (logic 0.580ns (4.720%)  route 11.709ns (95.280%))
  Logic Levels:           1  (LUT6=1)
  Clock Path Skew:        -0.179ns (DCD - SCD + CPR)
    Destination Clock Delay (DCD):    2.700ns = ( 20.700 - 18.000 ) 
    Source Clock Delay      (SCD):    3.008ns
    Clock Pessimism Removal (CPR):    0.129ns
  Clock Uncertainty:      0.272ns  ((TSJ^2 + TIJ^2)^1/2 + DJ) / 2 + PE
    Total System Jitter     (TSJ):    0.071ns
    Total Input Jitter      (TIJ):    0.540ns
    Discrete Jitter          (DJ):    0.000ns
    Phase Error              (PE):    0.000ns

    Location             Delay type                Incr(ns)  Path(ns)    Netlist Resource(s)
  -------------------------------------------------------------------    -------------------
                         (clock clk_fpga_0 rise edge)
                                                      0.000     0.000 r  
    PS7_X0Y0             PS7                          0.000     0.000 r  System_Top_i/processing_system7_0/inst/PS7_i/FCLKCLK[0]
                         net (fo=1, routed)           1.193     1.193    System_Top_i/processing_system7_0/inst/FCLK_CLK_unbuffered[0]
    BUFGCTRL_X0Y16       BUFG (Prop_bufg_I_O)         0.101     1.294 r  System_Top_i/processing_system7_0/inst/buffer_fclk_clk_0.FCLK_CLK_0_BUFG/O
                         net (fo=6989, routed)        1.714     3.008    System_Top_i/AXI_ArrayProc_0/inst/AXI_ArrayProc_slave_lite_v1_0_S00_AXI_inst/s00_axi_aclk
    SLICE_X63Y95         FDRE                                         r  System_Top_i/AXI_ArrayProc_0/inst/AXI_ArrayProc_slave_lite_v1_0_S00_AXI_inst/slv_reg0_reg[3]/C
  -------------------------------------------------------------------    -------------------
    SLICE_X63Y95         FDRE (Prop_fdre_C_Q)         0.456     3.464 r  System_Top_i/AXI_ArrayProc_0/inst/AXI_ArrayProc_slave_lite_v1_0_S00_AXI_inst/slv_reg0_reg[3]/Q
                         net (fo=3081, routed)        4.076     7.540    System_Top_i/Top_0/inst/i_instruction[3]
    SLICE_X60Y76         LUT6 (Prop_lut6_I5_O)        0.124     7.664 r  System_Top_i/Top_0/inst/rf_mem_reg_r1_0_127_0_0_i_2__254/O
                         net (fo=2048, routed)        7.633    15.297    System_Top_i/Top_0/inst/array_inst/gen_row[9].gen_col[13].pe_i/register_file_inst/rf_mem_reg_r2_0_127_0_0/WE
    SLICE_X26Y56         RAMD64E                                      r  System_Top_i/Top_0/inst/array_inst/gen_row[9].gen_col[13].pe_i/register_file_inst/rf_mem_reg_r2_0_127_0_0/SP.HIGH/WE
  -------------------------------------------------------------------    -------------------

                         (clock clk_fpga_0 rise edge)
                                                     18.000    18.000 r  
    PS7_X0Y0             PS7                          0.000    18.000 r  System_Top_i/processing_system7_0/inst/PS7_i/FCLKCLK[0]
                         net (fo=1, routed)           1.088    19.088    System_Top_i/processing_system7_0/inst/FCLK_CLK_unbuffered[0]
    BUFGCTRL_X0Y16       BUFG (Prop_bufg_I_O)         0.091    19.179 r  System_Top_i/processing_system7_0/inst/buffer_fclk_clk_0.FCLK_CLK_0_BUFG/O
                         net (fo=6989, routed)        1.521    20.700    System_Top_i/Top_0/inst/array_inst/gen_row[9].gen_col[13].pe_i/register_file_inst/rf_mem_reg_r2_0_127_0_0/WCLK
    SLICE_X26Y56         RAMD64E                                      r  System_Top_i/Top_0/inst/array_inst/gen_row[9].gen_col[13].pe_i/register_file_inst/rf_mem_reg_r2_0_127_0_0/SP.HIGH/CLK
                         clock pessimism              0.129    20.829    
                         clock uncertainty           -0.272    20.556    
    SLICE_X26Y56         RAMD64E (Setup_ramd64e_CLK_WE)
                                                     -0.533    20.023    System_Top_i/Top_0/inst/array_inst/gen_row[9].gen_col[13].pe_i/register_file_inst/rf_mem_reg_r2_0_127_0_0/SP.HIGH
  -------------------------------------------------------------------
                         required time                         20.023    
                         arrival time                         -15.297    
  -------------------------------------------------------------------
                         slack                                  4.727    

Slack (MET) :             4.727ns  (required time - arrival time)
  Source:                 System_Top_i/AXI_ArrayProc_0/inst/AXI_ArrayProc_slave_lite_v1_0_S00_AXI_inst/slv_reg0_reg[3]/C
                            (rising edge-triggered cell FDRE clocked by clk_fpga_0  {rise@0.000ns fall@9.000ns period=18.000ns})
  Destination:            System_Top_i/Top_0/inst/array_inst/gen_row[9].gen_col[13].pe_i/register_file_inst/rf_mem_reg_r2_0_127_0_0/SP.LOW/WE
                            (rising edge-triggered cell RAMD64E clocked by clk_fpga_0  {rise@0.000ns fall@9.000ns period=18.000ns})
  Path Group:             clk_fpga_0
  Path Type:              Setup (Max at Slow Process Corner)
  Requirement:            18.000ns  (clk_fpga_0 rise@18.000ns - clk_fpga_0 rise@0.000ns)
  Data Path Delay:        12.289ns  (logic 0.580ns (4.720%)  route 11.709ns (95.280%))
  Logic Levels:           1  (LUT6=1)
  Clock Path Skew:        -0.179ns (DCD - SCD + CPR)
    Destination Clock Delay (DCD):    2.700ns = ( 20.700 - 18.000 ) 
    Source Clock Delay      (SCD):    3.008ns
    Clock Pessimism Removal (CPR):    0.129ns
  Clock Uncertainty:      0.272ns  ((TSJ^2 + TIJ^2)^1/2 + DJ) / 2 + PE
    Total System Jitter     (TSJ):    0.071ns
    Total Input Jitter      (TIJ):    0.540ns
    Discrete Jitter          (DJ):    0.000ns
    Phase Error              (PE):    0.000ns

    Location             Delay type                Incr(ns)  Path(ns)    Netlist Resource(s)
  -------------------------------------------------------------------    -------------------
                         (clock clk_fpga_0 rise edge)
                                                      0.000     0.000 r  
    PS7_X0Y0             PS7                          0.000     0.000 r  System_Top_i/processing_system7_0/inst/PS7_i/FCLKCLK[0]
                         net (fo=1, routed)           1.193     1.193    System_Top_i/processing_system7_0/inst/FCLK_CLK_unbuffered[0]
    BUFGCTRL_X0Y16       BUFG (Prop_bufg_I_O)         0.101     1.294 r  System_Top_i/processing_system7_0/inst/buffer_fclk_clk_0.FCLK_CLK_0_BUFG/O
                         net (fo=6989, routed)        1.714     3.008    System_Top_i/AXI_ArrayProc_0/inst/AXI_ArrayProc_slave_lite_v1_0_S00_AXI_inst/s00_axi_aclk
    SLICE_X63Y95         FDRE                                         r  System_Top_i/AXI_ArrayProc_0/inst/AXI_ArrayProc_slave_lite_v1_0_S00_AXI_inst/slv_reg0_reg[3]/C
  -------------------------------------------------------------------    -------------------
    SLICE_X63Y95         FDRE (Prop_fdre_C_Q)         0.456     3.464 r  System_Top_i/AXI_ArrayProc_0/inst/AXI_ArrayProc_slave_lite_v1_0_S00_AXI_inst/slv_reg0_reg[3]/Q
                         net (fo=3081, routed)        4.076     7.540    System_Top_i/Top_0/inst/i_instruction[3]
    SLICE_X60Y76         LUT6 (Prop_lut6_I5_O)        0.124     7.664 r  System_Top_i/Top_0/inst/rf_mem_reg_r1_0_127_0_0_i_2__254/O
                         net (fo=2048, routed)        7.633    15.297    System_Top_i/Top_0/inst/array_inst/gen_row[9].gen_col[13].pe_i/register_file_inst/rf_mem_reg_r2_0_127_0_0/WE
    SLICE_X26Y56         RAMD64E                                      r  System_Top_i/Top_0/inst/array_inst/gen_row[9].gen_col[13].pe_i/register_file_inst/rf_mem_reg_r2_0_127_0_0/SP.LOW/WE
  -------------------------------------------------------------------    -------------------

                         (clock clk_fpga_0 rise edge)
                                                     18.000    18.000 r  
    PS7_X0Y0             PS7                          0.000    18.000 r  System_Top_i/processing_system7_0/inst/PS7_i/FCLKCLK[0]
                         net (fo=1, routed)           1.088    19.088    System_Top_i/processing_system7_0/inst/FCLK_CLK_unbuffered[0]
    BUFGCTRL_X0Y16       BUFG (Prop_bufg_I_O)         0.091    19.179 r  System_Top_i/processing_system7_0/inst/buffer_fclk_clk_0.FCLK_CLK_0_BUFG/O
                         net (fo=6989, routed)        1.521    20.700    System_Top_i/Top_0/inst/array_inst/gen_row[9].gen_col[13].pe_i/register_file_inst/rf_mem_reg_r2_0_127_0_0/WCLK
    SLICE_X26Y56         RAMD64E                                      r  System_Top_i/Top_0/inst/array_inst/gen_row[9].gen_col[13].pe_i/register_file_inst/rf_mem_reg_r2_0_127_0_0/SP.LOW/CLK
                         clock pessimism              0.129    20.829    
                         clock uncertainty           -0.272    20.556    
    SLICE_X26Y56         RAMD64E (Setup_ramd64e_CLK_WE)
                                                     -0.533    20.023    System_Top_i/Top_0/inst/array_inst/gen_row[9].gen_col[13].pe_i/register_file_inst/rf_mem_reg_r2_0_127_0_0/SP.LOW
  -------------------------------------------------------------------
                         required time                         20.023    
                         arrival time                         -15.297    
  -------------------------------------------------------------------
                         slack                                  4.727    

Slack (MET) :             4.760ns  (required time - arrival time)
  Source:                 System_Top_i/AXI_ArrayProc_0/inst/AXI_ArrayProc_slave_lite_v1_0_S00_AXI_inst/slv_reg0_reg[3]/C
                            (rising edge-triggered cell FDRE clocked by clk_fpga_0  {rise@0.000ns fall@9.000ns period=18.000ns})
  Destination:            System_Top_i/Top_0/inst/array_inst/gen_row[9].gen_col[15].pe_i/register_file_inst/rf_mem_reg_r2_0_127_0_0/DP.HIGH/WE
                            (rising edge-triggered cell RAMD64E clocked by clk_fpga_0  {rise@0.000ns fall@9.000ns period=18.000ns})
  Path Group:             clk_fpga_0
  Path Type:              Setup (Max at Slow Process Corner)
  Requirement:            18.000ns  (clk_fpga_0 rise@18.000ns - clk_fpga_0 rise@0.000ns)
  Data Path Delay:        12.256ns  (logic 0.580ns (4.732%)  route 11.676ns (95.268%))
  Logic Levels:           1  (LUT6=1)
  Clock Path Skew:        -0.179ns (DCD - SCD + CPR)
    Destination Clock Delay (DCD):    2.700ns = ( 20.700 - 18.000 ) 
    Source Clock Delay      (SCD):    3.008ns
    Clock Pessimism Removal (CPR):    0.129ns
  Clock Uncertainty:      0.272ns  ((TSJ^2 + TIJ^2)^1/2 + DJ) / 2 + PE
    Total System Jitter     (TSJ):    0.071ns
    Total Input Jitter      (TIJ):    0.540ns
    Discrete Jitter          (DJ):    0.000ns
    Phase Error              (PE):    0.000ns

    Location             Delay type                Incr(ns)  Path(ns)    Netlist Resource(s)
  -------------------------------------------------------------------    -------------------
                         (clock clk_fpga_0 rise edge)
                                                      0.000     0.000 r  
    PS7_X0Y0             PS7                          0.000     0.000 r  System_Top_i/processing_system7_0/inst/PS7_i/FCLKCLK[0]
                         net (fo=1, routed)           1.193     1.193    System_Top_i/processing_system7_0/inst/FCLK_CLK_unbuffered[0]
    BUFGCTRL_X0Y16       BUFG (Prop_bufg_I_O)         0.101     1.294 r  System_Top_i/processing_system7_0/inst/buffer_fclk_clk_0.FCLK_CLK_0_BUFG/O
                         net (fo=6989, routed)        1.714     3.008    System_Top_i/AXI_ArrayProc_0/inst/AXI_ArrayProc_slave_lite_v1_0_S00_AXI_inst/s00_axi_aclk
    SLICE_X63Y95         FDRE                                         r  System_Top_i/AXI_ArrayProc_0/inst/AXI_ArrayProc_slave_lite_v1_0_S00_AXI_inst/slv_reg0_reg[3]/C
  -------------------------------------------------------------------    -------------------
    SLICE_X63Y95         FDRE (Prop_fdre_C_Q)         0.456     3.464 r  System_Top_i/AXI_ArrayProc_0/inst/AXI_ArrayProc_slave_lite_v1_0_S00_AXI_inst/slv_reg0_reg[3]/Q
                         net (fo=3081, routed)        4.076     7.540    System_Top_i/Top_0/inst/i_instruction[3]
    SLICE_X60Y76         LUT6 (Prop_lut6_I5_O)        0.124     7.664 r  System_Top_i/Top_0/inst/rf_mem_reg_r1_0_127_0_0_i_2__254/O
                         net (fo=2048, routed)        7.600    15.264    System_Top_i/Top_0/inst/array_inst/gen_row[9].gen_col[15].pe_i/register_file_inst/rf_mem_reg_r2_0_127_0_0/WE
    SLICE_X26Y55         RAMD64E                                      r  System_Top_i/Top_0/inst/array_inst/gen_row[9].gen_col[15].pe_i/register_file_inst/rf_mem_reg_r2_0_127_0_0/DP.HIGH/WE
  -------------------------------------------------------------------    -------------------

                         (clock clk_fpga_0 rise edge)
                                                     18.000    18.000 r  
    PS7_X0Y0             PS7                          0.000    18.000 r  System_Top_i/processing_system7_0/inst/PS7_i/FCLKCLK[0]
                         net (fo=1, routed)           1.088    19.088    System_Top_i/processing_system7_0/inst/FCLK_CLK_unbuffered[0]
    BUFGCTRL_X0Y16       BUFG (Prop_bufg_I_O)         0.091    19.179 r  System_Top_i/processing_system7_0/inst/buffer_fclk_clk_0.FCLK_CLK_0_BUFG/O
                         net (fo=6989, routed)        1.521    20.700    System_Top_i/Top_0/inst/array_inst/gen_row[9].gen_col[15].pe_i/register_file_inst/rf_mem_reg_r2_0_127_0_0/WCLK
    SLICE_X26Y55         RAMD64E                                      r  System_Top_i/Top_0/inst/array_inst/gen_row[9].gen_col[15].pe_i/register_file_inst/rf_mem_reg_r2_0_127_0_0/DP.HIGH/CLK
                         clock pessimism              0.129    20.829    
                         clock uncertainty           -0.272    20.556    
    SLICE_X26Y55         RAMD64E (Setup_ramd64e_CLK_WE)
                                                     -0.533    20.023    System_Top_i/Top_0/inst/array_inst/gen_row[9].gen_col[15].pe_i/register_file_inst/rf_mem_reg_r2_0_127_0_0/DP.HIGH
  -------------------------------------------------------------------
                         required time                         20.023    
                         arrival time                         -15.264    
  -------------------------------------------------------------------
                         slack                                  4.760    

Slack (MET) :             4.760ns  (required time - arrival time)
  Source:                 System_Top_i/AXI_ArrayProc_0/inst/AXI_ArrayProc_slave_lite_v1_0_S00_AXI_inst/slv_reg0_reg[3]/C
                            (rising edge-triggered cell FDRE clocked by clk_fpga_0  {rise@0.000ns fall@9.000ns period=18.000ns})
  Destination:            System_Top_i/Top_0/inst/array_inst/gen_row[9].gen_col[15].pe_i/register_file_inst/rf_mem_reg_r2_0_127_0_0/DP.LOW/WE
                            (rising edge-triggered cell RAMD64E clocked by clk_fpga_0  {rise@0.000ns fall@9.000ns period=18.000ns})
  Path Group:             clk_fpga_0
  Path Type:              Setup (Max at Slow Process Corner)
  Requirement:            18.000ns  (clk_fpga_0 rise@18.000ns - clk_fpga_0 rise@0.000ns)
  Data Path Delay:        12.256ns  (logic 0.580ns (4.732%)  route 11.676ns (95.268%))
  Logic Levels:           1  (LUT6=1)
  Clock Path Skew:        -0.179ns (DCD - SCD + CPR)
    Destination Clock Delay (DCD):    2.700ns = ( 20.700 - 18.000 ) 
    Source Clock Delay      (SCD):    3.008ns
    Clock Pessimism Removal (CPR):    0.129ns
  Clock Uncertainty:      0.272ns  ((TSJ^2 + TIJ^2)^1/2 + DJ) / 2 + PE
    Total System Jitter     (TSJ):    0.071ns
    Total Input Jitter      (TIJ):    0.540ns
    Discrete Jitter          (DJ):    0.000ns
    Phase Error              (PE):    0.000ns

    Location             Delay type                Incr(ns)  Path(ns)    Netlist Resource(s)
  -------------------------------------------------------------------    -------------------
                         (clock clk_fpga_0 rise edge)
                                                      0.000     0.000 r  
    PS7_X0Y0             PS7                          0.000     0.000 r  System_Top_i/processing_system7_0/inst/PS7_i/FCLKCLK[0]
                         net (fo=1, routed)           1.193     1.193    System_Top_i/processing_system7_0/inst/FCLK_CLK_unbuffered[0]
    BUFGCTRL_X0Y16       BUFG (Prop_bufg_I_O)         0.101     1.294 r  System_Top_i/processing_system7_0/inst/buffer_fclk_clk_0.FCLK_CLK_0_BUFG/O
                         net (fo=6989, routed)        1.714     3.008    System_Top_i/AXI_ArrayProc_0/inst/AXI_ArrayProc_slave_lite_v1_0_S00_AXI_inst/s00_axi_aclk
    SLICE_X63Y95         FDRE                                         r  System_Top_i/AXI_ArrayProc_0/inst/AXI_ArrayProc_slave_lite_v1_0_S00_AXI_inst/slv_reg0_reg[3]/C
  -------------------------------------------------------------------    -------------------
    SLICE_X63Y95         FDRE (Prop_fdre_C_Q)         0.456     3.464 r  System_Top_i/AXI_ArrayProc_0/inst/AXI_ArrayProc_slave_lite_v1_0_S00_AXI_inst/slv_reg0_reg[3]/Q
                         net (fo=3081, routed)        4.076     7.540    System_Top_i/Top_0/inst/i_instruction[3]
    SLICE_X60Y76         LUT6 (Prop_lut6_I5_O)        0.124     7.664 r  System_Top_i/Top_0/inst/rf_mem_reg_r1_0_127_0_0_i_2__254/O
                         net (fo=2048, routed)        7.600    15.264    System_Top_i/Top_0/inst/array_inst/gen_row[9].gen_col[15].pe_i/register_file_inst/rf_mem_reg_r2_0_127_0_0/WE
    SLICE_X26Y55         RAMD64E                                      r  System_Top_i/Top_0/inst/array_inst/gen_row[9].gen_col[15].pe_i/register_file_inst/rf_mem_reg_r2_0_127_0_0/DP.LOW/WE
  -------------------------------------------------------------------    -------------------

                         (clock clk_fpga_0 rise edge)
                                                     18.000    18.000 r  
    PS7_X0Y0             PS7                          0.000    18.000 r  System_Top_i/processing_system7_0/inst/PS7_i/FCLKCLK[0]
                         net (fo=1, routed)           1.088    19.088    System_Top_i/processing_system7_0/inst/FCLK_CLK_unbuffered[0]
    BUFGCTRL_X0Y16       BUFG (Prop_bufg_I_O)         0.091    19.179 r  System_Top_i/processing_system7_0/inst/buffer_fclk_clk_0.FCLK_CLK_0_BUFG/O
                         net (fo=6989, routed)        1.521    20.700    System_Top_i/Top_0/inst/array_inst/gen_row[9].gen_col[15].pe_i/register_file_inst/rf_mem_reg_r2_0_127_0_0/WCLK
    SLICE_X26Y55         RAMD64E                                      r  System_Top_i/Top_0/inst/array_inst/gen_row[9].gen_col[15].pe_i/register_file_inst/rf_mem_reg_r2_0_127_0_0/DP.LOW/CLK
                         clock pessimism              0.129    20.829    
                         clock uncertainty           -0.272    20.556    
    SLICE_X26Y55         RAMD64E (Setup_ramd64e_CLK_WE)
                                                     -0.533    20.023    System_Top_i/Top_0/inst/array_inst/gen_row[9].gen_col[15].pe_i/register_file_inst/rf_mem_reg_r2_0_127_0_0/DP.LOW
  -------------------------------------------------------------------
                         required time                         20.023    
                         arrival time                         -15.264    
  -------------------------------------------------------------------
                         slack                                  4.760    

Slack (MET) :             4.760ns  (required time - arrival time)
  Source:                 System_Top_i/AXI_ArrayProc_0/inst/AXI_ArrayProc_slave_lite_v1_0_S00_AXI_inst/slv_reg0_reg[3]/C
                            (rising edge-triggered cell FDRE clocked by clk_fpga_0  {rise@0.000ns fall@9.000ns period=18.000ns})
  Destination:            System_Top_i/Top_0/inst/array_inst/gen_row[9].gen_col[15].pe_i/register_file_inst/rf_mem_reg_r2_0_127_0_0/SP.HIGH/WE
                            (rising edge-triggered cell RAMD64E clocked by clk_fpga_0  {rise@0.000ns fall@9.000ns period=18.000ns})
  Path Group:             clk_fpga_0
  Path Type:              Setup (Max at Slow Process Corner)
  Requirement:            18.000ns  (clk_fpga_0 rise@18.000ns - clk_fpga_0 rise@0.000ns)
  Data Path Delay:        12.256ns  (logic 0.580ns (4.732%)  route 11.676ns (95.268%))
  Logic Levels:           1  (LUT6=1)
  Clock Path Skew:        -0.179ns (DCD - SCD + CPR)
    Destination Clock Delay (DCD):    2.700ns = ( 20.700 - 18.000 ) 
    Source Clock Delay      (SCD):    3.008ns
    Clock Pessimism Removal (CPR):    0.129ns
  Clock Uncertainty:      0.272ns  ((TSJ^2 + TIJ^2)^1/2 + DJ) / 2 + PE
    Total System Jitter     (TSJ):    0.071ns
    Total Input Jitter      (TIJ):    0.540ns
    Discrete Jitter          (DJ):    0.000ns
    Phase Error              (PE):    0.000ns

    Location             Delay type                Incr(ns)  Path(ns)    Netlist Resource(s)
  -------------------------------------------------------------------    -------------------
                         (clock clk_fpga_0 rise edge)
                                                      0.000     0.000 r  
    PS7_X0Y0             PS7                          0.000     0.000 r  System_Top_i/processing_system7_0/inst/PS7_i/FCLKCLK[0]
                         net (fo=1, routed)           1.193     1.193    System_Top_i/processing_system7_0/inst/FCLK_CLK_unbuffered[0]
    BUFGCTRL_X0Y16       BUFG (Prop_bufg_I_O)         0.101     1.294 r  System_Top_i/processing_system7_0/inst/buffer_fclk_clk_0.FCLK_CLK_0_BUFG/O
                         net (fo=6989, routed)        1.714     3.008    System_Top_i/AXI_ArrayProc_0/inst/AXI_ArrayProc_slave_lite_v1_0_S00_AXI_inst/s00_axi_aclk
    SLICE_X63Y95         FDRE                                         r  System_Top_i/AXI_ArrayProc_0/inst/AXI_ArrayProc_slave_lite_v1_0_S00_AXI_inst/slv_reg0_reg[3]/C
  -------------------------------------------------------------------    -------------------
    SLICE_X63Y95         FDRE (Prop_fdre_C_Q)         0.456     3.464 r  System_Top_i/AXI_ArrayProc_0/inst/AXI_ArrayProc_slave_lite_v1_0_S00_AXI_inst/slv_reg0_reg[3]/Q
                         net (fo=3081, routed)        4.076     7.540    System_Top_i/Top_0/inst/i_instruction[3]
    SLICE_X60Y76         LUT6 (Prop_lut6_I5_O)        0.124     7.664 r  System_Top_i/Top_0/inst/rf_mem_reg_r1_0_127_0_0_i_2__254/O
                         net (fo=2048, routed)        7.600    15.264    System_Top_i/Top_0/inst/array_inst/gen_row[9].gen_col[15].pe_i/register_file_inst/rf_mem_reg_r2_0_127_0_0/WE
    SLICE_X26Y55         RAMD64E                                      r  System_Top_i/Top_0/inst/array_inst/gen_row[9].gen_col[15].pe_i/register_file_inst/rf_mem_reg_r2_0_127_0_0/SP.HIGH/WE
  -------------------------------------------------------------------    -------------------

                         (clock clk_fpga_0 rise edge)
                                                     18.000    18.000 r  
    PS7_X0Y0             PS7                          0.000    18.000 r  System_Top_i/processing_system7_0/inst/PS7_i/FCLKCLK[0]
                         net (fo=1, routed)           1.088    19.088    System_Top_i/processing_system7_0/inst/FCLK_CLK_unbuffered[0]
    BUFGCTRL_X0Y16       BUFG (Prop_bufg_I_O)         0.091    19.179 r  System_Top_i/processing_system7_0/inst/buffer_fclk_clk_0.FCLK_CLK_0_BUFG/O
                         net (fo=6989, routed)        1.521    20.700    System_Top_i/Top_0/inst/array_inst/gen_row[9].gen_col[15].pe_i/register_file_inst/rf_mem_reg_r2_0_127_0_0/WCLK
    SLICE_X26Y55         RAMD64E                                      r  System_Top_i/Top_0/inst/array_inst/gen_row[9].gen_col[15].pe_i/register_file_inst/rf_mem_reg_r2_0_127_0_0/SP.HIGH/CLK
                         clock pessimism              0.129    20.829    
                         clock uncertainty           -0.272    20.556    
    SLICE_X26Y55         RAMD64E (Setup_ramd64e_CLK_WE)
                                                     -0.533    20.023    System_Top_i/Top_0/inst/array_inst/gen_row[9].gen_col[15].pe_i/register_file_inst/rf_mem_reg_r2_0_127_0_0/SP.HIGH
  -------------------------------------------------------------------
                         required time                         20.023    
                         arrival time                         -15.264    
  -------------------------------------------------------------------
                         slack                                  4.760    

Slack (MET) :             4.760ns  (required time - arrival time)
  Source:                 System_Top_i/AXI_ArrayProc_0/inst/AXI_ArrayProc_slave_lite_v1_0_S00_AXI_inst/slv_reg0_reg[3]/C
                            (rising edge-triggered cell FDRE clocked by clk_fpga_0  {rise@0.000ns fall@9.000ns period=18.000ns})
  Destination:            System_Top_i/Top_0/inst/array_inst/gen_row[9].gen_col[15].pe_i/register_file_inst/rf_mem_reg_r2_0_127_0_0/SP.LOW/WE
                            (rising edge-triggered cell RAMD64E clocked by clk_fpga_0  {rise@0.000ns fall@9.000ns period=18.000ns})
  Path Group:             clk_fpga_0
  Path Type:              Setup (Max at Slow Process Corner)
  Requirement:            18.000ns  (clk_fpga_0 rise@18.000ns - clk_fpga_0 rise@0.000ns)
  Data Path Delay:        12.256ns  (logic 0.580ns (4.732%)  route 11.676ns (95.268%))
  Logic Levels:           1  (LUT6=1)
  Clock Path Skew:        -0.179ns (DCD - SCD + CPR)
    Destination Clock Delay (DCD):    2.700ns = ( 20.700 - 18.000 ) 
    Source Clock Delay      (SCD):    3.008ns
    Clock Pessimism Removal (CPR):    0.129ns
  Clock Uncertainty:      0.272ns  ((TSJ^2 + TIJ^2)^1/2 + DJ) / 2 + PE
    Total System Jitter     (TSJ):    0.071ns
    Total Input Jitter      (TIJ):    0.540ns
    Discrete Jitter          (DJ):    0.000ns
    Phase Error              (PE):    0.000ns

    Location             Delay type                Incr(ns)  Path(ns)    Netlist Resource(s)
  -------------------------------------------------------------------    -------------------
                         (clock clk_fpga_0 rise edge)
                                                      0.000     0.000 r  
    PS7_X0Y0             PS7                          0.000     0.000 r  System_Top_i/processing_system7_0/inst/PS7_i/FCLKCLK[0]
                         net (fo=1, routed)           1.193     1.193    System_Top_i/processing_system7_0/inst/FCLK_CLK_unbuffered[0]
    BUFGCTRL_X0Y16       BUFG (Prop_bufg_I_O)         0.101     1.294 r  System_Top_i/processing_system7_0/inst/buffer_fclk_clk_0.FCLK_CLK_0_BUFG/O
                         net (fo=6989, routed)        1.714     3.008    System_Top_i/AXI_ArrayProc_0/inst/AXI_ArrayProc_slave_lite_v1_0_S00_AXI_inst/s00_axi_aclk
    SLICE_X63Y95         FDRE                                         r  System_Top_i/AXI_ArrayProc_0/inst/AXI_ArrayProc_slave_lite_v1_0_S00_AXI_inst/slv_reg0_reg[3]/C
  -------------------------------------------------------------------    -------------------
    SLICE_X63Y95         FDRE (Prop_fdre_C_Q)         0.456     3.464 r  System_Top_i/AXI_ArrayProc_0/inst/AXI_ArrayProc_slave_lite_v1_0_S00_AXI_inst/slv_reg0_reg[3]/Q
                         net (fo=3081, routed)        4.076     7.540    System_Top_i/Top_0/inst/i_instruction[3]
    SLICE_X60Y76         LUT6 (Prop_lut6_I5_O)        0.124     7.664 r  System_Top_i/Top_0/inst/rf_mem_reg_r1_0_127_0_0_i_2__254/O
                         net (fo=2048, routed)        7.600    15.264    System_Top_i/Top_0/inst/array_inst/gen_row[9].gen_col[15].pe_i/register_file_inst/rf_mem_reg_r2_0_127_0_0/WE
    SLICE_X26Y55         RAMD64E                                      r  System_Top_i/Top_0/inst/array_inst/gen_row[9].gen_col[15].pe_i/register_file_inst/rf_mem_reg_r2_0_127_0_0/SP.LOW/WE
  -------------------------------------------------------------------    -------------------

                         (clock clk_fpga_0 rise edge)
                                                     18.000    18.000 r  
    PS7_X0Y0             PS7                          0.000    18.000 r  System_Top_i/processing_system7_0/inst/PS7_i/FCLKCLK[0]
                         net (fo=1, routed)           1.088    19.088    System_Top_i/processing_system7_0/inst/FCLK_CLK_unbuffered[0]
    BUFGCTRL_X0Y16       BUFG (Prop_bufg_I_O)         0.091    19.179 r  System_Top_i/processing_system7_0/inst/buffer_fclk_clk_0.FCLK_CLK_0_BUFG/O
                         net (fo=6989, routed)        1.521    20.700    System_Top_i/Top_0/inst/array_inst/gen_row[9].gen_col[15].pe_i/register_file_inst/rf_mem_reg_r2_0_127_0_0/WCLK
    SLICE_X26Y55         RAMD64E                                      r  System_Top_i/Top_0/inst/array_inst/gen_row[9].gen_col[15].pe_i/register_file_inst/rf_mem_reg_r2_0_127_0_0/SP.LOW/CLK
                         clock pessimism              0.129    20.829    
                         clock uncertainty           -0.272    20.556    
    SLICE_X26Y55         RAMD64E (Setup_ramd64e_CLK_WE)
                                                     -0.533    20.023    System_Top_i/Top_0/inst/array_inst/gen_row[9].gen_col[15].pe_i/register_file_inst/rf_mem_reg_r2_0_127_0_0/SP.LOW
  -------------------------------------------------------------------
                         required time                         20.023    
                         arrival time                         -15.264    
  -------------------------------------------------------------------
                         slack                                  4.760    





Min Delay Paths
--------------------------------------------------------------------------------------
Slack (MET) :             0.028ns  (arrival time - required time)
  Source:                 System_Top_i/smartconnect_0/inst/s00_nodes/s00_w_node/inst/inst_mi_handler/gen_normal_area.inst_fifo_node_payld/gen_xpm_memory_fifo.inst_fifo/gen_mem_rep[0].inst_xpm_memory/xpm_memory_base_inst/gen_rd_b.gen_rd_b_synth_template.gen_rf_narrow_reg.doutb_reg_reg[21]/C
                            (rising edge-triggered cell FDRE clocked by clk_fpga_0  {rise@0.000ns fall@9.000ns period=18.000ns})
  Destination:            System_Top_i/smartconnect_0/inst/switchboards/w_switchboard/inst/gen_mi[0].inst_opipe_payld/gen_pipe[1].pipe_reg[1][21]/D
                            (rising edge-triggered cell FDRE clocked by clk_fpga_0  {rise@0.000ns fall@9.000ns period=18.000ns})
  Path Group:             clk_fpga_0
  Path Type:              Hold (Min at Fast Process Corner)
  Requirement:            0.000ns  (clk_fpga_0 rise@0.000ns - clk_fpga_0 rise@0.000ns)
  Data Path Delay:        0.353ns  (logic 0.164ns (46.424%)  route 0.189ns (53.576%))
  Logic Levels:           0  
  Clock Path Skew:        0.259ns (DCD - SCD - CPR)
    Destination Clock Delay (DCD):    1.187ns
    Source Clock Delay      (SCD):    0.893ns
    Clock Pessimism Removal (CPR):    0.035ns

    Location             Delay type                Incr(ns)  Path(ns)    Netlist Resource(s)
  -------------------------------------------------------------------    -------------------
                         (clock clk_fpga_0 rise edge)
                                                      0.000     0.000 r  
    PS7_X0Y0             PS7                          0.000     0.000 r  System_Top_i/processing_system7_0/inst/PS7_i/FCLKCLK[0]
                         net (fo=1, routed)           0.310     0.310    System_Top_i/processing_system7_0/inst/FCLK_CLK_unbuffered[0]
    BUFGCTRL_X0Y16       BUFG (Prop_bufg_I_O)         0.026     0.336 r  System_Top_i/processing_system7_0/inst/buffer_fclk_clk_0.FCLK_CLK_0_BUFG/O
                         net (fo=6989, routed)        0.557     0.893    System_Top_i/smartconnect_0/inst/s00_nodes/s00_w_node/inst/inst_mi_handler/gen_normal_area.inst_fifo_node_payld/gen_xpm_memory_fifo.inst_fifo/gen_mem_rep[0].inst_xpm_memory/xpm_memory_base_inst/clka
    SLICE_X42Y98         FDRE                                         r  System_Top_i/smartconnect_0/inst/s00_nodes/s00_w_node/inst/inst_mi_handler/gen_normal_area.inst_fifo_node_payld/gen_xpm_memory_fifo.inst_fifo/gen_mem_rep[0].inst_xpm_memory/xpm_memory_base_inst/gen_rd_b.gen_rd_b_synth_template.gen_rf_narrow_reg.doutb_reg_reg[21]/C
  -------------------------------------------------------------------    -------------------
    SLICE_X42Y98         FDRE (Prop_fdre_C_Q)         0.164     1.057 r  System_Top_i/smartconnect_0/inst/s00_nodes/s00_w_node/inst/inst_mi_handler/gen_normal_area.inst_fifo_node_payld/gen_xpm_memory_fifo.inst_fifo/gen_mem_rep[0].inst_xpm_memory/xpm_memory_base_inst/gen_rd_b.gen_rd_b_synth_template.gen_rf_narrow_reg.doutb_reg_reg[21]/Q
                         net (fo=1, routed)           0.189     1.246    System_Top_i/smartconnect_0/inst/switchboards/w_switchboard/inst/gen_mi[0].inst_opipe_payld/s_sc_payld[9]
    SLICE_X52Y98         FDRE                                         r  System_Top_i/smartconnect_0/inst/switchboards/w_switchboard/inst/gen_mi[0].inst_opipe_payld/gen_pipe[1].pipe_reg[1][21]/D
  -------------------------------------------------------------------    -------------------

                         (clock clk_fpga_0 rise edge)
                                                      0.000     0.000 r  
    PS7_X0Y0             PS7                          0.000     0.000 r  System_Top_i/processing_system7_0/inst/PS7_i/FCLKCLK[0]
                         net (fo=1, routed)           0.337     0.337    System_Top_i/processing_system7_0/inst/FCLK_CLK_unbuffered[0]
    BUFGCTRL_X0Y16       BUFG (Prop_bufg_I_O)         0.029     0.366 r  System_Top_i/processing_system7_0/inst/buffer_fclk_clk_0.FCLK_CLK_0_BUFG/O
                         net (fo=6989, routed)        0.821     1.187    System_Top_i/smartconnect_0/inst/switchboards/w_switchboard/inst/gen_mi[0].inst_opipe_payld/aclk
    SLICE_X52Y98         FDRE                                         r  System_Top_i/smartconnect_0/inst/switchboards/w_switchboard/inst/gen_mi[0].inst_opipe_payld/gen_pipe[1].pipe_reg[1][21]/C
                         clock pessimism             -0.035     1.152    
    SLICE_X52Y98         FDRE (Hold_fdre_C_D)         0.066     1.218    System_Top_i/smartconnect_0/inst/switchboards/w_switchboard/inst/gen_mi[0].inst_opipe_payld/gen_pipe[1].pipe_reg[1][21]
  -------------------------------------------------------------------
                         required time                         -1.218    
                         arrival time                           1.246    
  -------------------------------------------------------------------
                         slack                                  0.028    

Slack (MET) :             0.030ns  (arrival time - required time)
  Source:                 System_Top_i/smartconnect_0/inst/s00_entry_pipeline/s00_mmu/inst/aw_sreg/m_vector_i_reg[1062]/C
                            (rising edge-triggered cell FDRE clocked by clk_fpga_0  {rise@0.000ns fall@9.000ns period=18.000ns})
  Destination:            System_Top_i/smartconnect_0/inst/s00_entry_pipeline/s00_mmu/inst/aw_reg_stall/skid_buffer_reg[1062]/D
                            (rising edge-triggered cell FDRE clocked by clk_fpga_0  {rise@0.000ns fall@9.000ns period=18.000ns})
  Path Group:             clk_fpga_0
  Path Type:              Hold (Min at Fast Process Corner)
  Requirement:            0.000ns  (clk_fpga_0 rise@0.000ns - clk_fpga_0 rise@0.000ns)
  Data Path Delay:        0.445ns  (logic 0.164ns (36.883%)  route 0.281ns (63.117%))
  Logic Levels:           0  
  Clock Path Skew:        0.351ns (DCD - SCD - CPR)
    Destination Clock Delay (DCD):    1.295ns
    Source Clock Delay      (SCD):    0.909ns
    Clock Pessimism Removal (CPR):    0.035ns

    Location             Delay type                Incr(ns)  Path(ns)    Netlist Resource(s)
  -------------------------------------------------------------------    -------------------
                         (clock clk_fpga_0 rise edge)
                                                      0.000     0.000 r  
    PS7_X0Y0             PS7                          0.000     0.000 r  System_Top_i/processing_system7_0/inst/PS7_i/FCLKCLK[0]
                         net (fo=1, routed)           0.310     0.310    System_Top_i/processing_system7_0/inst/FCLK_CLK_unbuffered[0]
    BUFGCTRL_X0Y16       BUFG (Prop_bufg_I_O)         0.026     0.336 r  System_Top_i/processing_system7_0/inst/buffer_fclk_clk_0.FCLK_CLK_0_BUFG/O
                         net (fo=6989, routed)        0.573     0.909    System_Top_i/smartconnect_0/inst/s00_entry_pipeline/s00_mmu/inst/aw_sreg/aclk
    SLICE_X26Y96         FDRE                                         r  System_Top_i/smartconnect_0/inst/s00_entry_pipeline/s00_mmu/inst/aw_sreg/m_vector_i_reg[1062]/C
  -------------------------------------------------------------------    -------------------
    SLICE_X26Y96         FDRE (Prop_fdre_C_Q)         0.164     1.073 r  System_Top_i/smartconnect_0/inst/s00_entry_pipeline/s00_mmu/inst/aw_sreg/m_vector_i_reg[1062]/Q
                         net (fo=2, routed)           0.281     1.353    System_Top_i/smartconnect_0/inst/s00_entry_pipeline/s00_mmu/inst/aw_reg_stall/D[20]
    SLICE_X26Y105        FDRE                                         r  System_Top_i/smartconnect_0/inst/s00_entry_pipeline/s00_mmu/inst/aw_reg_stall/skid_buffer_reg[1062]/D
  -------------------------------------------------------------------    -------------------

                         (clock clk_fpga_0 rise edge)
                                                      0.000     0.000 r  
    PS7_X0Y0             PS7                          0.000     0.000 r  System_Top_i/processing_system7_0/inst/PS7_i/FCLKCLK[0]
                         net (fo=1, routed)           0.337     0.337    System_Top_i/processing_system7_0/inst/FCLK_CLK_unbuffered[0]
    BUFGCTRL_X0Y16       BUFG (Prop_bufg_I_O)         0.029     0.366 r  System_Top_i/processing_system7_0/inst/buffer_fclk_clk_0.FCLK_CLK_0_BUFG/O
                         net (fo=6989, routed)        0.929     1.295    System_Top_i/smartconnect_0/inst/s00_entry_pipeline/s00_mmu/inst/aw_reg_stall/aclk
    SLICE_X26Y105        FDRE                                         r  System_Top_i/smartconnect_0/inst/s00_entry_pipeline/s00_mmu/inst/aw_reg_stall/skid_buffer_reg[1062]/C
                         clock pessimism             -0.035     1.260    
    SLICE_X26Y105        FDRE (Hold_fdre_C_D)         0.063     1.323    System_Top_i/smartconnect_0/inst/s00_entry_pipeline/s00_mmu/inst/aw_reg_stall/skid_buffer_reg[1062]
  -------------------------------------------------------------------
                         required time                         -1.323    
                         arrival time                           1.353    
  -------------------------------------------------------------------
                         slack                                  0.030    

Slack (MET) :             0.032ns  (arrival time - required time)
  Source:                 System_Top_i/smartconnect_0/inst/s00_entry_pipeline/s00_mmu/inst/b_sreg/skid2vector_q_reg/C
                            (rising edge-triggered cell FDRE clocked by clk_fpga_0  {rise@0.000ns fall@9.000ns period=18.000ns})
  Destination:            System_Top_i/smartconnect_0/inst/s00_entry_pipeline/s00_mmu/inst/b_sreg/m_vector_i_reg[1029]/D
                            (rising edge-triggered cell FDRE clocked by clk_fpga_0  {rise@0.000ns fall@9.000ns period=18.000ns})
  Path Group:             clk_fpga_0
  Path Type:              Hold (Min at Fast Process Corner)
  Requirement:            0.000ns  (clk_fpga_0 rise@0.000ns - clk_fpga_0 rise@0.000ns)
  Data Path Delay:        0.334ns  (logic 0.186ns (55.726%)  route 0.148ns (44.274%))
  Logic Levels:           1  (LUT6=1)
  Clock Path Skew:        0.181ns (DCD - SCD - CPR)
    Destination Clock Delay (DCD):    1.211ns
    Source Clock Delay      (SCD):    0.995ns
    Clock Pessimism Removal (CPR):    0.035ns

    Location             Delay type                Incr(ns)  Path(ns)    Netlist Resource(s)
  -------------------------------------------------------------------    -------------------
                         (clock clk_fpga_0 rise edge)
                                                      0.000     0.000 r  
    PS7_X0Y0             PS7                          0.000     0.000 r  System_Top_i/processing_system7_0/inst/PS7_i/FCLKCLK[0]
                         net (fo=1, routed)           0.310     0.310    System_Top_i/processing_system7_0/inst/FCLK_CLK_unbuffered[0]
    BUFGCTRL_X0Y16       BUFG (Prop_bufg_I_O)         0.026     0.336 r  System_Top_i/processing_system7_0/inst/buffer_fclk_clk_0.FCLK_CLK_0_BUFG/O
                         net (fo=6989, routed)        0.659     0.995    System_Top_i/smartconnect_0/inst/s00_entry_pipeline/s00_mmu/inst/b_sreg/aclk
    SLICE_X29Y100        FDRE                                         r  System_Top_i/smartconnect_0/inst/s00_entry_pipeline/s00_mmu/inst/b_sreg/skid2vector_q_reg/C
  -------------------------------------------------------------------    -------------------
    SLICE_X29Y100        FDRE (Prop_fdre_C_Q)         0.141     1.136 r  System_Top_i/smartconnect_0/inst/s00_entry_pipeline/s00_mmu/inst/b_sreg/skid2vector_q_reg/Q
                         net (fo=14, routed)          0.148     1.284    System_Top_i/smartconnect_0/inst/s00_entry_pipeline/s00_mmu/inst/b_sreg/skid2vector_q
    SLICE_X30Y99         LUT6 (Prop_lut6_I5_O)        0.045     1.329 r  System_Top_i/smartconnect_0/inst/s00_entry_pipeline/s00_mmu/inst/b_sreg/m_vector_i[1029]_i_1/O
                         net (fo=1, routed)           0.000     1.329    System_Top_i/smartconnect_0/inst/s00_entry_pipeline/s00_mmu/inst/b_sreg/m_vector_i[1029]_i_1_n_0
    SLICE_X30Y99         FDRE                                         r  System_Top_i/smartconnect_0/inst/s00_entry_pipeline/s00_mmu/inst/b_sreg/m_vector_i_reg[1029]/D
  -------------------------------------------------------------------    -------------------

                         (clock clk_fpga_0 rise edge)
                                                      0.000     0.000 r  
    PS7_X0Y0             PS7                          0.000     0.000 r  System_Top_i/processing_system7_0/inst/PS7_i/FCLKCLK[0]
                         net (fo=1, routed)           0.337     0.337    System_Top_i/processing_system7_0/inst/FCLK_CLK_unbuffered[0]
    BUFGCTRL_X0Y16       BUFG (Prop_bufg_I_O)         0.029     0.366 r  System_Top_i/processing_system7_0/inst/buffer_fclk_clk_0.FCLK_CLK_0_BUFG/O
                         net (fo=6989, routed)        0.845     1.211    System_Top_i/smartconnect_0/inst/s00_entry_pipeline/s00_mmu/inst/b_sreg/aclk
    SLICE_X30Y99         FDRE                                         r  System_Top_i/smartconnect_0/inst/s00_entry_pipeline/s00_mmu/inst/b_sreg/m_vector_i_reg[1029]/C
                         clock pessimism             -0.035     1.176    
    SLICE_X30Y99         FDRE (Hold_fdre_C_D)         0.121     1.297    System_Top_i/smartconnect_0/inst/s00_entry_pipeline/s00_mmu/inst/b_sreg/m_vector_i_reg[1029]
  -------------------------------------------------------------------
                         required time                         -1.297    
                         arrival time                           1.329    
  -------------------------------------------------------------------
                         slack                                  0.032    

Slack (MET) :             0.035ns  (arrival time - required time)
  Source:                 System_Top_i/smartconnect_0/inst/switchboards/aw_switchboard/inst/gen_mi[0].inst_opipe_payld/gen_pipe[1].pipe_reg[1][113]/C
                            (rising edge-triggered cell FDRE clocked by clk_fpga_0  {rise@0.000ns fall@9.000ns period=18.000ns})
  Destination:            System_Top_i/smartconnect_0/inst/m00_nodes/m00_aw_node/inst/inst_mi_handler/gen_normal_area.inst_fifo_node_payld/gen_xpm_memory_fifo.inst_fifo/gen_mem_rep[0].inst_xpm_memory/xpm_memory_base_inst/gen_wr_a.gen_word_narrow.mem_reg_0_31_108_113/RAMC_D1/I
                            (rising edge-triggered cell RAMD32 clocked by clk_fpga_0  {rise@0.000ns fall@9.000ns period=18.000ns})
  Path Group:             clk_fpga_0
  Path Type:              Hold (Min at Fast Process Corner)
  Requirement:            0.000ns  (clk_fpga_0 rise@0.000ns - clk_fpga_0 rise@0.000ns)
  Data Path Delay:        0.410ns  (logic 0.164ns (39.986%)  route 0.246ns (60.014%))
  Logic Levels:           0  
  Clock Path Skew:        0.261ns (DCD - SCD - CPR)
    Destination Clock Delay (DCD):    1.272ns
    Source Clock Delay      (SCD):    0.972ns
    Clock Pessimism Removal (CPR):    0.039ns

    Location             Delay type                Incr(ns)  Path(ns)    Netlist Resource(s)
  -------------------------------------------------------------------    -------------------
                         (clock clk_fpga_0 rise edge)
                                                      0.000     0.000 r  
    PS7_X0Y0             PS7                          0.000     0.000 r  System_Top_i/processing_system7_0/inst/PS7_i/FCLKCLK[0]
                         net (fo=1, routed)           0.310     0.310    System_Top_i/processing_system7_0/inst/FCLK_CLK_unbuffered[0]
    BUFGCTRL_X0Y16       BUFG (Prop_bufg_I_O)         0.026     0.336 r  System_Top_i/processing_system7_0/inst/buffer_fclk_clk_0.FCLK_CLK_0_BUFG/O
                         net (fo=6989, routed)        0.636     0.972    System_Top_i/smartconnect_0/inst/switchboards/aw_switchboard/inst/gen_mi[0].inst_opipe_payld/aclk
    SLICE_X46Y110        FDRE                                         r  System_Top_i/smartconnect_0/inst/switchboards/aw_switchboard/inst/gen_mi[0].inst_opipe_payld/gen_pipe[1].pipe_reg[1][113]/C
  -------------------------------------------------------------------    -------------------
    SLICE_X46Y110        FDRE (Prop_fdre_C_Q)         0.164     1.136 r  System_Top_i/smartconnect_0/inst/switchboards/aw_switchboard/inst/gen_mi[0].inst_opipe_payld/gen_pipe[1].pipe_reg[1][113]/Q
                         net (fo=1, routed)           0.246     1.382    System_Top_i/smartconnect_0/inst/m00_nodes/m00_aw_node/inst/inst_mi_handler/gen_normal_area.inst_fifo_node_payld/gen_xpm_memory_fifo.inst_fifo/gen_mem_rep[0].inst_xpm_memory/xpm_memory_base_inst/gen_wr_a.gen_word_narrow.mem_reg_0_31_108_113/DIC1
    SLICE_X50Y106        RAMD32                                       r  System_Top_i/smartconnect_0/inst/m00_nodes/m00_aw_node/inst/inst_mi_handler/gen_normal_area.inst_fifo_node_payld/gen_xpm_memory_fifo.inst_fifo/gen_mem_rep[0].inst_xpm_memory/xpm_memory_base_inst/gen_wr_a.gen_word_narrow.mem_reg_0_31_108_113/RAMC_D1/I
  -------------------------------------------------------------------    -------------------

                         (clock clk_fpga_0 rise edge)
                                                      0.000     0.000 r  
    PS7_X0Y0             PS7                          0.000     0.000 r  System_Top_i/processing_system7_0/inst/PS7_i/FCLKCLK[0]
                         net (fo=1, routed)           0.337     0.337    System_Top_i/processing_system7_0/inst/FCLK_CLK_unbuffered[0]
    BUFGCTRL_X0Y16       BUFG (Prop_bufg_I_O)         0.029     0.366 r  System_Top_i/processing_system7_0/inst/buffer_fclk_clk_0.FCLK_CLK_0_BUFG/O
                         net (fo=6989, routed)        0.906     1.272    System_Top_i/smartconnect_0/inst/m00_nodes/m00_aw_node/inst/inst_mi_handler/gen_normal_area.inst_fifo_node_payld/gen_xpm_memory_fifo.inst_fifo/gen_mem_rep[0].inst_xpm_memory/xpm_memory_base_inst/gen_wr_a.gen_word_narrow.mem_reg_0_31_108_113/WCLK
    SLICE_X50Y106        RAMD32                                       r  System_Top_i/smartconnect_0/inst/m00_nodes/m00_aw_node/inst/inst_mi_handler/gen_normal_area.inst_fifo_node_payld/gen_xpm_memory_fifo.inst_fifo/gen_mem_rep[0].inst_xpm_memory/xpm_memory_base_inst/gen_wr_a.gen_word_narrow.mem_reg_0_31_108_113/RAMC_D1/CLK
                         clock pessimism             -0.039     1.233    
    SLICE_X50Y106        RAMD32 (Hold_ramd32_CLK_I)
                                                      0.114     1.347    System_Top_i/smartconnect_0/inst/m00_nodes/m00_aw_node/inst/inst_mi_handler/gen_normal_area.inst_fifo_node_payld/gen_xpm_memory_fifo.inst_fifo/gen_mem_rep[0].inst_xpm_memory/xpm_memory_base_inst/gen_wr_a.gen_word_narrow.mem_reg_0_31_108_113/RAMC_D1
  -------------------------------------------------------------------
                         required time                         -1.347    
                         arrival time                           1.382    
  -------------------------------------------------------------------
                         slack                                  0.035    

Slack (MET) :             0.037ns  (arrival time - required time)
  Source:                 System_Top_i/smartconnect_0/inst/switchboards/ar_switchboard/inst/gen_mi[0].inst_opipe_payld/gen_pipe[1].pipe_reg[1][108]/C
                            (rising edge-triggered cell FDRE clocked by clk_fpga_0  {rise@0.000ns fall@9.000ns period=18.000ns})
  Destination:            System_Top_i/smartconnect_0/inst/m00_nodes/m00_ar_node/inst/inst_mi_handler/gen_normal_area.inst_fifo_node_payld/gen_xpm_memory_fifo.inst_fifo/gen_mem_rep[0].inst_xpm_memory/xpm_memory_base_inst/gen_wr_a.gen_word_narrow.mem_reg_0_31_108_113/RAMA/I
                            (rising edge-triggered cell RAMD32 clocked by clk_fpga_0  {rise@0.000ns fall@9.000ns period=18.000ns})
  Path Group:             clk_fpga_0
  Path Type:              Hold (Min at Fast Process Corner)
  Requirement:            0.000ns  (clk_fpga_0 rise@0.000ns - clk_fpga_0 rise@0.000ns)
  Data Path Delay:        0.197ns  (logic 0.141ns (71.611%)  route 0.056ns (28.389%))
  Logic Levels:           0  
  Clock Path Skew:        0.013ns (DCD - SCD - CPR)
    Destination Clock Delay (DCD):    1.185ns
    Source Clock Delay      (SCD):    0.887ns
    Clock Pessimism Removal (CPR):    0.285ns

    Location             Delay type                Incr(ns)  Path(ns)    Netlist Resource(s)
  -------------------------------------------------------------------    -------------------
                         (clock clk_fpga_0 rise edge)
                                                      0.000     0.000 r  
    PS7_X0Y0             PS7                          0.000     0.000 r  System_Top_i/processing_system7_0/inst/PS7_i/FCLKCLK[0]
                         net (fo=1, routed)           0.310     0.310    System_Top_i/processing_system7_0/inst/FCLK_CLK_unbuffered[0]
    BUFGCTRL_X0Y16       BUFG (Prop_bufg_I_O)         0.026     0.336 r  System_Top_i/processing_system7_0/inst/buffer_fclk_clk_0.FCLK_CLK_0_BUFG/O
                         net (fo=6989, routed)        0.551     0.887    System_Top_i/smartconnect_0/inst/switchboards/ar_switchboard/inst/gen_mi[0].inst_opipe_payld/aclk
    SLICE_X51Y90         FDRE                                         r  System_Top_i/smartconnect_0/inst/switchboards/ar_switchboard/inst/gen_mi[0].inst_opipe_payld/gen_pipe[1].pipe_reg[1][108]/C
  -------------------------------------------------------------------    -------------------
    SLICE_X51Y90         FDRE (Prop_fdre_C_Q)         0.141     1.028 r  System_Top_i/smartconnect_0/inst/switchboards/ar_switchboard/inst/gen_mi[0].inst_opipe_payld/gen_pipe[1].pipe_reg[1][108]/Q
                         net (fo=1, routed)           0.056     1.083    System_Top_i/smartconnect_0/inst/m00_nodes/m00_ar_node/inst/inst_mi_handler/gen_normal_area.inst_fifo_node_payld/gen_xpm_memory_fifo.inst_fifo/gen_mem_rep[0].inst_xpm_memory/xpm_memory_base_inst/gen_wr_a.gen_word_narrow.mem_reg_0_31_108_113/DIA0
    SLICE_X50Y90         RAMD32                                       r  System_Top_i/smartconnect_0/inst/m00_nodes/m00_ar_node/inst/inst_mi_handler/gen_normal_area.inst_fifo_node_payld/gen_xpm_memory_fifo.inst_fifo/gen_mem_rep[0].inst_xpm_memory/xpm_memory_base_inst/gen_wr_a.gen_word_narrow.mem_reg_0_31_108_113/RAMA/I
  -------------------------------------------------------------------    -------------------

                         (clock clk_fpga_0 rise edge)
                                                      0.000     0.000 r  
    PS7_X0Y0             PS7                          0.000     0.000 r  System_Top_i/processing_system7_0/inst/PS7_i/FCLKCLK[0]
                         net (fo=1, routed)           0.337     0.337    System_Top_i/processing_system7_0/inst/FCLK_CLK_unbuffered[0]
    BUFGCTRL_X0Y16       BUFG (Prop_bufg_I_O)         0.029     0.366 r  System_Top_i/processing_system7_0/inst/buffer_fclk_clk_0.FCLK_CLK_0_BUFG/O
                         net (fo=6989, routed)        0.819     1.185    System_Top_i/smartconnect_0/inst/m00_nodes/m00_ar_node/inst/inst_mi_handler/gen_normal_area.inst_fifo_node_payld/gen_xpm_memory_fifo.inst_fifo/gen_mem_rep[0].inst_xpm_memory/xpm_memory_base_inst/gen_wr_a.gen_word_narrow.mem_reg_0_31_108_113/WCLK
    SLICE_X50Y90         RAMD32                                       r  System_Top_i/smartconnect_0/inst/m00_nodes/m00_ar_node/inst/inst_mi_handler/gen_normal_area.inst_fifo_node_payld/gen_xpm_memory_fifo.inst_fifo/gen_mem_rep[0].inst_xpm_memory/xpm_memory_base_inst/gen_wr_a.gen_word_narrow.mem_reg_0_31_108_113/RAMA/CLK
                         clock pessimism             -0.285     0.900    
    SLICE_X50Y90         RAMD32 (Hold_ramd32_CLK_I)
                                                      0.147     1.047    System_Top_i/smartconnect_0/inst/m00_nodes/m00_ar_node/inst/inst_mi_handler/gen_normal_area.inst_fifo_node_payld/gen_xpm_memory_fifo.inst_fifo/gen_mem_rep[0].inst_xpm_memory/xpm_memory_base_inst/gen_wr_a.gen_word_narrow.mem_reg_0_31_108_113/RAMA
  -------------------------------------------------------------------
                         required time                         -1.047    
                         arrival time                           1.083    
  -------------------------------------------------------------------
                         slack                                  0.037    

Slack (MET) :             0.041ns  (arrival time - required time)
  Source:                 System_Top_i/smartconnect_0/inst/s00_entry_pipeline/s00_mmu/inst/w_sreg/skid_buffer_reg[1055]/C
                            (rising edge-triggered cell FDRE clocked by clk_fpga_0  {rise@0.000ns fall@9.000ns period=18.000ns})
  Destination:            System_Top_i/smartconnect_0/inst/s00_entry_pipeline/s00_mmu/inst/w_sreg/m_vector_i_reg[1055]/D
                            (rising edge-triggered cell FDRE clocked by clk_fpga_0  {rise@0.000ns fall@9.000ns period=18.000ns})
  Path Group:             clk_fpga_0
  Path Type:              Hold (Min at Fast Process Corner)
  Requirement:            0.000ns  (clk_fpga_0 rise@0.000ns - clk_fpga_0 rise@0.000ns)
  Data Path Delay:        0.496ns  (logic 0.243ns (48.992%)  route 0.253ns (51.008%))
  Logic Levels:           1  (LUT3=1)
  Clock Path Skew:        0.348ns (DCD - SCD - CPR)
    Destination Clock Delay (DCD):    1.278ns
    Source Clock Delay      (SCD):    0.895ns
    Clock Pessimism Removal (CPR):    0.035ns

    Location             Delay type                Incr(ns)  Path(ns)    Netlist Resource(s)
  -------------------------------------------------------------------    -------------------
                         (clock clk_fpga_0 rise edge)
                                                      0.000     0.000 r  
    PS7_X0Y0             PS7                          0.000     0.000 r  System_Top_i/processing_system7_0/inst/PS7_i/FCLKCLK[0]
                         net (fo=1, routed)           0.310     0.310    System_Top_i/processing_system7_0/inst/FCLK_CLK_unbuffered[0]
    BUFGCTRL_X0Y16       BUFG (Prop_bufg_I_O)         0.026     0.336 r  System_Top_i/processing_system7_0/inst/buffer_fclk_clk_0.FCLK_CLK_0_BUFG/O
                         net (fo=6989, routed)        0.559     0.895    System_Top_i/smartconnect_0/inst/s00_entry_pipeline/s00_mmu/inst/w_sreg/aclk
    SLICE_X34Y99         FDRE                                         r  System_Top_i/smartconnect_0/inst/s00_entry_pipeline/s00_mmu/inst/w_sreg/skid_buffer_reg[1055]/C
  -------------------------------------------------------------------    -------------------
    SLICE_X34Y99         FDRE (Prop_fdre_C_Q)         0.148     1.043 r  System_Top_i/smartconnect_0/inst/s00_entry_pipeline/s00_mmu/inst/w_sreg/skid_buffer_reg[1055]/Q
                         net (fo=1, routed)           0.253     1.296    System_Top_i/smartconnect_0/inst/s00_entry_pipeline/s00_mmu/inst/w_sreg/skid_buffer_reg_n_0_[1055]
    SLICE_X35Y100        LUT3 (Prop_lut3_I0_O)        0.095     1.391 r  System_Top_i/smartconnect_0/inst/s00_entry_pipeline/s00_mmu/inst/w_sreg/m_vector_i[1055]_i_1/O
                         net (fo=1, routed)           0.000     1.391    System_Top_i/smartconnect_0/inst/s00_entry_pipeline/s00_mmu/inst/w_sreg/m_vector_i[1055]_i_1_n_0
    SLICE_X35Y100        FDRE                                         r  System_Top_i/smartconnect_0/inst/s00_entry_pipeline/s00_mmu/inst/w_sreg/m_vector_i_reg[1055]/D
  -------------------------------------------------------------------    -------------------

                         (clock clk_fpga_0 rise edge)
                                                      0.000     0.000 r  
    PS7_X0Y0             PS7                          0.000     0.000 r  System_Top_i/processing_system7_0/inst/PS7_i/FCLKCLK[0]
                         net (fo=1, routed)           0.337     0.337    System_Top_i/processing_system7_0/inst/FCLK_CLK_unbuffered[0]
    BUFGCTRL_X0Y16       BUFG (Prop_bufg_I_O)         0.029     0.366 r  System_Top_i/processing_system7_0/inst/buffer_fclk_clk_0.FCLK_CLK_0_BUFG/O
                         net (fo=6989, routed)        0.912     1.278    System_Top_i/smartconnect_0/inst/s00_entry_pipeline/s00_mmu/inst/w_sreg/aclk
    SLICE_X35Y100        FDRE                                         r  System_Top_i/smartconnect_0/inst/s00_entry_pipeline/s00_mmu/inst/w_sreg/m_vector_i_reg[1055]/C
                         clock pessimism             -0.035     1.243    
    SLICE_X35Y100        FDRE (Hold_fdre_C_D)         0.107     1.350    System_Top_i/smartconnect_0/inst/s00_entry_pipeline/s00_mmu/inst/w_sreg/m_vector_i_reg[1055]
  -------------------------------------------------------------------
                         required time                         -1.350    
                         arrival time                           1.391    
  -------------------------------------------------------------------
                         slack                                  0.041    

Slack (MET) :             0.045ns  (arrival time - required time)
  Source:                 System_Top_i/smartconnect_0/inst/m00_nodes/m00_aw_node/inst/inst_mi_handler/gen_normal_area.inst_fifo_node_payld/gen_xpm_memory_fifo.inst_fifo/gen_mem_rep[0].inst_wr_addra/count_r_reg[3]/C
                            (rising edge-triggered cell FDRE clocked by clk_fpga_0  {rise@0.000ns fall@9.000ns period=18.000ns})
  Destination:            System_Top_i/smartconnect_0/inst/m00_nodes/m00_aw_node/inst/inst_mi_handler/gen_normal_area.inst_fifo_node_payld/gen_xpm_memory_fifo.inst_fifo/gen_mem_rep[0].inst_xpm_memory/xpm_memory_base_inst/gen_wr_a.gen_word_narrow.mem_reg_0_31_96_101/RAMA/WADR3
                            (rising edge-triggered cell RAMD32 clocked by clk_fpga_0  {rise@0.000ns fall@9.000ns period=18.000ns})
  Path Group:             clk_fpga_0
  Path Type:              Hold (Min at Fast Process Corner)
  Requirement:            0.000ns  (clk_fpga_0 rise@0.000ns - clk_fpga_0 rise@0.000ns)
  Data Path Delay:        0.298ns  (logic 0.141ns (47.393%)  route 0.157ns (52.607%))
  Logic Levels:           0  
  Clock Path Skew:        0.013ns (DCD - SCD - CPR)
    Destination Clock Delay (DCD):    1.271ns
    Source Clock Delay      (SCD):    0.969ns
    Clock Pessimism Removal (CPR):    0.289ns

    Location             Delay type                Incr(ns)  Path(ns)    Netlist Resource(s)
  -------------------------------------------------------------------    -------------------
                         (clock clk_fpga_0 rise edge)
                                                      0.000     0.000 r  
    PS7_X0Y0             PS7                          0.000     0.000 r  System_Top_i/processing_system7_0/inst/PS7_i/FCLKCLK[0]
                         net (fo=1, routed)           0.310     0.310    System_Top_i/processing_system7_0/inst/FCLK_CLK_unbuffered[0]
    BUFGCTRL_X0Y16       BUFG (Prop_bufg_I_O)         0.026     0.336 r  System_Top_i/processing_system7_0/inst/buffer_fclk_clk_0.FCLK_CLK_0_BUFG/O
                         net (fo=6989, routed)        0.633     0.969    System_Top_i/smartconnect_0/inst/m00_nodes/m00_aw_node/inst/inst_mi_handler/gen_normal_area.inst_fifo_node_payld/gen_xpm_memory_fifo.inst_fifo/gen_mem_rep[0].inst_wr_addra/s_sc_aclk
    SLICE_X51Y108        FDRE                                         r  System_Top_i/smartconnect_0/inst/m00_nodes/m00_aw_node/inst/inst_mi_handler/gen_normal_area.inst_fifo_node_payld/gen_xpm_memory_fifo.inst_fifo/gen_mem_rep[0].inst_wr_addra/count_r_reg[3]/C
  -------------------------------------------------------------------    -------------------
    SLICE_X51Y108        FDRE (Prop_fdre_C_Q)         0.141     1.110 r  System_Top_i/smartconnect_0/inst/m00_nodes/m00_aw_node/inst/inst_mi_handler/gen_normal_area.inst_fifo_node_payld/gen_xpm_memory_fifo.inst_fifo/gen_mem_rep[0].inst_wr_addra/count_r_reg[3]/Q
                         net (fo=37, routed)          0.157     1.267    System_Top_i/smartconnect_0/inst/m00_nodes/m00_aw_node/inst/inst_mi_handler/gen_normal_area.inst_fifo_node_payld/gen_xpm_memory_fifo.inst_fifo/gen_mem_rep[0].inst_xpm_memory/xpm_memory_base_inst/gen_wr_a.gen_word_narrow.mem_reg_0_31_96_101/ADDRD3
    SLICE_X50Y108        RAMD32                                       r  System_Top_i/smartconnect_0/inst/m00_nodes/m00_aw_node/inst/inst_mi_handler/gen_normal_area.inst_fifo_node_payld/gen_xpm_memory_fifo.inst_fifo/gen_mem_rep[0].inst_xpm_memory/xpm_memory_base_inst/gen_wr_a.gen_word_narrow.mem_reg_0_31_96_101/RAMA/WADR3
  -------------------------------------------------------------------    -------------------

                         (clock clk_fpga_0 rise edge)
                                                      0.000     0.000 r  
    PS7_X0Y0             PS7                          0.000     0.000 r  System_Top_i/processing_system7_0/inst/PS7_i/FCLKCLK[0]
                         net (fo=1, routed)           0.337     0.337    System_Top_i/processing_system7_0/inst/FCLK_CLK_unbuffered[0]
    BUFGCTRL_X0Y16       BUFG (Prop_bufg_I_O)         0.029     0.366 r  System_Top_i/processing_system7_0/inst/buffer_fclk_clk_0.FCLK_CLK_0_BUFG/O
                         net (fo=6989, routed)        0.905     1.271    System_Top_i/smartconnect_0/inst/m00_nodes/m00_aw_node/inst/inst_mi_handler/gen_normal_area.inst_fifo_node_payld/gen_xpm_memory_fifo.inst_fifo/gen_mem_rep[0].inst_xpm_memory/xpm_memory_base_inst/gen_wr_a.gen_word_narrow.mem_reg_0_31_96_101/WCLK
    SLICE_X50Y108        RAMD32                                       r  System_Top_i/smartconnect_0/inst/m00_nodes/m00_aw_node/inst/inst_mi_handler/gen_normal_area.inst_fifo_node_payld/gen_xpm_memory_fifo.inst_fifo/gen_mem_rep[0].inst_xpm_memory/xpm_memory_base_inst/gen_wr_a.gen_word_narrow.mem_reg_0_31_96_101/RAMA/CLK
                         clock pessimism             -0.289     0.982    
    SLICE_X50Y108        RAMD32 (Hold_ramd32_CLK_WADR3)
                                                      0.240     1.222    System_Top_i/smartconnect_0/inst/m00_nodes/m00_aw_node/inst/inst_mi_handler/gen_normal_area.inst_fifo_node_payld/gen_xpm_memory_fifo.inst_fifo/gen_mem_rep[0].inst_xpm_memory/xpm_memory_base_inst/gen_wr_a.gen_word_narrow.mem_reg_0_31_96_101/RAMA
  -------------------------------------------------------------------
                         required time                         -1.222    
                         arrival time                           1.267    
  -------------------------------------------------------------------
                         slack                                  0.045    

Slack (MET) :             0.045ns  (arrival time - required time)
  Source:                 System_Top_i/smartconnect_0/inst/m00_nodes/m00_aw_node/inst/inst_mi_handler/gen_normal_area.inst_fifo_node_payld/gen_xpm_memory_fifo.inst_fifo/gen_mem_rep[0].inst_wr_addra/count_r_reg[3]/C
                            (rising edge-triggered cell FDRE clocked by clk_fpga_0  {rise@0.000ns fall@9.000ns period=18.000ns})
  Destination:            System_Top_i/smartconnect_0/inst/m00_nodes/m00_aw_node/inst/inst_mi_handler/gen_normal_area.inst_fifo_node_payld/gen_xpm_memory_fifo.inst_fifo/gen_mem_rep[0].inst_xpm_memory/xpm_memory_base_inst/gen_wr_a.gen_word_narrow.mem_reg_0_31_96_101/RAMA_D1/WADR3
                            (rising edge-triggered cell RAMD32 clocked by clk_fpga_0  {rise@0.000ns fall@9.000ns period=18.000ns})
  Path Group:             clk_fpga_0
  Path Type:              Hold (Min at Fast Process Corner)
  Requirement:            0.000ns  (clk_fpga_0 rise@0.000ns - clk_fpga_0 rise@0.000ns)
  Data Path Delay:        0.298ns  (logic 0.141ns (47.393%)  route 0.157ns (52.607%))
  Logic Levels:           0  
  Clock Path Skew:        0.013ns (DCD - SCD - CPR)
    Destination Clock Delay (DCD):    1.271ns
    Source Clock Delay      (SCD):    0.969ns
    Clock Pessimism Removal (CPR):    0.289ns

    Location             Delay type                Incr(ns)  Path(ns)    Netlist Resource(s)
  -------------------------------------------------------------------    -------------------
                         (clock clk_fpga_0 rise edge)
                                                      0.000     0.000 r  
    PS7_X0Y0             PS7                          0.000     0.000 r  System_Top_i/processing_system7_0/inst/PS7_i/FCLKCLK[0]
                         net (fo=1, routed)           0.310     0.310    System_Top_i/processing_system7_0/inst/FCLK_CLK_unbuffered[0]
    BUFGCTRL_X0Y16       BUFG (Prop_bufg_I_O)         0.026     0.336 r  System_Top_i/processing_system7_0/inst/buffer_fclk_clk_0.FCLK_CLK_0_BUFG/O
                         net (fo=6989, routed)        0.633     0.969    System_Top_i/smartconnect_0/inst/m00_nodes/m00_aw_node/inst/inst_mi_handler/gen_normal_area.inst_fifo_node_payld/gen_xpm_memory_fifo.inst_fifo/gen_mem_rep[0].inst_wr_addra/s_sc_aclk
    SLICE_X51Y108        FDRE                                         r  System_Top_i/smartconnect_0/inst/m00_nodes/m00_aw_node/inst/inst_mi_handler/gen_normal_area.inst_fifo_node_payld/gen_xpm_memory_fifo.inst_fifo/gen_mem_rep[0].inst_wr_addra/count_r_reg[3]/C
  -------------------------------------------------------------------    -------------------
    SLICE_X51Y108        FDRE (Prop_fdre_C_Q)         0.141     1.110 r  System_Top_i/smartconnect_0/inst/m00_nodes/m00_aw_node/inst/inst_mi_handler/gen_normal_area.inst_fifo_node_payld/gen_xpm_memory_fifo.inst_fifo/gen_mem_rep[0].inst_wr_addra/count_r_reg[3]/Q
                         net (fo=37, routed)          0.157     1.267    System_Top_i/smartconnect_0/inst/m00_nodes/m00_aw_node/inst/inst_mi_handler/gen_normal_area.inst_fifo_node_payld/gen_xpm_memory_fifo.inst_fifo/gen_mem_rep[0].inst_xpm_memory/xpm_memory_base_inst/gen_wr_a.gen_word_narrow.mem_reg_0_31_96_101/ADDRD3
    SLICE_X50Y108        RAMD32                                       r  System_Top_i/smartconnect_0/inst/m00_nodes/m00_aw_node/inst/inst_mi_handler/gen_normal_area.inst_fifo_node_payld/gen_xpm_memory_fifo.inst_fifo/gen_mem_rep[0].inst_xpm_memory/xpm_memory_base_inst/gen_wr_a.gen_word_narrow.mem_reg_0_31_96_101/RAMA_D1/WADR3
  -------------------------------------------------------------------    -------------------

                         (clock clk_fpga_0 rise edge)
                                                      0.000     0.000 r  
    PS7_X0Y0             PS7                          0.000     0.000 r  System_Top_i/processing_system7_0/inst/PS7_i/FCLKCLK[0]
                         net (fo=1, routed)           0.337     0.337    System_Top_i/processing_system7_0/inst/FCLK_CLK_unbuffered[0]
    BUFGCTRL_X0Y16       BUFG (Prop_bufg_I_O)         0.029     0.366 r  System_Top_i/processing_system7_0/inst/buffer_fclk_clk_0.FCLK_CLK_0_BUFG/O
                         net (fo=6989, routed)        0.905     1.271    System_Top_i/smartconnect_0/inst/m00_nodes/m00_aw_node/inst/inst_mi_handler/gen_normal_area.inst_fifo_node_payld/gen_xpm_memory_fifo.inst_fifo/gen_mem_rep[0].inst_xpm_memory/xpm_memory_base_inst/gen_wr_a.gen_word_narrow.mem_reg_0_31_96_101/WCLK
    SLICE_X50Y108        RAMD32                                       r  System_Top_i/smartconnect_0/inst/m00_nodes/m00_aw_node/inst/inst_mi_handler/gen_normal_area.inst_fifo_node_payld/gen_xpm_memory_fifo.inst_fifo/gen_mem_rep[0].inst_xpm_memory/xpm_memory_base_inst/gen_wr_a.gen_word_narrow.mem_reg_0_31_96_101/RAMA_D1/CLK
                         clock pessimism             -0.289     0.982    
    SLICE_X50Y108        RAMD32 (Hold_ramd32_CLK_WADR3)
                                                      0.240     1.222    System_Top_i/smartconnect_0/inst/m00_nodes/m00_aw_node/inst/inst_mi_handler/gen_normal_area.inst_fifo_node_payld/gen_xpm_memory_fifo.inst_fifo/gen_mem_rep[0].inst_xpm_memory/xpm_memory_base_inst/gen_wr_a.gen_word_narrow.mem_reg_0_31_96_101/RAMA_D1
  -------------------------------------------------------------------
                         required time                         -1.222    
                         arrival time                           1.267    
  -------------------------------------------------------------------
                         slack                                  0.045    

Slack (MET) :             0.045ns  (arrival time - required time)
  Source:                 System_Top_i/smartconnect_0/inst/m00_nodes/m00_aw_node/inst/inst_mi_handler/gen_normal_area.inst_fifo_node_payld/gen_xpm_memory_fifo.inst_fifo/gen_mem_rep[0].inst_wr_addra/count_r_reg[3]/C
                            (rising edge-triggered cell FDRE clocked by clk_fpga_0  {rise@0.000ns fall@9.000ns period=18.000ns})
  Destination:            System_Top_i/smartconnect_0/inst/m00_nodes/m00_aw_node/inst/inst_mi_handler/gen_normal_area.inst_fifo_node_payld/gen_xpm_memory_fifo.inst_fifo/gen_mem_rep[0].inst_xpm_memory/xpm_memory_base_inst/gen_wr_a.gen_word_narrow.mem_reg_0_31_96_101/RAMB/WADR3
                            (rising edge-triggered cell RAMD32 clocked by clk_fpga_0  {rise@0.000ns fall@9.000ns period=18.000ns})
  Path Group:             clk_fpga_0
  Path Type:              Hold (Min at Fast Process Corner)
  Requirement:            0.000ns  (clk_fpga_0 rise@0.000ns - clk_fpga_0 rise@0.000ns)
  Data Path Delay:        0.298ns  (logic 0.141ns (47.393%)  route 0.157ns (52.607%))
  Logic Levels:           0  
  Clock Path Skew:        0.013ns (DCD - SCD - CPR)
    Destination Clock Delay (DCD):    1.271ns
    Source Clock Delay      (SCD):    0.969ns
    Clock Pessimism Removal (CPR):    0.289ns

    Location             Delay type                Incr(ns)  Path(ns)    Netlist Resource(s)
  -------------------------------------------------------------------    -------------------
                         (clock clk_fpga_0 rise edge)
                                                      0.000     0.000 r  
    PS7_X0Y0             PS7                          0.000     0.000 r  System_Top_i/processing_system7_0/inst/PS7_i/FCLKCLK[0]
                         net (fo=1, routed)           0.310     0.310    System_Top_i/processing_system7_0/inst/FCLK_CLK_unbuffered[0]
    BUFGCTRL_X0Y16       BUFG (Prop_bufg_I_O)         0.026     0.336 r  System_Top_i/processing_system7_0/inst/buffer_fclk_clk_0.FCLK_CLK_0_BUFG/O
                         net (fo=6989, routed)        0.633     0.969    System_Top_i/smartconnect_0/inst/m00_nodes/m00_aw_node/inst/inst_mi_handler/gen_normal_area.inst_fifo_node_payld/gen_xpm_memory_fifo.inst_fifo/gen_mem_rep[0].inst_wr_addra/s_sc_aclk
    SLICE_X51Y108        FDRE                                         r  System_Top_i/smartconnect_0/inst/m00_nodes/m00_aw_node/inst/inst_mi_handler/gen_normal_area.inst_fifo_node_payld/gen_xpm_memory_fifo.inst_fifo/gen_mem_rep[0].inst_wr_addra/count_r_reg[3]/C
  -------------------------------------------------------------------    -------------------
    SLICE_X51Y108        FDRE (Prop_fdre_C_Q)         0.141     1.110 r  System_Top_i/smartconnect_0/inst/m00_nodes/m00_aw_node/inst/inst_mi_handler/gen_normal_area.inst_fifo_node_payld/gen_xpm_memory_fifo.inst_fifo/gen_mem_rep[0].inst_wr_addra/count_r_reg[3]/Q
                         net (fo=37, routed)          0.157     1.267    System_Top_i/smartconnect_0/inst/m00_nodes/m00_aw_node/inst/inst_mi_handler/gen_normal_area.inst_fifo_node_payld/gen_xpm_memory_fifo.inst_fifo/gen_mem_rep[0].inst_xpm_memory/xpm_memory_base_inst/gen_wr_a.gen_word_narrow.mem_reg_0_31_96_101/ADDRD3
    SLICE_X50Y108        RAMD32                                       r  System_Top_i/smartconnect_0/inst/m00_nodes/m00_aw_node/inst/inst_mi_handler/gen_normal_area.inst_fifo_node_payld/gen_xpm_memory_fifo.inst_fifo/gen_mem_rep[0].inst_xpm_memory/xpm_memory_base_inst/gen_wr_a.gen_word_narrow.mem_reg_0_31_96_101/RAMB/WADR3
  -------------------------------------------------------------------    -------------------

                         (clock clk_fpga_0 rise edge)
                                                      0.000     0.000 r  
    PS7_X0Y0             PS7                          0.000     0.000 r  System_Top_i/processing_system7_0/inst/PS7_i/FCLKCLK[0]
                         net (fo=1, routed)           0.337     0.337    System_Top_i/processing_system7_0/inst/FCLK_CLK_unbuffered[0]
    BUFGCTRL_X0Y16       BUFG (Prop_bufg_I_O)         0.029     0.366 r  System_Top_i/processing_system7_0/inst/buffer_fclk_clk_0.FCLK_CLK_0_BUFG/O
                         net (fo=6989, routed)        0.905     1.271    System_Top_i/smartconnect_0/inst/m00_nodes/m00_aw_node/inst/inst_mi_handler/gen_normal_area.inst_fifo_node_payld/gen_xpm_memory_fifo.inst_fifo/gen_mem_rep[0].inst_xpm_memory/xpm_memory_base_inst/gen_wr_a.gen_word_narrow.mem_reg_0_31_96_101/WCLK
    SLICE_X50Y108        RAMD32                                       r  System_Top_i/smartconnect_0/inst/m00_nodes/m00_aw_node/inst/inst_mi_handler/gen_normal_area.inst_fifo_node_payld/gen_xpm_memory_fifo.inst_fifo/gen_mem_rep[0].inst_xpm_memory/xpm_memory_base_inst/gen_wr_a.gen_word_narrow.mem_reg_0_31_96_101/RAMB/CLK
                         clock pessimism             -0.289     0.982    
    SLICE_X50Y108        RAMD32 (Hold_ramd32_CLK_WADR3)
                                                      0.240     1.222    System_Top_i/smartconnect_0/inst/m00_nodes/m00_aw_node/inst/inst_mi_handler/gen_normal_area.inst_fifo_node_payld/gen_xpm_memory_fifo.inst_fifo/gen_mem_rep[0].inst_xpm_memory/xpm_memory_base_inst/gen_wr_a.gen_word_narrow.mem_reg_0_31_96_101/RAMB
  -------------------------------------------------------------------
                         required time                         -1.222    
                         arrival time                           1.267    
  -------------------------------------------------------------------
                         slack                                  0.045    

Slack (MET) :             0.045ns  (arrival time - required time)
  Source:                 System_Top_i/smartconnect_0/inst/m00_nodes/m00_aw_node/inst/inst_mi_handler/gen_normal_area.inst_fifo_node_payld/gen_xpm_memory_fifo.inst_fifo/gen_mem_rep[0].inst_wr_addra/count_r_reg[3]/C
                            (rising edge-triggered cell FDRE clocked by clk_fpga_0  {rise@0.000ns fall@9.000ns period=18.000ns})
  Destination:            System_Top_i/smartconnect_0/inst/m00_nodes/m00_aw_node/inst/inst_mi_handler/gen_normal_area.inst_fifo_node_payld/gen_xpm_memory_fifo.inst_fifo/gen_mem_rep[0].inst_xpm_memory/xpm_memory_base_inst/gen_wr_a.gen_word_narrow.mem_reg_0_31_96_101/RAMB_D1/WADR3
                            (rising edge-triggered cell RAMD32 clocked by clk_fpga_0  {rise@0.000ns fall@9.000ns period=18.000ns})
  Path Group:             clk_fpga_0
  Path Type:              Hold (Min at Fast Process Corner)
  Requirement:            0.000ns  (clk_fpga_0 rise@0.000ns - clk_fpga_0 rise@0.000ns)
  Data Path Delay:        0.298ns  (logic 0.141ns (47.393%)  route 0.157ns (52.607%))
  Logic Levels:           0  
  Clock Path Skew:        0.013ns (DCD - SCD - CPR)
    Destination Clock Delay (DCD):    1.271ns
    Source Clock Delay      (SCD):    0.969ns
    Clock Pessimism Removal (CPR):    0.289ns

    Location             Delay type                Incr(ns)  Path(ns)    Netlist Resource(s)
  -------------------------------------------------------------------    -------------------
                         (clock clk_fpga_0 rise edge)
                                                      0.000     0.000 r  
    PS7_X0Y0             PS7                          0.000     0.000 r  System_Top_i/processing_system7_0/inst/PS7_i/FCLKCLK[0]
                         net (fo=1, routed)           0.310     0.310    System_Top_i/processing_system7_0/inst/FCLK_CLK_unbuffered[0]
    BUFGCTRL_X0Y16       BUFG (Prop_bufg_I_O)         0.026     0.336 r  System_Top_i/processing_system7_0/inst/buffer_fclk_clk_0.FCLK_CLK_0_BUFG/O
                         net (fo=6989, routed)        0.633     0.969    System_Top_i/smartconnect_0/inst/m00_nodes/m00_aw_node/inst/inst_mi_handler/gen_normal_area.inst_fifo_node_payld/gen_xpm_memory_fifo.inst_fifo/gen_mem_rep[0].inst_wr_addra/s_sc_aclk
    SLICE_X51Y108        FDRE                                         r  System_Top_i/smartconnect_0/inst/m00_nodes/m00_aw_node/inst/inst_mi_handler/gen_normal_area.inst_fifo_node_payld/gen_xpm_memory_fifo.inst_fifo/gen_mem_rep[0].inst_wr_addra/count_r_reg[3]/C
  -------------------------------------------------------------------    -------------------
    SLICE_X51Y108        FDRE (Prop_fdre_C_Q)         0.141     1.110 r  System_Top_i/smartconnect_0/inst/m00_nodes/m00_aw_node/inst/inst_mi_handler/gen_normal_area.inst_fifo_node_payld/gen_xpm_memory_fifo.inst_fifo/gen_mem_rep[0].inst_wr_addra/count_r_reg[3]/Q
                         net (fo=37, routed)          0.157     1.267    System_Top_i/smartconnect_0/inst/m00_nodes/m00_aw_node/inst/inst_mi_handler/gen_normal_area.inst_fifo_node_payld/gen_xpm_memory_fifo.inst_fifo/gen_mem_rep[0].inst_xpm_memory/xpm_memory_base_inst/gen_wr_a.gen_word_narrow.mem_reg_0_31_96_101/ADDRD3
    SLICE_X50Y108        RAMD32                                       r  System_Top_i/smartconnect_0/inst/m00_nodes/m00_aw_node/inst/inst_mi_handler/gen_normal_area.inst_fifo_node_payld/gen_xpm_memory_fifo.inst_fifo/gen_mem_rep[0].inst_xpm_memory/xpm_memory_base_inst/gen_wr_a.gen_word_narrow.mem_reg_0_31_96_101/RAMB_D1/WADR3
  -------------------------------------------------------------------    -------------------

                         (clock clk_fpga_0 rise edge)
                                                      0.000     0.000 r  
    PS7_X0Y0             PS7                          0.000     0.000 r  System_Top_i/processing_system7_0/inst/PS7_i/FCLKCLK[0]
                         net (fo=1, routed)           0.337     0.337    System_Top_i/processing_system7_0/inst/FCLK_CLK_unbuffered[0]
    BUFGCTRL_X0Y16       BUFG (Prop_bufg_I_O)         0.029     0.366 r  System_Top_i/processing_system7_0/inst/buffer_fclk_clk_0.FCLK_CLK_0_BUFG/O
                         net (fo=6989, routed)        0.905     1.271    System_Top_i/smartconnect_0/inst/m00_nodes/m00_aw_node/inst/inst_mi_handler/gen_normal_area.inst_fifo_node_payld/gen_xpm_memory_fifo.inst_fifo/gen_mem_rep[0].inst_xpm_memory/xpm_memory_base_inst/gen_wr_a.gen_word_narrow.mem_reg_0_31_96_101/WCLK
    SLICE_X50Y108        RAMD32                                       r  System_Top_i/smartconnect_0/inst/m00_nodes/m00_aw_node/inst/inst_mi_handler/gen_normal_area.inst_fifo_node_payld/gen_xpm_memory_fifo.inst_fifo/gen_mem_rep[0].inst_xpm_memory/xpm_memory_base_inst/gen_wr_a.gen_word_narrow.mem_reg_0_31_96_101/RAMB_D1/CLK
                         clock pessimism             -0.289     0.982    
    SLICE_X50Y108        RAMD32 (Hold_ramd32_CLK_WADR3)
                                                      0.240     1.222    System_Top_i/smartconnect_0/inst/m00_nodes/m00_aw_node/inst/inst_mi_handler/gen_normal_area.inst_fifo_node_payld/gen_xpm_memory_fifo.inst_fifo/gen_mem_rep[0].inst_xpm_memory/xpm_memory_base_inst/gen_wr_a.gen_word_narrow.mem_reg_0_31_96_101/RAMB_D1
  -------------------------------------------------------------------
                         required time                         -1.222    
                         arrival time                           1.267    
  -------------------------------------------------------------------
                         slack                                  0.045    





Pulse Width Checks
--------------------------------------------------------------------------------------
Clock Name:         clk_fpga_0
Waveform(ns):       { 0.000 9.000 }
Period(ns):         18.000
Sources:            { System_Top_i/processing_system7_0/inst/PS7_i/FCLKCLK[0] }

Check Type        Corner  Lib Pin             Reference Pin  Required(ns)  Actual(ns)  Slack(ns)  Location        Pin
Min Period        n/a     RAMB36E1/CLKARDCLK  n/a            2.576         18.000      15.424     RAMB36_X3Y15    System_Top_i/blk_mem_gen_0/U0/inst_blk_mem_gen/gnbram.gnative_mem_map_bmg.native_mem_map_blk_mem_gen/valid.cstr/ramloop[0].ram.r/prim_noinit.ram/DEVICE_7SERIES.WITH_BMM_INFO.TRUE_DP.SIMPLE_PRIM36.TDP_SP36_NO_ECC_ATTR.ram/CLKARDCLK
Min Period        n/a     RAMB36E1/CLKBWRCLK  n/a            2.576         18.000      15.424     RAMB36_X3Y15    System_Top_i/blk_mem_gen_0/U0/inst_blk_mem_gen/gnbram.gnative_mem_map_bmg.native_mem_map_blk_mem_gen/valid.cstr/ramloop[0].ram.r/prim_noinit.ram/DEVICE_7SERIES.WITH_BMM_INFO.TRUE_DP.SIMPLE_PRIM36.TDP_SP36_NO_ECC_ATTR.ram/CLKBWRCLK
Min Period        n/a     RAMB36E1/CLKARDCLK  n/a            2.576         18.000      15.424     RAMB36_X3Y16    System_Top_i/blk_mem_gen_0/U0/inst_blk_mem_gen/gnbram.gnative_mem_map_bmg.native_mem_map_blk_mem_gen/valid.cstr/ramloop[1].ram.r/prim_noinit.ram/DEVICE_7SERIES.WITH_BMM_INFO.TRUE_DP.SIMPLE_PRIM36.TDP_SP36_NO_ECC_ATTR.ram/CLKARDCLK
Min Period        n/a     RAMB36E1/CLKBWRCLK  n/a            2.576         18.000      15.424     RAMB36_X3Y16    System_Top_i/blk_mem_gen_0/U0/inst_blk_mem_gen/gnbram.gnative_mem_map_bmg.native_mem_map_blk_mem_gen/valid.cstr/ramloop[1].ram.r/prim_noinit.ram/DEVICE_7SERIES.WITH_BMM_INFO.TRUE_DP.SIMPLE_PRIM36.TDP_SP36_NO_ECC_ATTR.ram/CLKBWRCLK
Min Period        n/a     RAMB36E1/CLKARDCLK  n/a            2.576         18.000      15.424     RAMB36_X3Y18    System_Top_i/blk_mem_gen_0/U0/inst_blk_mem_gen/gnbram.gnative_mem_map_bmg.native_mem_map_blk_mem_gen/valid.cstr/ramloop[2].ram.r/prim_noinit.ram/DEVICE_7SERIES.WITH_BMM_INFO.TRUE_DP.SIMPLE_PRIM36.TDP_SP36_NO_ECC_ATTR.ram/CLKARDCLK
Min Period        n/a     RAMB36E1/CLKBWRCLK  n/a            2.576         18.000      15.424     RAMB36_X3Y18    System_Top_i/blk_mem_gen_0/U0/inst_blk_mem_gen/gnbram.gnative_mem_map_bmg.native_mem_map_blk_mem_gen/valid.cstr/ramloop[2].ram.r/prim_noinit.ram/DEVICE_7SERIES.WITH_BMM_INFO.TRUE_DP.SIMPLE_PRIM36.TDP_SP36_NO_ECC_ATTR.ram/CLKBWRCLK
Min Period        n/a     RAMB36E1/CLKARDCLK  n/a            2.576         18.000      15.424     RAMB36_X3Y17    System_Top_i/blk_mem_gen_0/U0/inst_blk_mem_gen/gnbram.gnative_mem_map_bmg.native_mem_map_blk_mem_gen/valid.cstr/ramloop[3].ram.r/prim_noinit.ram/DEVICE_7SERIES.WITH_BMM_INFO.TRUE_DP.SIMPLE_PRIM36.TDP_SP36_NO_ECC_ATTR.ram/CLKARDCLK
Min Period        n/a     RAMB36E1/CLKBWRCLK  n/a            2.576         18.000      15.424     RAMB36_X3Y17    System_Top_i/blk_mem_gen_0/U0/inst_blk_mem_gen/gnbram.gnative_mem_map_bmg.native_mem_map_blk_mem_gen/valid.cstr/ramloop[3].ram.r/prim_noinit.ram/DEVICE_7SERIES.WITH_BMM_INFO.TRUE_DP.SIMPLE_PRIM36.TDP_SP36_NO_ECC_ATTR.ram/CLKBWRCLK
Min Period        n/a     BUFG/I              n/a            2.155         18.000      15.845     BUFGCTRL_X0Y16  System_Top_i/processing_system7_0/inst/buffer_fclk_clk_0.FCLK_CLK_0_BUFG/I
Min Period        n/a     FDRE/C              n/a            1.000         18.000      17.000     SLICE_X64Y91    System_Top_i/AXI_ArrayProc_0/inst/AXI_ArrayProc_slave_lite_v1_0_S00_AXI_inst/FSM_sequential_state_read_reg[0]/C
Low Pulse Width   Slow    RAMD64E/CLK         n/a            1.250         9.000       7.750      SLICE_X32Y75    System_Top_i/Top_0/inst/array_inst/gen_row[0].gen_col[0].pe_i/register_file_inst/rf_mem_reg_r1_0_127_0_0/DP.HIGH/CLK
Low Pulse Width   Fast    RAMD64E/CLK         n/a            1.250         9.000       7.750      SLICE_X32Y75    System_Top_i/Top_0/inst/array_inst/gen_row[0].gen_col[0].pe_i/register_file_inst/rf_mem_reg_r1_0_127_0_0/DP.HIGH/CLK
Low Pulse Width   Slow    RAMD64E/CLK         n/a            1.250         9.000       7.750      SLICE_X32Y75    System_Top_i/Top_0/inst/array_inst/gen_row[0].gen_col[0].pe_i/register_file_inst/rf_mem_reg_r1_0_127_0_0/DP.LOW/CLK
Low Pulse Width   Fast    RAMD64E/CLK         n/a            1.250         9.000       7.750      SLICE_X32Y75    System_Top_i/Top_0/inst/array_inst/gen_row[0].gen_col[0].pe_i/register_file_inst/rf_mem_reg_r1_0_127_0_0/DP.LOW/CLK
Low Pulse Width   Slow    RAMD64E/CLK         n/a            1.250         9.000       7.750      SLICE_X32Y75    System_Top_i/Top_0/inst/array_inst/gen_row[0].gen_col[0].pe_i/register_file_inst/rf_mem_reg_r1_0_127_0_0/SP.HIGH/CLK
Low Pulse Width   Fast    RAMD64E/CLK         n/a            1.250         9.000       7.750      SLICE_X32Y75    System_Top_i/Top_0/inst/array_inst/gen_row[0].gen_col[0].pe_i/register_file_inst/rf_mem_reg_r1_0_127_0_0/SP.HIGH/CLK
Low Pulse Width   Slow    RAMD64E/CLK         n/a            1.250         9.000       7.750      SLICE_X32Y75    System_Top_i/Top_0/inst/array_inst/gen_row[0].gen_col[0].pe_i/register_file_inst/rf_mem_reg_r1_0_127_0_0/SP.LOW/CLK
Low Pulse Width   Fast    RAMD64E/CLK         n/a            1.250         9.000       7.750      SLICE_X32Y75    System_Top_i/Top_0/inst/array_inst/gen_row[0].gen_col[0].pe_i/register_file_inst/rf_mem_reg_r1_0_127_0_0/SP.LOW/CLK
Low Pulse Width   Slow    RAMD64E/CLK         n/a            1.250         9.000       7.750      SLICE_X34Y74    System_Top_i/Top_0/inst/array_inst/gen_row[0].gen_col[0].pe_i/register_file_inst/rf_mem_reg_r2_0_127_0_0/DP.HIGH/CLK
Low Pulse Width   Fast    RAMD64E/CLK         n/a            1.250         9.000       7.750      SLICE_X34Y74    System_Top_i/Top_0/inst/array_inst/gen_row[0].gen_col[0].pe_i/register_file_inst/rf_mem_reg_r2_0_127_0_0/DP.HIGH/CLK
High Pulse Width  Slow    RAMD64E/CLK         n/a            1.250         9.000       7.750      SLICE_X32Y75    System_Top_i/Top_0/inst/array_inst/gen_row[0].gen_col[0].pe_i/register_file_inst/rf_mem_reg_r1_0_127_0_0/DP.HIGH/CLK
High Pulse Width  Fast    RAMD64E/CLK         n/a            1.250         9.000       7.750      SLICE_X32Y75    System_Top_i/Top_0/inst/array_inst/gen_row[0].gen_col[0].pe_i/register_file_inst/rf_mem_reg_r1_0_127_0_0/DP.HIGH/CLK
High Pulse Width  Slow    RAMD64E/CLK         n/a            1.250         9.000       7.750      SLICE_X32Y75    System_Top_i/Top_0/inst/array_inst/gen_row[0].gen_col[0].pe_i/register_file_inst/rf_mem_reg_r1_0_127_0_0/DP.LOW/CLK
High Pulse Width  Fast    RAMD64E/CLK         n/a            1.250         9.000       7.750      SLICE_X32Y75    System_Top_i/Top_0/inst/array_inst/gen_row[0].gen_col[0].pe_i/register_file_inst/rf_mem_reg_r1_0_127_0_0/DP.LOW/CLK
High Pulse Width  Slow    RAMD64E/CLK         n/a            1.250         9.000       7.750      SLICE_X32Y75    System_Top_i/Top_0/inst/array_inst/gen_row[0].gen_col[0].pe_i/register_file_inst/rf_mem_reg_r1_0_127_0_0/SP.HIGH/CLK
High Pulse Width  Fast    RAMD64E/CLK         n/a            1.250         9.000       7.750      SLICE_X32Y75    System_Top_i/Top_0/inst/array_inst/gen_row[0].gen_col[0].pe_i/register_file_inst/rf_mem_reg_r1_0_127_0_0/SP.HIGH/CLK
High Pulse Width  Slow    RAMD64E/CLK         n/a            1.250         9.000       7.750      SLICE_X32Y75    System_Top_i/Top_0/inst/array_inst/gen_row[0].gen_col[0].pe_i/register_file_inst/rf_mem_reg_r1_0_127_0_0/SP.LOW/CLK
High Pulse Width  Fast    RAMD64E/CLK         n/a            1.250         9.000       7.750      SLICE_X32Y75    System_Top_i/Top_0/inst/array_inst/gen_row[0].gen_col[0].pe_i/register_file_inst/rf_mem_reg_r1_0_127_0_0/SP.LOW/CLK
High Pulse Width  Slow    RAMD64E/CLK         n/a            1.250         9.000       7.750      SLICE_X34Y74    System_Top_i/Top_0/inst/array_inst/gen_row[0].gen_col[0].pe_i/register_file_inst/rf_mem_reg_r2_0_127_0_0/DP.HIGH/CLK
High Pulse Width  Fast    RAMD64E/CLK         n/a            1.250         9.000       7.750      SLICE_X34Y74    System_Top_i/Top_0/inst/array_inst/gen_row[0].gen_col[0].pe_i/register_file_inst/rf_mem_reg_r2_0_127_0_0/DP.HIGH/CLK



---------------------------------------------------------------------------------------------------
Path Group:  **async_default**
From Clock:  clk_fpga_0
  To Clock:  clk_fpga_0

Setup :            0  Failing Endpoints,  Worst Slack        7.092ns,  Total Violation        0.000ns
Hold  :            0  Failing Endpoints,  Worst Slack        1.116ns,  Total Violation        0.000ns
---------------------------------------------------------------------------------------------------


Max Delay Paths
--------------------------------------------------------------------------------------
Slack (MET) :             7.092ns  (required time - arrival time)
  Source:                 System_Top_i/proc_sys_reset_0/U0/ACTIVE_LOW_PR_OUT_DFF[0].FDRE_PER_N/C
                            (rising edge-triggered cell FDRE clocked by clk_fpga_0  {rise@0.000ns fall@9.000ns period=18.000ns})
  Destination:            System_Top_i/Top_0/inst/array_inst/gen_row[14].gen_col[2].pe_i/alu_inst/r_carry_reg/CLR
                            (recovery check against rising-edge clock clk_fpga_0  {rise@0.000ns fall@9.000ns period=18.000ns})
  Path Group:             **async_default**
  Path Type:              Recovery (Max at Slow Process Corner)
  Requirement:            18.000ns  (clk_fpga_0 rise@18.000ns - clk_fpga_0 rise@0.000ns)
  Data Path Delay:        10.186ns  (logic 0.715ns (7.020%)  route 9.471ns (92.980%))
  Logic Levels:           1  (LUT1=1)
  Clock Path Skew:        -0.045ns (DCD - SCD + CPR)
    Destination Clock Delay (DCD):    2.715ns = ( 20.715 - 18.000 ) 
    Source Clock Delay      (SCD):    2.989ns
    Clock Pessimism Removal (CPR):    0.229ns
  Clock Uncertainty:      0.272ns  ((TSJ^2 + TIJ^2)^1/2 + DJ) / 2 + PE
    Total System Jitter     (TSJ):    0.071ns
    Total Input Jitter      (TIJ):    0.540ns
    Discrete Jitter          (DJ):    0.000ns
    Phase Error              (PE):    0.000ns

    Location             Delay type                Incr(ns)  Path(ns)    Netlist Resource(s)
  -------------------------------------------------------------------    -------------------
                         (clock clk_fpga_0 rise edge)
                                                      0.000     0.000 r  
    PS7_X0Y0             PS7                          0.000     0.000 r  System_Top_i/processing_system7_0/inst/PS7_i/FCLKCLK[0]
                         net (fo=1, routed)           1.193     1.193    System_Top_i/processing_system7_0/inst/FCLK_CLK_unbuffered[0]
    BUFGCTRL_X0Y16       BUFG (Prop_bufg_I_O)         0.101     1.294 r  System_Top_i/processing_system7_0/inst/buffer_fclk_clk_0.FCLK_CLK_0_BUFG/O
                         net (fo=6989, routed)        1.695     2.989    System_Top_i/proc_sys_reset_0/U0/slowest_sync_clk
    SLICE_X67Y75         FDRE                                         r  System_Top_i/proc_sys_reset_0/U0/ACTIVE_LOW_PR_OUT_DFF[0].FDRE_PER_N/C
  -------------------------------------------------------------------    -------------------
    SLICE_X67Y75         FDRE (Prop_fdre_C_Q)         0.419     3.408 r  System_Top_i/proc_sys_reset_0/U0/ACTIVE_LOW_PR_OUT_DFF[0].FDRE_PER_N/Q
                         net (fo=47, routed)          1.732     5.140    System_Top_i/Top_0/inst/array_inst/gen_row[15].gen_col[14].pe_i/alu_inst/i_rstn
    SLICE_X60Y82         LUT1 (Prop_lut1_I0_O)        0.296     5.436 f  System_Top_i/Top_0/inst/array_inst/gen_row[15].gen_col[14].pe_i/alu_inst/parallel_out[15]_i_3/O
                         net (fo=350, routed)         7.739    13.175    System_Top_i/Top_0/inst/array_inst/gen_row[14].gen_col[2].pe_i/alu_inst/r_carry_reg_0
    SLICE_X59Y58         FDCE                                         f  System_Top_i/Top_0/inst/array_inst/gen_row[14].gen_col[2].pe_i/alu_inst/r_carry_reg/CLR
  -------------------------------------------------------------------    -------------------

                         (clock clk_fpga_0 rise edge)
                                                     18.000    18.000 r  
    PS7_X0Y0             PS7                          0.000    18.000 r  System_Top_i/processing_system7_0/inst/PS7_i/FCLKCLK[0]
                         net (fo=1, routed)           1.088    19.088    System_Top_i/processing_system7_0/inst/FCLK_CLK_unbuffered[0]
    BUFGCTRL_X0Y16       BUFG (Prop_bufg_I_O)         0.091    19.179 r  System_Top_i/processing_system7_0/inst/buffer_fclk_clk_0.FCLK_CLK_0_BUFG/O
                         net (fo=6989, routed)        1.536    20.715    System_Top_i/Top_0/inst/array_inst/gen_row[14].gen_col[2].pe_i/alu_inst/i_clk
    SLICE_X59Y58         FDCE                                         r  System_Top_i/Top_0/inst/array_inst/gen_row[14].gen_col[2].pe_i/alu_inst/r_carry_reg/C
                         clock pessimism              0.229    20.944    
                         clock uncertainty           -0.272    20.672    
    SLICE_X59Y58         FDCE (Recov_fdce_C_CLR)     -0.405    20.267    System_Top_i/Top_0/inst/array_inst/gen_row[14].gen_col[2].pe_i/alu_inst/r_carry_reg
  -------------------------------------------------------------------
                         required time                         20.267    
                         arrival time                         -13.175    
  -------------------------------------------------------------------
                         slack                                  7.092    

Slack (MET) :             7.246ns  (required time - arrival time)
  Source:                 System_Top_i/proc_sys_reset_0/U0/ACTIVE_LOW_PR_OUT_DFF[0].FDRE_PER_N/C
                            (rising edge-triggered cell FDRE clocked by clk_fpga_0  {rise@0.000ns fall@9.000ns period=18.000ns})
  Destination:            System_Top_i/Top_0/inst/array_inst/gen_row[14].gen_col[0].pe_i/alu_inst/r_carry_reg/CLR
                            (recovery check against rising-edge clock clk_fpga_0  {rise@0.000ns fall@9.000ns period=18.000ns})
  Path Group:             **async_default**
  Path Type:              Recovery (Max at Slow Process Corner)
  Requirement:            18.000ns  (clk_fpga_0 rise@18.000ns - clk_fpga_0 rise@0.000ns)
  Data Path Delay:        10.033ns  (logic 0.715ns (7.127%)  route 9.318ns (92.873%))
  Logic Levels:           1  (LUT1=1)
  Clock Path Skew:        -0.044ns (DCD - SCD + CPR)
    Destination Clock Delay (DCD):    2.716ns = ( 20.716 - 18.000 ) 
    Source Clock Delay      (SCD):    2.989ns
    Clock Pessimism Removal (CPR):    0.229ns
  Clock Uncertainty:      0.272ns  ((TSJ^2 + TIJ^2)^1/2 + DJ) / 2 + PE
    Total System Jitter     (TSJ):    0.071ns
    Total Input Jitter      (TIJ):    0.540ns
    Discrete Jitter          (DJ):    0.000ns
    Phase Error              (PE):    0.000ns

    Location             Delay type                Incr(ns)  Path(ns)    Netlist Resource(s)
  -------------------------------------------------------------------    -------------------
                         (clock clk_fpga_0 rise edge)
                                                      0.000     0.000 r  
    PS7_X0Y0             PS7                          0.000     0.000 r  System_Top_i/processing_system7_0/inst/PS7_i/FCLKCLK[0]
                         net (fo=1, routed)           1.193     1.193    System_Top_i/processing_system7_0/inst/FCLK_CLK_unbuffered[0]
    BUFGCTRL_X0Y16       BUFG (Prop_bufg_I_O)         0.101     1.294 r  System_Top_i/processing_system7_0/inst/buffer_fclk_clk_0.FCLK_CLK_0_BUFG/O
                         net (fo=6989, routed)        1.695     2.989    System_Top_i/proc_sys_reset_0/U0/slowest_sync_clk
    SLICE_X67Y75         FDRE                                         r  System_Top_i/proc_sys_reset_0/U0/ACTIVE_LOW_PR_OUT_DFF[0].FDRE_PER_N/C
  -------------------------------------------------------------------    -------------------
    SLICE_X67Y75         FDRE (Prop_fdre_C_Q)         0.419     3.408 r  System_Top_i/proc_sys_reset_0/U0/ACTIVE_LOW_PR_OUT_DFF[0].FDRE_PER_N/Q
                         net (fo=47, routed)          1.732     5.140    System_Top_i/Top_0/inst/array_inst/gen_row[15].gen_col[14].pe_i/alu_inst/i_rstn
    SLICE_X60Y82         LUT1 (Prop_lut1_I0_O)        0.296     5.436 f  System_Top_i/Top_0/inst/array_inst/gen_row[15].gen_col[14].pe_i/alu_inst/parallel_out[15]_i_3/O
                         net (fo=350, routed)         7.586    13.022    System_Top_i/Top_0/inst/array_inst/gen_row[14].gen_col[0].pe_i/alu_inst/r_carry_reg_0
    SLICE_X59Y56         FDCE                                         f  System_Top_i/Top_0/inst/array_inst/gen_row[14].gen_col[0].pe_i/alu_inst/r_carry_reg/CLR
  -------------------------------------------------------------------    -------------------

                         (clock clk_fpga_0 rise edge)
                                                     18.000    18.000 r  
    PS7_X0Y0             PS7                          0.000    18.000 r  System_Top_i/processing_system7_0/inst/PS7_i/FCLKCLK[0]
                         net (fo=1, routed)           1.088    19.088    System_Top_i/processing_system7_0/inst/FCLK_CLK_unbuffered[0]
    BUFGCTRL_X0Y16       BUFG (Prop_bufg_I_O)         0.091    19.179 r  System_Top_i/processing_system7_0/inst/buffer_fclk_clk_0.FCLK_CLK_0_BUFG/O
                         net (fo=6989, routed)        1.537    20.716    System_Top_i/Top_0/inst/array_inst/gen_row[14].gen_col[0].pe_i/alu_inst/i_clk
    SLICE_X59Y56         FDCE                                         r  System_Top_i/Top_0/inst/array_inst/gen_row[14].gen_col[0].pe_i/alu_inst/r_carry_reg/C
                         clock pessimism              0.229    20.945    
                         clock uncertainty           -0.272    20.673    
    SLICE_X59Y56         FDCE (Recov_fdce_C_CLR)     -0.405    20.268    System_Top_i/Top_0/inst/array_inst/gen_row[14].gen_col[0].pe_i/alu_inst/r_carry_reg
  -------------------------------------------------------------------
                         required time                         20.268    
                         arrival time                         -13.022    
  -------------------------------------------------------------------
                         slack                                  7.246    

Slack (MET) :             7.253ns  (required time - arrival time)
  Source:                 System_Top_i/proc_sys_reset_0/U0/ACTIVE_LOW_PR_OUT_DFF[0].FDRE_PER_N/C
                            (rising edge-triggered cell FDRE clocked by clk_fpga_0  {rise@0.000ns fall@9.000ns period=18.000ns})
  Destination:            System_Top_i/Top_0/inst/array_inst/gen_row[13].gen_col[3].pe_i/alu_inst/r_carry_reg/CLR
                            (recovery check against rising-edge clock clk_fpga_0  {rise@0.000ns fall@9.000ns period=18.000ns})
  Path Group:             **async_default**
  Path Type:              Recovery (Max at Slow Process Corner)
  Requirement:            18.000ns  (clk_fpga_0 rise@18.000ns - clk_fpga_0 rise@0.000ns)
  Data Path Delay:        10.025ns  (logic 0.715ns (7.132%)  route 9.310ns (92.868%))
  Logic Levels:           1  (LUT1=1)
  Clock Path Skew:        -0.045ns (DCD - SCD + CPR)
    Destination Clock Delay (DCD):    2.715ns = ( 20.715 - 18.000 ) 
    Source Clock Delay      (SCD):    2.989ns
    Clock Pessimism Removal (CPR):    0.229ns
  Clock Uncertainty:      0.272ns  ((TSJ^2 + TIJ^2)^1/2 + DJ) / 2 + PE
    Total System Jitter     (TSJ):    0.071ns
    Total Input Jitter      (TIJ):    0.540ns
    Discrete Jitter          (DJ):    0.000ns
    Phase Error              (PE):    0.000ns

    Location             Delay type                Incr(ns)  Path(ns)    Netlist Resource(s)
  -------------------------------------------------------------------    -------------------
                         (clock clk_fpga_0 rise edge)
                                                      0.000     0.000 r  
    PS7_X0Y0             PS7                          0.000     0.000 r  System_Top_i/processing_system7_0/inst/PS7_i/FCLKCLK[0]
                         net (fo=1, routed)           1.193     1.193    System_Top_i/processing_system7_0/inst/FCLK_CLK_unbuffered[0]
    BUFGCTRL_X0Y16       BUFG (Prop_bufg_I_O)         0.101     1.294 r  System_Top_i/processing_system7_0/inst/buffer_fclk_clk_0.FCLK_CLK_0_BUFG/O
                         net (fo=6989, routed)        1.695     2.989    System_Top_i/proc_sys_reset_0/U0/slowest_sync_clk
    SLICE_X67Y75         FDRE                                         r  System_Top_i/proc_sys_reset_0/U0/ACTIVE_LOW_PR_OUT_DFF[0].FDRE_PER_N/C
  -------------------------------------------------------------------    -------------------
    SLICE_X67Y75         FDRE (Prop_fdre_C_Q)         0.419     3.408 r  System_Top_i/proc_sys_reset_0/U0/ACTIVE_LOW_PR_OUT_DFF[0].FDRE_PER_N/Q
                         net (fo=47, routed)          1.732     5.140    System_Top_i/Top_0/inst/array_inst/gen_row[15].gen_col[14].pe_i/alu_inst/i_rstn
    SLICE_X60Y82         LUT1 (Prop_lut1_I0_O)        0.296     5.436 f  System_Top_i/Top_0/inst/array_inst/gen_row[15].gen_col[14].pe_i/alu_inst/parallel_out[15]_i_3/O
                         net (fo=350, routed)         7.578    13.014    System_Top_i/Top_0/inst/array_inst/gen_row[13].gen_col[3].pe_i/alu_inst/r_carry_reg_0
    SLICE_X56Y57         FDCE                                         f  System_Top_i/Top_0/inst/array_inst/gen_row[13].gen_col[3].pe_i/alu_inst/r_carry_reg/CLR
  -------------------------------------------------------------------    -------------------

                         (clock clk_fpga_0 rise edge)
                                                     18.000    18.000 r  
    PS7_X0Y0             PS7                          0.000    18.000 r  System_Top_i/processing_system7_0/inst/PS7_i/FCLKCLK[0]
                         net (fo=1, routed)           1.088    19.088    System_Top_i/processing_system7_0/inst/FCLK_CLK_unbuffered[0]
    BUFGCTRL_X0Y16       BUFG (Prop_bufg_I_O)         0.091    19.179 r  System_Top_i/processing_system7_0/inst/buffer_fclk_clk_0.FCLK_CLK_0_BUFG/O
                         net (fo=6989, routed)        1.536    20.715    System_Top_i/Top_0/inst/array_inst/gen_row[13].gen_col[3].pe_i/alu_inst/i_clk
    SLICE_X56Y57         FDCE                                         r  System_Top_i/Top_0/inst/array_inst/gen_row[13].gen_col[3].pe_i/alu_inst/r_carry_reg/C
                         clock pessimism              0.229    20.944    
                         clock uncertainty           -0.272    20.672    
    SLICE_X56Y57         FDCE (Recov_fdce_C_CLR)     -0.405    20.267    System_Top_i/Top_0/inst/array_inst/gen_row[13].gen_col[3].pe_i/alu_inst/r_carry_reg
  -------------------------------------------------------------------
                         required time                         20.267    
                         arrival time                         -13.014    
  -------------------------------------------------------------------
                         slack                                  7.253    

Slack (MET) :             7.257ns  (required time - arrival time)
  Source:                 System_Top_i/proc_sys_reset_0/U0/ACTIVE_LOW_PR_OUT_DFF[0].FDRE_PER_N/C
                            (rising edge-triggered cell FDRE clocked by clk_fpga_0  {rise@0.000ns fall@9.000ns period=18.000ns})
  Destination:            System_Top_i/Top_0/inst/array_inst/gen_row[13].gen_col[8].pe_i/alu_inst/r_carry_reg/CLR
                            (recovery check against rising-edge clock clk_fpga_0  {rise@0.000ns fall@9.000ns period=18.000ns})
  Path Group:             **async_default**
  Path Type:              Recovery (Max at Slow Process Corner)
  Requirement:            18.000ns  (clk_fpga_0 rise@18.000ns - clk_fpga_0 rise@0.000ns)
  Data Path Delay:        10.020ns  (logic 0.715ns (7.135%)  route 9.305ns (92.865%))
  Logic Levels:           1  (LUT1=1)
  Clock Path Skew:        -0.045ns (DCD - SCD + CPR)
    Destination Clock Delay (DCD):    2.715ns = ( 20.715 - 18.000 ) 
    Source Clock Delay      (SCD):    2.989ns
    Clock Pessimism Removal (CPR):    0.229ns
  Clock Uncertainty:      0.272ns  ((TSJ^2 + TIJ^2)^1/2 + DJ) / 2 + PE
    Total System Jitter     (TSJ):    0.071ns
    Total Input Jitter      (TIJ):    0.540ns
    Discrete Jitter          (DJ):    0.000ns
    Phase Error              (PE):    0.000ns

    Location             Delay type                Incr(ns)  Path(ns)    Netlist Resource(s)
  -------------------------------------------------------------------    -------------------
                         (clock clk_fpga_0 rise edge)
                                                      0.000     0.000 r  
    PS7_X0Y0             PS7                          0.000     0.000 r  System_Top_i/processing_system7_0/inst/PS7_i/FCLKCLK[0]
                         net (fo=1, routed)           1.193     1.193    System_Top_i/processing_system7_0/inst/FCLK_CLK_unbuffered[0]
    BUFGCTRL_X0Y16       BUFG (Prop_bufg_I_O)         0.101     1.294 r  System_Top_i/processing_system7_0/inst/buffer_fclk_clk_0.FCLK_CLK_0_BUFG/O
                         net (fo=6989, routed)        1.695     2.989    System_Top_i/proc_sys_reset_0/U0/slowest_sync_clk
    SLICE_X67Y75         FDRE                                         r  System_Top_i/proc_sys_reset_0/U0/ACTIVE_LOW_PR_OUT_DFF[0].FDRE_PER_N/C
  -------------------------------------------------------------------    -------------------
    SLICE_X67Y75         FDRE (Prop_fdre_C_Q)         0.419     3.408 r  System_Top_i/proc_sys_reset_0/U0/ACTIVE_LOW_PR_OUT_DFF[0].FDRE_PER_N/Q
                         net (fo=47, routed)          1.732     5.140    System_Top_i/Top_0/inst/array_inst/gen_row[15].gen_col[14].pe_i/alu_inst/i_rstn
    SLICE_X60Y82         LUT1 (Prop_lut1_I0_O)        0.296     5.436 f  System_Top_i/Top_0/inst/array_inst/gen_row[15].gen_col[14].pe_i/alu_inst/parallel_out[15]_i_3/O
                         net (fo=350, routed)         7.573    13.009    System_Top_i/Top_0/inst/array_inst/gen_row[13].gen_col[8].pe_i/alu_inst/r_carry_reg_0
    SLICE_X57Y57         FDCE                                         f  System_Top_i/Top_0/inst/array_inst/gen_row[13].gen_col[8].pe_i/alu_inst/r_carry_reg/CLR
  -------------------------------------------------------------------    -------------------

                         (clock clk_fpga_0 rise edge)
                                                     18.000    18.000 r  
    PS7_X0Y0             PS7                          0.000    18.000 r  System_Top_i/processing_system7_0/inst/PS7_i/FCLKCLK[0]
                         net (fo=1, routed)           1.088    19.088    System_Top_i/processing_system7_0/inst/FCLK_CLK_unbuffered[0]
    BUFGCTRL_X0Y16       BUFG (Prop_bufg_I_O)         0.091    19.179 r  System_Top_i/processing_system7_0/inst/buffer_fclk_clk_0.FCLK_CLK_0_BUFG/O
                         net (fo=6989, routed)        1.536    20.715    System_Top_i/Top_0/inst/array_inst/gen_row[13].gen_col[8].pe_i/alu_inst/i_clk
    SLICE_X57Y57         FDCE                                         r  System_Top_i/Top_0/inst/array_inst/gen_row[13].gen_col[8].pe_i/alu_inst/r_carry_reg/C
                         clock pessimism              0.229    20.944    
                         clock uncertainty           -0.272    20.672    
    SLICE_X57Y57         FDCE (Recov_fdce_C_CLR)     -0.405    20.267    System_Top_i/Top_0/inst/array_inst/gen_row[13].gen_col[8].pe_i/alu_inst/r_carry_reg
  -------------------------------------------------------------------
                         required time                         20.267    
                         arrival time                         -13.009    
  -------------------------------------------------------------------
                         slack                                  7.257    

Slack (MET) :             7.534ns  (required time - arrival time)
  Source:                 System_Top_i/proc_sys_reset_0/U0/ACTIVE_LOW_PR_OUT_DFF[0].FDRE_PER_N/C
                            (rising edge-triggered cell FDRE clocked by clk_fpga_0  {rise@0.000ns fall@9.000ns period=18.000ns})
  Destination:            System_Top_i/Top_0/inst/array_inst/gen_row[14].gen_col[3].pe_i/alu_inst/r_carry_reg/CLR
                            (recovery check against rising-edge clock clk_fpga_0  {rise@0.000ns fall@9.000ns period=18.000ns})
  Path Group:             **async_default**
  Path Type:              Recovery (Max at Slow Process Corner)
  Requirement:            18.000ns  (clk_fpga_0 rise@18.000ns - clk_fpga_0 rise@0.000ns)
  Data Path Delay:        9.746ns  (logic 0.715ns (7.337%)  route 9.031ns (92.663%))
  Logic Levels:           1  (LUT1=1)
  Clock Path Skew:        -0.043ns (DCD - SCD + CPR)
    Destination Clock Delay (DCD):    2.717ns = ( 20.717 - 18.000 ) 
    Source Clock Delay      (SCD):    2.989ns
    Clock Pessimism Removal (CPR):    0.229ns
  Clock Uncertainty:      0.272ns  ((TSJ^2 + TIJ^2)^1/2 + DJ) / 2 + PE
    Total System Jitter     (TSJ):    0.071ns
    Total Input Jitter      (TIJ):    0.540ns
    Discrete Jitter          (DJ):    0.000ns
    Phase Error              (PE):    0.000ns

    Location             Delay type                Incr(ns)  Path(ns)    Netlist Resource(s)
  -------------------------------------------------------------------    -------------------
                         (clock clk_fpga_0 rise edge)
                                                      0.000     0.000 r  
    PS7_X0Y0             PS7                          0.000     0.000 r  System_Top_i/processing_system7_0/inst/PS7_i/FCLKCLK[0]
                         net (fo=1, routed)           1.193     1.193    System_Top_i/processing_system7_0/inst/FCLK_CLK_unbuffered[0]
    BUFGCTRL_X0Y16       BUFG (Prop_bufg_I_O)         0.101     1.294 r  System_Top_i/processing_system7_0/inst/buffer_fclk_clk_0.FCLK_CLK_0_BUFG/O
                         net (fo=6989, routed)        1.695     2.989    System_Top_i/proc_sys_reset_0/U0/slowest_sync_clk
    SLICE_X67Y75         FDRE                                         r  System_Top_i/proc_sys_reset_0/U0/ACTIVE_LOW_PR_OUT_DFF[0].FDRE_PER_N/C
  -------------------------------------------------------------------    -------------------
    SLICE_X67Y75         FDRE (Prop_fdre_C_Q)         0.419     3.408 r  System_Top_i/proc_sys_reset_0/U0/ACTIVE_LOW_PR_OUT_DFF[0].FDRE_PER_N/Q
                         net (fo=47, routed)          1.732     5.140    System_Top_i/Top_0/inst/array_inst/gen_row[15].gen_col[14].pe_i/alu_inst/i_rstn
    SLICE_X60Y82         LUT1 (Prop_lut1_I0_O)        0.296     5.436 f  System_Top_i/Top_0/inst/array_inst/gen_row[15].gen_col[14].pe_i/alu_inst/parallel_out[15]_i_3/O
                         net (fo=350, routed)         7.299    12.735    System_Top_i/Top_0/inst/array_inst/gen_row[14].gen_col[3].pe_i/alu_inst/r_carry_reg_0
    SLICE_X60Y59         FDCE                                         f  System_Top_i/Top_0/inst/array_inst/gen_row[14].gen_col[3].pe_i/alu_inst/r_carry_reg/CLR
  -------------------------------------------------------------------    -------------------

                         (clock clk_fpga_0 rise edge)
                                                     18.000    18.000 r  
    PS7_X0Y0             PS7                          0.000    18.000 r  System_Top_i/processing_system7_0/inst/PS7_i/FCLKCLK[0]
                         net (fo=1, routed)           1.088    19.088    System_Top_i/processing_system7_0/inst/FCLK_CLK_unbuffered[0]
    BUFGCTRL_X0Y16       BUFG (Prop_bufg_I_O)         0.091    19.179 r  System_Top_i/processing_system7_0/inst/buffer_fclk_clk_0.FCLK_CLK_0_BUFG/O
                         net (fo=6989, routed)        1.538    20.717    System_Top_i/Top_0/inst/array_inst/gen_row[14].gen_col[3].pe_i/alu_inst/i_clk
    SLICE_X60Y59         FDCE                                         r  System_Top_i/Top_0/inst/array_inst/gen_row[14].gen_col[3].pe_i/alu_inst/r_carry_reg/C
                         clock pessimism              0.229    20.946    
                         clock uncertainty           -0.272    20.674    
    SLICE_X60Y59         FDCE (Recov_fdce_C_CLR)     -0.405    20.269    System_Top_i/Top_0/inst/array_inst/gen_row[14].gen_col[3].pe_i/alu_inst/r_carry_reg
  -------------------------------------------------------------------
                         required time                         20.269    
                         arrival time                         -12.735    
  -------------------------------------------------------------------
                         slack                                  7.534    

Slack (MET) :             7.562ns  (required time - arrival time)
  Source:                 System_Top_i/proc_sys_reset_0/U0/ACTIVE_LOW_PR_OUT_DFF[0].FDRE_PER_N/C
                            (rising edge-triggered cell FDRE clocked by clk_fpga_0  {rise@0.000ns fall@9.000ns period=18.000ns})
  Destination:            System_Top_i/Top_0/inst/array_inst/gen_row[13].gen_col[15].pe_i/alu_inst/r_carry_reg/CLR
                            (recovery check against rising-edge clock clk_fpga_0  {rise@0.000ns fall@9.000ns period=18.000ns})
  Path Group:             **async_default**
  Path Type:              Recovery (Max at Slow Process Corner)
  Requirement:            18.000ns  (clk_fpga_0 rise@18.000ns - clk_fpga_0 rise@0.000ns)
  Data Path Delay:        9.717ns  (logic 0.715ns (7.358%)  route 9.002ns (92.642%))
  Logic Levels:           1  (LUT1=1)
  Clock Path Skew:        -0.044ns (DCD - SCD + CPR)
    Destination Clock Delay (DCD):    2.716ns = ( 20.716 - 18.000 ) 
    Source Clock Delay      (SCD):    2.989ns
    Clock Pessimism Removal (CPR):    0.229ns
  Clock Uncertainty:      0.272ns  ((TSJ^2 + TIJ^2)^1/2 + DJ) / 2 + PE
    Total System Jitter     (TSJ):    0.071ns
    Total Input Jitter      (TIJ):    0.540ns
    Discrete Jitter          (DJ):    0.000ns
    Phase Error              (PE):    0.000ns

    Location             Delay type                Incr(ns)  Path(ns)    Netlist Resource(s)
  -------------------------------------------------------------------    -------------------
                         (clock clk_fpga_0 rise edge)
                                                      0.000     0.000 r  
    PS7_X0Y0             PS7                          0.000     0.000 r  System_Top_i/processing_system7_0/inst/PS7_i/FCLKCLK[0]
                         net (fo=1, routed)           1.193     1.193    System_Top_i/processing_system7_0/inst/FCLK_CLK_unbuffered[0]
    BUFGCTRL_X0Y16       BUFG (Prop_bufg_I_O)         0.101     1.294 r  System_Top_i/processing_system7_0/inst/buffer_fclk_clk_0.FCLK_CLK_0_BUFG/O
                         net (fo=6989, routed)        1.695     2.989    System_Top_i/proc_sys_reset_0/U0/slowest_sync_clk
    SLICE_X67Y75         FDRE                                         r  System_Top_i/proc_sys_reset_0/U0/ACTIVE_LOW_PR_OUT_DFF[0].FDRE_PER_N/C
  -------------------------------------------------------------------    -------------------
    SLICE_X67Y75         FDRE (Prop_fdre_C_Q)         0.419     3.408 r  System_Top_i/proc_sys_reset_0/U0/ACTIVE_LOW_PR_OUT_DFF[0].FDRE_PER_N/Q
                         net (fo=47, routed)          1.732     5.140    System_Top_i/Top_0/inst/array_inst/gen_row[15].gen_col[14].pe_i/alu_inst/i_rstn
    SLICE_X60Y82         LUT1 (Prop_lut1_I0_O)        0.296     5.436 f  System_Top_i/Top_0/inst/array_inst/gen_row[15].gen_col[14].pe_i/alu_inst/parallel_out[15]_i_3/O
                         net (fo=350, routed)         7.270    12.706    System_Top_i/Top_0/inst/array_inst/gen_row[13].gen_col[15].pe_i/alu_inst/r_carry_reg_0
    SLICE_X56Y56         FDCE                                         f  System_Top_i/Top_0/inst/array_inst/gen_row[13].gen_col[15].pe_i/alu_inst/r_carry_reg/CLR
  -------------------------------------------------------------------    -------------------

                         (clock clk_fpga_0 rise edge)
                                                     18.000    18.000 r  
    PS7_X0Y0             PS7                          0.000    18.000 r  System_Top_i/processing_system7_0/inst/PS7_i/FCLKCLK[0]
                         net (fo=1, routed)           1.088    19.088    System_Top_i/processing_system7_0/inst/FCLK_CLK_unbuffered[0]
    BUFGCTRL_X0Y16       BUFG (Prop_bufg_I_O)         0.091    19.179 r  System_Top_i/processing_system7_0/inst/buffer_fclk_clk_0.FCLK_CLK_0_BUFG/O
                         net (fo=6989, routed)        1.537    20.716    System_Top_i/Top_0/inst/array_inst/gen_row[13].gen_col[15].pe_i/alu_inst/i_clk
    SLICE_X56Y56         FDCE                                         r  System_Top_i/Top_0/inst/array_inst/gen_row[13].gen_col[15].pe_i/alu_inst/r_carry_reg/C
                         clock pessimism              0.229    20.945    
                         clock uncertainty           -0.272    20.673    
    SLICE_X56Y56         FDCE (Recov_fdce_C_CLR)     -0.405    20.268    System_Top_i/Top_0/inst/array_inst/gen_row[13].gen_col[15].pe_i/alu_inst/r_carry_reg
  -------------------------------------------------------------------
                         required time                         20.268    
                         arrival time                         -12.706    
  -------------------------------------------------------------------
                         slack                                  7.562    

Slack (MET) :             7.570ns  (required time - arrival time)
  Source:                 System_Top_i/proc_sys_reset_0/U0/ACTIVE_LOW_PR_OUT_DFF[0].FDRE_PER_N/C
                            (rising edge-triggered cell FDRE clocked by clk_fpga_0  {rise@0.000ns fall@9.000ns period=18.000ns})
  Destination:            System_Top_i/Top_0/inst/array_inst/gen_row[13].gen_col[5].pe_i/alu_inst/r_carry_reg/CLR
                            (recovery check against rising-edge clock clk_fpga_0  {rise@0.000ns fall@9.000ns period=18.000ns})
  Path Group:             **async_default**
  Path Type:              Recovery (Max at Slow Process Corner)
  Requirement:            18.000ns  (clk_fpga_0 rise@18.000ns - clk_fpga_0 rise@0.000ns)
  Data Path Delay:        9.709ns  (logic 0.715ns (7.364%)  route 8.994ns (92.636%))
  Logic Levels:           1  (LUT1=1)
  Clock Path Skew:        -0.044ns (DCD - SCD + CPR)
    Destination Clock Delay (DCD):    2.716ns = ( 20.716 - 18.000 ) 
    Source Clock Delay      (SCD):    2.989ns
    Clock Pessimism Removal (CPR):    0.229ns
  Clock Uncertainty:      0.272ns  ((TSJ^2 + TIJ^2)^1/2 + DJ) / 2 + PE
    Total System Jitter     (TSJ):    0.071ns
    Total Input Jitter      (TIJ):    0.540ns
    Discrete Jitter          (DJ):    0.000ns
    Phase Error              (PE):    0.000ns

    Location             Delay type                Incr(ns)  Path(ns)    Netlist Resource(s)
  -------------------------------------------------------------------    -------------------
                         (clock clk_fpga_0 rise edge)
                                                      0.000     0.000 r  
    PS7_X0Y0             PS7                          0.000     0.000 r  System_Top_i/processing_system7_0/inst/PS7_i/FCLKCLK[0]
                         net (fo=1, routed)           1.193     1.193    System_Top_i/processing_system7_0/inst/FCLK_CLK_unbuffered[0]
    BUFGCTRL_X0Y16       BUFG (Prop_bufg_I_O)         0.101     1.294 r  System_Top_i/processing_system7_0/inst/buffer_fclk_clk_0.FCLK_CLK_0_BUFG/O
                         net (fo=6989, routed)        1.695     2.989    System_Top_i/proc_sys_reset_0/U0/slowest_sync_clk
    SLICE_X67Y75         FDRE                                         r  System_Top_i/proc_sys_reset_0/U0/ACTIVE_LOW_PR_OUT_DFF[0].FDRE_PER_N/C
  -------------------------------------------------------------------    -------------------
    SLICE_X67Y75         FDRE (Prop_fdre_C_Q)         0.419     3.408 r  System_Top_i/proc_sys_reset_0/U0/ACTIVE_LOW_PR_OUT_DFF[0].FDRE_PER_N/Q
                         net (fo=47, routed)          1.732     5.140    System_Top_i/Top_0/inst/array_inst/gen_row[15].gen_col[14].pe_i/alu_inst/i_rstn
    SLICE_X60Y82         LUT1 (Prop_lut1_I0_O)        0.296     5.436 f  System_Top_i/Top_0/inst/array_inst/gen_row[15].gen_col[14].pe_i/alu_inst/parallel_out[15]_i_3/O
                         net (fo=350, routed)         7.262    12.698    System_Top_i/Top_0/inst/array_inst/gen_row[13].gen_col[5].pe_i/alu_inst/r_carry_reg_0
    SLICE_X57Y54         FDCE                                         f  System_Top_i/Top_0/inst/array_inst/gen_row[13].gen_col[5].pe_i/alu_inst/r_carry_reg/CLR
  -------------------------------------------------------------------    -------------------

                         (clock clk_fpga_0 rise edge)
                                                     18.000    18.000 r  
    PS7_X0Y0             PS7                          0.000    18.000 r  System_Top_i/processing_system7_0/inst/PS7_i/FCLKCLK[0]
                         net (fo=1, routed)           1.088    19.088    System_Top_i/processing_system7_0/inst/FCLK_CLK_unbuffered[0]
    BUFGCTRL_X0Y16       BUFG (Prop_bufg_I_O)         0.091    19.179 r  System_Top_i/processing_system7_0/inst/buffer_fclk_clk_0.FCLK_CLK_0_BUFG/O
                         net (fo=6989, routed)        1.537    20.716    System_Top_i/Top_0/inst/array_inst/gen_row[13].gen_col[5].pe_i/alu_inst/i_clk
    SLICE_X57Y54         FDCE                                         r  System_Top_i/Top_0/inst/array_inst/gen_row[13].gen_col[5].pe_i/alu_inst/r_carry_reg/C
                         clock pessimism              0.229    20.945    
                         clock uncertainty           -0.272    20.673    
    SLICE_X57Y54         FDCE (Recov_fdce_C_CLR)     -0.405    20.268    System_Top_i/Top_0/inst/array_inst/gen_row[13].gen_col[5].pe_i/alu_inst/r_carry_reg
  -------------------------------------------------------------------
                         required time                         20.268    
                         arrival time                         -12.698    
  -------------------------------------------------------------------
                         slack                                  7.570    

Slack (MET) :             7.597ns  (required time - arrival time)
  Source:                 System_Top_i/proc_sys_reset_0/U0/ACTIVE_LOW_PR_OUT_DFF[0].FDRE_PER_N/C
                            (rising edge-triggered cell FDRE clocked by clk_fpga_0  {rise@0.000ns fall@9.000ns period=18.000ns})
  Destination:            System_Top_i/Top_0/inst/array_inst/gen_row[12].gen_col[1].pe_i/alu_inst/r_carry_reg/CLR
                            (recovery check against rising-edge clock clk_fpga_0  {rise@0.000ns fall@9.000ns period=18.000ns})
  Path Group:             **async_default**
  Path Type:              Recovery (Max at Slow Process Corner)
  Requirement:            18.000ns  (clk_fpga_0 rise@18.000ns - clk_fpga_0 rise@0.000ns)
  Data Path Delay:        9.683ns  (logic 0.715ns (7.384%)  route 8.968ns (92.616%))
  Logic Levels:           1  (LUT1=1)
  Clock Path Skew:        -0.043ns (DCD - SCD + CPR)
    Destination Clock Delay (DCD):    2.717ns = ( 20.717 - 18.000 ) 
    Source Clock Delay      (SCD):    2.989ns
    Clock Pessimism Removal (CPR):    0.229ns
  Clock Uncertainty:      0.272ns  ((TSJ^2 + TIJ^2)^1/2 + DJ) / 2 + PE
    Total System Jitter     (TSJ):    0.071ns
    Total Input Jitter      (TIJ):    0.540ns
    Discrete Jitter          (DJ):    0.000ns
    Phase Error              (PE):    0.000ns

    Location             Delay type                Incr(ns)  Path(ns)    Netlist Resource(s)
  -------------------------------------------------------------------    -------------------
                         (clock clk_fpga_0 rise edge)
                                                      0.000     0.000 r  
    PS7_X0Y0             PS7                          0.000     0.000 r  System_Top_i/processing_system7_0/inst/PS7_i/FCLKCLK[0]
                         net (fo=1, routed)           1.193     1.193    System_Top_i/processing_system7_0/inst/FCLK_CLK_unbuffered[0]
    BUFGCTRL_X0Y16       BUFG (Prop_bufg_I_O)         0.101     1.294 r  System_Top_i/processing_system7_0/inst/buffer_fclk_clk_0.FCLK_CLK_0_BUFG/O
                         net (fo=6989, routed)        1.695     2.989    System_Top_i/proc_sys_reset_0/U0/slowest_sync_clk
    SLICE_X67Y75         FDRE                                         r  System_Top_i/proc_sys_reset_0/U0/ACTIVE_LOW_PR_OUT_DFF[0].FDRE_PER_N/C
  -------------------------------------------------------------------    -------------------
    SLICE_X67Y75         FDRE (Prop_fdre_C_Q)         0.419     3.408 r  System_Top_i/proc_sys_reset_0/U0/ACTIVE_LOW_PR_OUT_DFF[0].FDRE_PER_N/Q
                         net (fo=47, routed)          1.732     5.140    System_Top_i/Top_0/inst/array_inst/gen_row[15].gen_col[14].pe_i/alu_inst/i_rstn
    SLICE_X60Y82         LUT1 (Prop_lut1_I0_O)        0.296     5.436 f  System_Top_i/Top_0/inst/array_inst/gen_row[15].gen_col[14].pe_i/alu_inst/parallel_out[15]_i_3/O
                         net (fo=350, routed)         7.236    12.672    System_Top_i/Top_0/inst/array_inst/gen_row[12].gen_col[1].pe_i/alu_inst/r_carry_reg_0
    SLICE_X56Y52         FDCE                                         f  System_Top_i/Top_0/inst/array_inst/gen_row[12].gen_col[1].pe_i/alu_inst/r_carry_reg/CLR
  -------------------------------------------------------------------    -------------------

                         (clock clk_fpga_0 rise edge)
                                                     18.000    18.000 r  
    PS7_X0Y0             PS7                          0.000    18.000 r  System_Top_i/processing_system7_0/inst/PS7_i/FCLKCLK[0]
                         net (fo=1, routed)           1.088    19.088    System_Top_i/processing_system7_0/inst/FCLK_CLK_unbuffered[0]
    BUFGCTRL_X0Y16       BUFG (Prop_bufg_I_O)         0.091    19.179 r  System_Top_i/processing_system7_0/inst/buffer_fclk_clk_0.FCLK_CLK_0_BUFG/O
                         net (fo=6989, routed)        1.538    20.717    System_Top_i/Top_0/inst/array_inst/gen_row[12].gen_col[1].pe_i/alu_inst/i_clk
    SLICE_X56Y52         FDCE                                         r  System_Top_i/Top_0/inst/array_inst/gen_row[12].gen_col[1].pe_i/alu_inst/r_carry_reg/C
                         clock pessimism              0.229    20.946    
                         clock uncertainty           -0.272    20.674    
    SLICE_X56Y52         FDCE (Recov_fdce_C_CLR)     -0.405    20.269    System_Top_i/Top_0/inst/array_inst/gen_row[12].gen_col[1].pe_i/alu_inst/r_carry_reg
  -------------------------------------------------------------------
                         required time                         20.269    
                         arrival time                         -12.672    
  -------------------------------------------------------------------
                         slack                                  7.597    

Slack (MET) :             7.601ns  (required time - arrival time)
  Source:                 System_Top_i/proc_sys_reset_0/U0/ACTIVE_LOW_PR_OUT_DFF[0].FDRE_PER_N/C
                            (rising edge-triggered cell FDRE clocked by clk_fpga_0  {rise@0.000ns fall@9.000ns period=18.000ns})
  Destination:            System_Top_i/Top_0/inst/array_inst/gen_row[13].gen_col[6].pe_i/alu_inst/r_carry_reg/CLR
                            (recovery check against rising-edge clock clk_fpga_0  {rise@0.000ns fall@9.000ns period=18.000ns})
  Path Group:             **async_default**
  Path Type:              Recovery (Max at Slow Process Corner)
  Requirement:            18.000ns  (clk_fpga_0 rise@18.000ns - clk_fpga_0 rise@0.000ns)
  Data Path Delay:        9.679ns  (logic 0.715ns (7.387%)  route 8.964ns (92.613%))
  Logic Levels:           1  (LUT1=1)
  Clock Path Skew:        -0.043ns (DCD - SCD + CPR)
    Destination Clock Delay (DCD):    2.717ns = ( 20.717 - 18.000 ) 
    Source Clock Delay      (SCD):    2.989ns
    Clock Pessimism Removal (CPR):    0.229ns
  Clock Uncertainty:      0.272ns  ((TSJ^2 + TIJ^2)^1/2 + DJ) / 2 + PE
    Total System Jitter     (TSJ):    0.071ns
    Total Input Jitter      (TIJ):    0.540ns
    Discrete Jitter          (DJ):    0.000ns
    Phase Error              (PE):    0.000ns

    Location             Delay type                Incr(ns)  Path(ns)    Netlist Resource(s)
  -------------------------------------------------------------------    -------------------
                         (clock clk_fpga_0 rise edge)
                                                      0.000     0.000 r  
    PS7_X0Y0             PS7                          0.000     0.000 r  System_Top_i/processing_system7_0/inst/PS7_i/FCLKCLK[0]
                         net (fo=1, routed)           1.193     1.193    System_Top_i/processing_system7_0/inst/FCLK_CLK_unbuffered[0]
    BUFGCTRL_X0Y16       BUFG (Prop_bufg_I_O)         0.101     1.294 r  System_Top_i/processing_system7_0/inst/buffer_fclk_clk_0.FCLK_CLK_0_BUFG/O
                         net (fo=6989, routed)        1.695     2.989    System_Top_i/proc_sys_reset_0/U0/slowest_sync_clk
    SLICE_X67Y75         FDRE                                         r  System_Top_i/proc_sys_reset_0/U0/ACTIVE_LOW_PR_OUT_DFF[0].FDRE_PER_N/C
  -------------------------------------------------------------------    -------------------
    SLICE_X67Y75         FDRE (Prop_fdre_C_Q)         0.419     3.408 r  System_Top_i/proc_sys_reset_0/U0/ACTIVE_LOW_PR_OUT_DFF[0].FDRE_PER_N/Q
                         net (fo=47, routed)          1.732     5.140    System_Top_i/Top_0/inst/array_inst/gen_row[15].gen_col[14].pe_i/alu_inst/i_rstn
    SLICE_X60Y82         LUT1 (Prop_lut1_I0_O)        0.296     5.436 f  System_Top_i/Top_0/inst/array_inst/gen_row[15].gen_col[14].pe_i/alu_inst/parallel_out[15]_i_3/O
                         net (fo=350, routed)         7.231    12.668    System_Top_i/Top_0/inst/array_inst/gen_row[13].gen_col[6].pe_i/alu_inst/r_carry_reg_0
    SLICE_X57Y52         FDCE                                         f  System_Top_i/Top_0/inst/array_inst/gen_row[13].gen_col[6].pe_i/alu_inst/r_carry_reg/CLR
  -------------------------------------------------------------------    -------------------

                         (clock clk_fpga_0 rise edge)
                                                     18.000    18.000 r  
    PS7_X0Y0             PS7                          0.000    18.000 r  System_Top_i/processing_system7_0/inst/PS7_i/FCLKCLK[0]
                         net (fo=1, routed)           1.088    19.088    System_Top_i/processing_system7_0/inst/FCLK_CLK_unbuffered[0]
    BUFGCTRL_X0Y16       BUFG (Prop_bufg_I_O)         0.091    19.179 r  System_Top_i/processing_system7_0/inst/buffer_fclk_clk_0.FCLK_CLK_0_BUFG/O
                         net (fo=6989, routed)        1.538    20.717    System_Top_i/Top_0/inst/array_inst/gen_row[13].gen_col[6].pe_i/alu_inst/i_clk
    SLICE_X57Y52         FDCE                                         r  System_Top_i/Top_0/inst/array_inst/gen_row[13].gen_col[6].pe_i/alu_inst/r_carry_reg/C
                         clock pessimism              0.229    20.946    
                         clock uncertainty           -0.272    20.674    
    SLICE_X57Y52         FDCE (Recov_fdce_C_CLR)     -0.405    20.269    System_Top_i/Top_0/inst/array_inst/gen_row[13].gen_col[6].pe_i/alu_inst/r_carry_reg
  -------------------------------------------------------------------
                         required time                         20.269    
                         arrival time                         -12.668    
  -------------------------------------------------------------------
                         slack                                  7.601    

Slack (MET) :             7.664ns  (required time - arrival time)
  Source:                 System_Top_i/proc_sys_reset_0/U0/ACTIVE_LOW_PR_OUT_DFF[0].FDRE_PER_N/C
                            (rising edge-triggered cell FDRE clocked by clk_fpga_0  {rise@0.000ns fall@9.000ns period=18.000ns})
  Destination:            System_Top_i/Top_0/inst/array_inst/gen_row[13].gen_col[7].pe_i/alu_inst/r_carry_reg/CLR
                            (recovery check against rising-edge clock clk_fpga_0  {rise@0.000ns fall@9.000ns period=18.000ns})
  Path Group:             **async_default**
  Path Type:              Recovery (Max at Slow Process Corner)
  Requirement:            18.000ns  (clk_fpga_0 rise@18.000ns - clk_fpga_0 rise@0.000ns)
  Data Path Delay:        9.541ns  (logic 0.715ns (7.494%)  route 8.826ns (92.506%))
  Logic Levels:           1  (LUT1=1)
  Clock Path Skew:        -0.117ns (DCD - SCD + CPR)
    Destination Clock Delay (DCD):    2.643ns = ( 20.643 - 18.000 ) 
    Source Clock Delay      (SCD):    2.989ns
    Clock Pessimism Removal (CPR):    0.229ns
  Clock Uncertainty:      0.272ns  ((TSJ^2 + TIJ^2)^1/2 + DJ) / 2 + PE
    Total System Jitter     (TSJ):    0.071ns
    Total Input Jitter      (TIJ):    0.540ns
    Discrete Jitter          (DJ):    0.000ns
    Phase Error              (PE):    0.000ns

    Location             Delay type                Incr(ns)  Path(ns)    Netlist Resource(s)
  -------------------------------------------------------------------    -------------------
                         (clock clk_fpga_0 rise edge)
                                                      0.000     0.000 r  
    PS7_X0Y0             PS7                          0.000     0.000 r  System_Top_i/processing_system7_0/inst/PS7_i/FCLKCLK[0]
                         net (fo=1, routed)           1.193     1.193    System_Top_i/processing_system7_0/inst/FCLK_CLK_unbuffered[0]
    BUFGCTRL_X0Y16       BUFG (Prop_bufg_I_O)         0.101     1.294 r  System_Top_i/processing_system7_0/inst/buffer_fclk_clk_0.FCLK_CLK_0_BUFG/O
                         net (fo=6989, routed)        1.695     2.989    System_Top_i/proc_sys_reset_0/U0/slowest_sync_clk
    SLICE_X67Y75         FDRE                                         r  System_Top_i/proc_sys_reset_0/U0/ACTIVE_LOW_PR_OUT_DFF[0].FDRE_PER_N/C
  -------------------------------------------------------------------    -------------------
    SLICE_X67Y75         FDRE (Prop_fdre_C_Q)         0.419     3.408 r  System_Top_i/proc_sys_reset_0/U0/ACTIVE_LOW_PR_OUT_DFF[0].FDRE_PER_N/Q
                         net (fo=47, routed)          1.732     5.140    System_Top_i/Top_0/inst/array_inst/gen_row[15].gen_col[14].pe_i/alu_inst/i_rstn
    SLICE_X60Y82         LUT1 (Prop_lut1_I0_O)        0.296     5.436 f  System_Top_i/Top_0/inst/array_inst/gen_row[15].gen_col[14].pe_i/alu_inst/parallel_out[15]_i_3/O
                         net (fo=350, routed)         7.094    12.530    System_Top_i/Top_0/inst/array_inst/gen_row[13].gen_col[7].pe_i/alu_inst/r_carry_reg_0
    SLICE_X51Y59         FDCE                                         f  System_Top_i/Top_0/inst/array_inst/gen_row[13].gen_col[7].pe_i/alu_inst/r_carry_reg/CLR
  -------------------------------------------------------------------    -------------------

                         (clock clk_fpga_0 rise edge)
                                                     18.000    18.000 r  
    PS7_X0Y0             PS7                          0.000    18.000 r  System_Top_i/processing_system7_0/inst/PS7_i/FCLKCLK[0]
                         net (fo=1, routed)           1.088    19.088    System_Top_i/processing_system7_0/inst/FCLK_CLK_unbuffered[0]
    BUFGCTRL_X0Y16       BUFG (Prop_bufg_I_O)         0.091    19.179 r  System_Top_i/processing_system7_0/inst/buffer_fclk_clk_0.FCLK_CLK_0_BUFG/O
                         net (fo=6989, routed)        1.464    20.643    System_Top_i/Top_0/inst/array_inst/gen_row[13].gen_col[7].pe_i/alu_inst/i_clk
    SLICE_X51Y59         FDCE                                         r  System_Top_i/Top_0/inst/array_inst/gen_row[13].gen_col[7].pe_i/alu_inst/r_carry_reg/C
                         clock pessimism              0.229    20.872    
                         clock uncertainty           -0.272    20.600    
    SLICE_X51Y59         FDCE (Recov_fdce_C_CLR)     -0.405    20.195    System_Top_i/Top_0/inst/array_inst/gen_row[13].gen_col[7].pe_i/alu_inst/r_carry_reg
  -------------------------------------------------------------------
                         required time                         20.195    
                         arrival time                         -12.530    
  -------------------------------------------------------------------
                         slack                                  7.664    





Min Delay Paths
--------------------------------------------------------------------------------------
Slack (MET) :             1.116ns  (arrival time - required time)
  Source:                 System_Top_i/proc_sys_reset_0/U0/ACTIVE_LOW_PR_OUT_DFF[0].FDRE_PER_N/C
                            (rising edge-triggered cell FDRE clocked by clk_fpga_0  {rise@0.000ns fall@9.000ns period=18.000ns})
  Destination:            System_Top_i/Top_0/inst/array_inst/gen_row[3].gen_col[13].pe_i/alu_inst/r_carry_reg/CLR
                            (removal check against rising-edge clock clk_fpga_0  {rise@0.000ns fall@9.000ns period=18.000ns})
  Path Group:             **async_default**
  Path Type:              Removal (Min at Fast Process Corner)
  Requirement:            0.000ns  (clk_fpga_0 rise@0.000ns - clk_fpga_0 rise@0.000ns)
  Data Path Delay:        1.063ns  (logic 0.226ns (21.251%)  route 0.837ns (78.749%))
  Logic Levels:           1  (LUT1=1)
  Clock Path Skew:        0.039ns (DCD - SCD - CPR)
    Destination Clock Delay (DCD):    1.205ns
    Source Clock Delay      (SCD):    0.902ns
    Clock Pessimism Removal (CPR):    0.264ns

    Location             Delay type                Incr(ns)  Path(ns)    Netlist Resource(s)
  -------------------------------------------------------------------    -------------------
                         (clock clk_fpga_0 rise edge)
                                                      0.000     0.000 r  
    PS7_X0Y0             PS7                          0.000     0.000 r  System_Top_i/processing_system7_0/inst/PS7_i/FCLKCLK[0]
                         net (fo=1, routed)           0.310     0.310    System_Top_i/processing_system7_0/inst/FCLK_CLK_unbuffered[0]
    BUFGCTRL_X0Y16       BUFG (Prop_bufg_I_O)         0.026     0.336 r  System_Top_i/processing_system7_0/inst/buffer_fclk_clk_0.FCLK_CLK_0_BUFG/O
                         net (fo=6989, routed)        0.566     0.902    System_Top_i/proc_sys_reset_0/U0/slowest_sync_clk
    SLICE_X67Y75         FDRE                                         r  System_Top_i/proc_sys_reset_0/U0/ACTIVE_LOW_PR_OUT_DFF[0].FDRE_PER_N/C
  -------------------------------------------------------------------    -------------------
    SLICE_X67Y75         FDRE (Prop_fdre_C_Q)         0.128     1.030 r  System_Top_i/proc_sys_reset_0/U0/ACTIVE_LOW_PR_OUT_DFF[0].FDRE_PER_N/Q
                         net (fo=47, routed)          0.685     1.715    System_Top_i/Top_0/inst/array_inst/gen_row[15].gen_col[14].pe_i/alu_inst/i_rstn
    SLICE_X60Y82         LUT1 (Prop_lut1_I0_O)        0.098     1.813 f  System_Top_i/Top_0/inst/array_inst/gen_row[15].gen_col[14].pe_i/alu_inst/parallel_out[15]_i_3/O
                         net (fo=350, routed)         0.152     1.965    System_Top_i/Top_0/inst/array_inst/gen_row[3].gen_col[13].pe_i/alu_inst/r_carry_reg_0
    SLICE_X61Y81         FDCE                                         f  System_Top_i/Top_0/inst/array_inst/gen_row[3].gen_col[13].pe_i/alu_inst/r_carry_reg/CLR
  -------------------------------------------------------------------    -------------------

                         (clock clk_fpga_0 rise edge)
                                                      0.000     0.000 r  
    PS7_X0Y0             PS7                          0.000     0.000 r  System_Top_i/processing_system7_0/inst/PS7_i/FCLKCLK[0]
                         net (fo=1, routed)           0.337     0.337    System_Top_i/processing_system7_0/inst/FCLK_CLK_unbuffered[0]
    BUFGCTRL_X0Y16       BUFG (Prop_bufg_I_O)         0.029     0.366 r  System_Top_i/processing_system7_0/inst/buffer_fclk_clk_0.FCLK_CLK_0_BUFG/O
                         net (fo=6989, routed)        0.839     1.205    System_Top_i/Top_0/inst/array_inst/gen_row[3].gen_col[13].pe_i/alu_inst/i_clk
    SLICE_X61Y81         FDCE                                         r  System_Top_i/Top_0/inst/array_inst/gen_row[3].gen_col[13].pe_i/alu_inst/r_carry_reg/C
                         clock pessimism             -0.264     0.941    
    SLICE_X61Y81         FDCE (Remov_fdce_C_CLR)     -0.092     0.849    System_Top_i/Top_0/inst/array_inst/gen_row[3].gen_col[13].pe_i/alu_inst/r_carry_reg
  -------------------------------------------------------------------
                         required time                         -0.849    
                         arrival time                           1.965    
  -------------------------------------------------------------------
                         slack                                  1.116    

Slack (MET) :             1.177ns  (arrival time - required time)
  Source:                 System_Top_i/proc_sys_reset_0/U0/ACTIVE_LOW_PR_OUT_DFF[0].FDRE_PER_N/C
                            (rising edge-triggered cell FDRE clocked by clk_fpga_0  {rise@0.000ns fall@9.000ns period=18.000ns})
  Destination:            System_Top_i/Top_0/inst/array_inst/gen_row[3].gen_col[5].pe_i/alu_inst/r_carry_reg/CLR
                            (removal check against rising-edge clock clk_fpga_0  {rise@0.000ns fall@9.000ns period=18.000ns})
  Path Group:             **async_default**
  Path Type:              Removal (Min at Fast Process Corner)
  Requirement:            0.000ns  (clk_fpga_0 rise@0.000ns - clk_fpga_0 rise@0.000ns)
  Data Path Delay:        1.120ns  (logic 0.226ns (20.185%)  route 0.894ns (79.815%))
  Logic Levels:           1  (LUT1=1)
  Clock Path Skew:        0.035ns (DCD - SCD - CPR)
    Destination Clock Delay (DCD):    1.201ns
    Source Clock Delay      (SCD):    0.902ns
    Clock Pessimism Removal (CPR):    0.264ns

    Location             Delay type                Incr(ns)  Path(ns)    Netlist Resource(s)
  -------------------------------------------------------------------    -------------------
                         (clock clk_fpga_0 rise edge)
                                                      0.000     0.000 r  
    PS7_X0Y0             PS7                          0.000     0.000 r  System_Top_i/processing_system7_0/inst/PS7_i/FCLKCLK[0]
                         net (fo=1, routed)           0.310     0.310    System_Top_i/processing_system7_0/inst/FCLK_CLK_unbuffered[0]
    BUFGCTRL_X0Y16       BUFG (Prop_bufg_I_O)         0.026     0.336 r  System_Top_i/processing_system7_0/inst/buffer_fclk_clk_0.FCLK_CLK_0_BUFG/O
                         net (fo=6989, routed)        0.566     0.902    System_Top_i/proc_sys_reset_0/U0/slowest_sync_clk
    SLICE_X67Y75         FDRE                                         r  System_Top_i/proc_sys_reset_0/U0/ACTIVE_LOW_PR_OUT_DFF[0].FDRE_PER_N/C
  -------------------------------------------------------------------    -------------------
    SLICE_X67Y75         FDRE (Prop_fdre_C_Q)         0.128     1.030 r  System_Top_i/proc_sys_reset_0/U0/ACTIVE_LOW_PR_OUT_DFF[0].FDRE_PER_N/Q
                         net (fo=47, routed)          0.685     1.715    System_Top_i/Top_0/inst/array_inst/gen_row[15].gen_col[14].pe_i/alu_inst/i_rstn
    SLICE_X60Y82         LUT1 (Prop_lut1_I0_O)        0.098     1.813 f  System_Top_i/Top_0/inst/array_inst/gen_row[15].gen_col[14].pe_i/alu_inst/parallel_out[15]_i_3/O
                         net (fo=350, routed)         0.209     2.021    System_Top_i/Top_0/inst/array_inst/gen_row[3].gen_col[5].pe_i/alu_inst/r_carry_reg_0
    SLICE_X56Y78         FDCE                                         f  System_Top_i/Top_0/inst/array_inst/gen_row[3].gen_col[5].pe_i/alu_inst/r_carry_reg/CLR
  -------------------------------------------------------------------    -------------------

                         (clock clk_fpga_0 rise edge)
                                                      0.000     0.000 r  
    PS7_X0Y0             PS7                          0.000     0.000 r  System_Top_i/processing_system7_0/inst/PS7_i/FCLKCLK[0]
                         net (fo=1, routed)           0.337     0.337    System_Top_i/processing_system7_0/inst/FCLK_CLK_unbuffered[0]
    BUFGCTRL_X0Y16       BUFG (Prop_bufg_I_O)         0.029     0.366 r  System_Top_i/processing_system7_0/inst/buffer_fclk_clk_0.FCLK_CLK_0_BUFG/O
                         net (fo=6989, routed)        0.835     1.201    System_Top_i/Top_0/inst/array_inst/gen_row[3].gen_col[5].pe_i/alu_inst/i_clk
    SLICE_X56Y78         FDCE                                         r  System_Top_i/Top_0/inst/array_inst/gen_row[3].gen_col[5].pe_i/alu_inst/r_carry_reg/C
                         clock pessimism             -0.264     0.937    
    SLICE_X56Y78         FDCE (Remov_fdce_C_CLR)     -0.092     0.845    System_Top_i/Top_0/inst/array_inst/gen_row[3].gen_col[5].pe_i/alu_inst/r_carry_reg
  -------------------------------------------------------------------
                         required time                         -0.845    
                         arrival time                           2.021    
  -------------------------------------------------------------------
                         slack                                  1.177    

Slack (MET) :             1.183ns  (arrival time - required time)
  Source:                 System_Top_i/proc_sys_reset_0/U0/ACTIVE_LOW_PR_OUT_DFF[0].FDRE_PER_N/C
                            (rising edge-triggered cell FDRE clocked by clk_fpga_0  {rise@0.000ns fall@9.000ns period=18.000ns})
  Destination:            System_Top_i/Top_0/inst/array_inst/gen_row[3].gen_col[11].pe_i/alu_inst/r_carry_reg/CLR
                            (removal check against rising-edge clock clk_fpga_0  {rise@0.000ns fall@9.000ns period=18.000ns})
  Path Group:             **async_default**
  Path Type:              Removal (Min at Fast Process Corner)
  Requirement:            0.000ns  (clk_fpga_0 rise@0.000ns - clk_fpga_0 rise@0.000ns)
  Data Path Delay:        1.129ns  (logic 0.226ns (20.026%)  route 0.903ns (79.974%))
  Logic Levels:           1  (LUT1=1)
  Clock Path Skew:        0.038ns (DCD - SCD - CPR)
    Destination Clock Delay (DCD):    1.204ns
    Source Clock Delay      (SCD):    0.902ns
    Clock Pessimism Removal (CPR):    0.264ns

    Location             Delay type                Incr(ns)  Path(ns)    Netlist Resource(s)
  -------------------------------------------------------------------    -------------------
                         (clock clk_fpga_0 rise edge)
                                                      0.000     0.000 r  
    PS7_X0Y0             PS7                          0.000     0.000 r  System_Top_i/processing_system7_0/inst/PS7_i/FCLKCLK[0]
                         net (fo=1, routed)           0.310     0.310    System_Top_i/processing_system7_0/inst/FCLK_CLK_unbuffered[0]
    BUFGCTRL_X0Y16       BUFG (Prop_bufg_I_O)         0.026     0.336 r  System_Top_i/processing_system7_0/inst/buffer_fclk_clk_0.FCLK_CLK_0_BUFG/O
                         net (fo=6989, routed)        0.566     0.902    System_Top_i/proc_sys_reset_0/U0/slowest_sync_clk
    SLICE_X67Y75         FDRE                                         r  System_Top_i/proc_sys_reset_0/U0/ACTIVE_LOW_PR_OUT_DFF[0].FDRE_PER_N/C
  -------------------------------------------------------------------    -------------------
    SLICE_X67Y75         FDRE (Prop_fdre_C_Q)         0.128     1.030 r  System_Top_i/proc_sys_reset_0/U0/ACTIVE_LOW_PR_OUT_DFF[0].FDRE_PER_N/Q
                         net (fo=47, routed)          0.685     1.715    System_Top_i/Top_0/inst/array_inst/gen_row[15].gen_col[14].pe_i/alu_inst/i_rstn
    SLICE_X60Y82         LUT1 (Prop_lut1_I0_O)        0.098     1.813 f  System_Top_i/Top_0/inst/array_inst/gen_row[15].gen_col[14].pe_i/alu_inst/parallel_out[15]_i_3/O
                         net (fo=350, routed)         0.217     2.030    System_Top_i/Top_0/inst/array_inst/gen_row[3].gen_col[11].pe_i/alu_inst/r_carry_reg_0
    SLICE_X59Y81         FDCE                                         f  System_Top_i/Top_0/inst/array_inst/gen_row[3].gen_col[11].pe_i/alu_inst/r_carry_reg/CLR
  -------------------------------------------------------------------    -------------------

                         (clock clk_fpga_0 rise edge)
                                                      0.000     0.000 r  
    PS7_X0Y0             PS7                          0.000     0.000 r  System_Top_i/processing_system7_0/inst/PS7_i/FCLKCLK[0]
                         net (fo=1, routed)           0.337     0.337    System_Top_i/processing_system7_0/inst/FCLK_CLK_unbuffered[0]
    BUFGCTRL_X0Y16       BUFG (Prop_bufg_I_O)         0.029     0.366 r  System_Top_i/processing_system7_0/inst/buffer_fclk_clk_0.FCLK_CLK_0_BUFG/O
                         net (fo=6989, routed)        0.838     1.204    System_Top_i/Top_0/inst/array_inst/gen_row[3].gen_col[11].pe_i/alu_inst/i_clk
    SLICE_X59Y81         FDCE                                         r  System_Top_i/Top_0/inst/array_inst/gen_row[3].gen_col[11].pe_i/alu_inst/r_carry_reg/C
                         clock pessimism             -0.264     0.940    
    SLICE_X59Y81         FDCE (Remov_fdce_C_CLR)     -0.092     0.848    System_Top_i/Top_0/inst/array_inst/gen_row[3].gen_col[11].pe_i/alu_inst/r_carry_reg
  -------------------------------------------------------------------
                         required time                         -0.848    
                         arrival time                           2.030    
  -------------------------------------------------------------------
                         slack                                  1.183    

Slack (MET) :             1.252ns  (arrival time - required time)
  Source:                 System_Top_i/proc_sys_reset_0/U0/ACTIVE_LOW_PR_OUT_DFF[0].FDRE_PER_N/C
                            (rising edge-triggered cell FDRE clocked by clk_fpga_0  {rise@0.000ns fall@9.000ns period=18.000ns})
  Destination:            System_Top_i/Top_0/inst/array_inst/piso_reg_reg[0]/CLR
                            (removal check against rising-edge clock clk_fpga_0  {rise@0.000ns fall@9.000ns period=18.000ns})
  Path Group:             **async_default**
  Path Type:              Removal (Min at Fast Process Corner)
  Requirement:            0.000ns  (clk_fpga_0 rise@0.000ns - clk_fpga_0 rise@0.000ns)
  Data Path Delay:        1.194ns  (logic 0.226ns (18.930%)  route 0.968ns (81.070%))
  Logic Levels:           1  (LUT1=1)
  Clock Path Skew:        0.034ns (DCD - SCD - CPR)
    Destination Clock Delay (DCD):    1.200ns
    Source Clock Delay      (SCD):    0.902ns
    Clock Pessimism Removal (CPR):    0.264ns

    Location             Delay type                Incr(ns)  Path(ns)    Netlist Resource(s)
  -------------------------------------------------------------------    -------------------
                         (clock clk_fpga_0 rise edge)
                                                      0.000     0.000 r  
    PS7_X0Y0             PS7                          0.000     0.000 r  System_Top_i/processing_system7_0/inst/PS7_i/FCLKCLK[0]
                         net (fo=1, routed)           0.310     0.310    System_Top_i/processing_system7_0/inst/FCLK_CLK_unbuffered[0]
    BUFGCTRL_X0Y16       BUFG (Prop_bufg_I_O)         0.026     0.336 r  System_Top_i/processing_system7_0/inst/buffer_fclk_clk_0.FCLK_CLK_0_BUFG/O
                         net (fo=6989, routed)        0.566     0.902    System_Top_i/proc_sys_reset_0/U0/slowest_sync_clk
    SLICE_X67Y75         FDRE                                         r  System_Top_i/proc_sys_reset_0/U0/ACTIVE_LOW_PR_OUT_DFF[0].FDRE_PER_N/C
  -------------------------------------------------------------------    -------------------
    SLICE_X67Y75         FDRE (Prop_fdre_C_Q)         0.128     1.030 r  System_Top_i/proc_sys_reset_0/U0/ACTIVE_LOW_PR_OUT_DFF[0].FDRE_PER_N/Q
                         net (fo=47, routed)          0.685     1.715    System_Top_i/Top_0/inst/array_inst/gen_row[15].gen_col[14].pe_i/alu_inst/i_rstn
    SLICE_X60Y82         LUT1 (Prop_lut1_I0_O)        0.098     1.813 f  System_Top_i/Top_0/inst/array_inst/gen_row[15].gen_col[14].pe_i/alu_inst/parallel_out[15]_i_3/O
                         net (fo=350, routed)         0.283     2.095    System_Top_i/Top_0/inst/array_inst/i_rstn_0
    SLICE_X56Y77         FDCE                                         f  System_Top_i/Top_0/inst/array_inst/piso_reg_reg[0]/CLR
  -------------------------------------------------------------------    -------------------

                         (clock clk_fpga_0 rise edge)
                                                      0.000     0.000 r  
    PS7_X0Y0             PS7                          0.000     0.000 r  System_Top_i/processing_system7_0/inst/PS7_i/FCLKCLK[0]
                         net (fo=1, routed)           0.337     0.337    System_Top_i/processing_system7_0/inst/FCLK_CLK_unbuffered[0]
    BUFGCTRL_X0Y16       BUFG (Prop_bufg_I_O)         0.029     0.366 r  System_Top_i/processing_system7_0/inst/buffer_fclk_clk_0.FCLK_CLK_0_BUFG/O
                         net (fo=6989, routed)        0.834     1.200    System_Top_i/Top_0/inst/array_inst/i_clk
    SLICE_X56Y77         FDCE                                         r  System_Top_i/Top_0/inst/array_inst/piso_reg_reg[0]/C
                         clock pessimism             -0.264     0.936    
    SLICE_X56Y77         FDCE (Remov_fdce_C_CLR)     -0.092     0.844    System_Top_i/Top_0/inst/array_inst/piso_reg_reg[0]
  -------------------------------------------------------------------
                         required time                         -0.844    
                         arrival time                           2.095    
  -------------------------------------------------------------------
                         slack                                  1.252    

Slack (MET) :             1.252ns  (arrival time - required time)
  Source:                 System_Top_i/proc_sys_reset_0/U0/ACTIVE_LOW_PR_OUT_DFF[0].FDRE_PER_N/C
                            (rising edge-triggered cell FDRE clocked by clk_fpga_0  {rise@0.000ns fall@9.000ns period=18.000ns})
  Destination:            System_Top_i/Top_0/inst/array_inst/piso_reg_reg[14]/CLR
                            (removal check against rising-edge clock clk_fpga_0  {rise@0.000ns fall@9.000ns period=18.000ns})
  Path Group:             **async_default**
  Path Type:              Removal (Min at Fast Process Corner)
  Requirement:            0.000ns  (clk_fpga_0 rise@0.000ns - clk_fpga_0 rise@0.000ns)
  Data Path Delay:        1.194ns  (logic 0.226ns (18.930%)  route 0.968ns (81.070%))
  Logic Levels:           1  (LUT1=1)
  Clock Path Skew:        0.034ns (DCD - SCD - CPR)
    Destination Clock Delay (DCD):    1.200ns
    Source Clock Delay      (SCD):    0.902ns
    Clock Pessimism Removal (CPR):    0.264ns

    Location             Delay type                Incr(ns)  Path(ns)    Netlist Resource(s)
  -------------------------------------------------------------------    -------------------
                         (clock clk_fpga_0 rise edge)
                                                      0.000     0.000 r  
    PS7_X0Y0             PS7                          0.000     0.000 r  System_Top_i/processing_system7_0/inst/PS7_i/FCLKCLK[0]
                         net (fo=1, routed)           0.310     0.310    System_Top_i/processing_system7_0/inst/FCLK_CLK_unbuffered[0]
    BUFGCTRL_X0Y16       BUFG (Prop_bufg_I_O)         0.026     0.336 r  System_Top_i/processing_system7_0/inst/buffer_fclk_clk_0.FCLK_CLK_0_BUFG/O
                         net (fo=6989, routed)        0.566     0.902    System_Top_i/proc_sys_reset_0/U0/slowest_sync_clk
    SLICE_X67Y75         FDRE                                         r  System_Top_i/proc_sys_reset_0/U0/ACTIVE_LOW_PR_OUT_DFF[0].FDRE_PER_N/C
  -------------------------------------------------------------------    -------------------
    SLICE_X67Y75         FDRE (Prop_fdre_C_Q)         0.128     1.030 r  System_Top_i/proc_sys_reset_0/U0/ACTIVE_LOW_PR_OUT_DFF[0].FDRE_PER_N/Q
                         net (fo=47, routed)          0.685     1.715    System_Top_i/Top_0/inst/array_inst/gen_row[15].gen_col[14].pe_i/alu_inst/i_rstn
    SLICE_X60Y82         LUT1 (Prop_lut1_I0_O)        0.098     1.813 f  System_Top_i/Top_0/inst/array_inst/gen_row[15].gen_col[14].pe_i/alu_inst/parallel_out[15]_i_3/O
                         net (fo=350, routed)         0.283     2.095    System_Top_i/Top_0/inst/array_inst/i_rstn_0
    SLICE_X56Y77         FDCE                                         f  System_Top_i/Top_0/inst/array_inst/piso_reg_reg[14]/CLR
  -------------------------------------------------------------------    -------------------

                         (clock clk_fpga_0 rise edge)
                                                      0.000     0.000 r  
    PS7_X0Y0             PS7                          0.000     0.000 r  System_Top_i/processing_system7_0/inst/PS7_i/FCLKCLK[0]
                         net (fo=1, routed)           0.337     0.337    System_Top_i/processing_system7_0/inst/FCLK_CLK_unbuffered[0]
    BUFGCTRL_X0Y16       BUFG (Prop_bufg_I_O)         0.029     0.366 r  System_Top_i/processing_system7_0/inst/buffer_fclk_clk_0.FCLK_CLK_0_BUFG/O
                         net (fo=6989, routed)        0.834     1.200    System_Top_i/Top_0/inst/array_inst/i_clk
    SLICE_X56Y77         FDCE                                         r  System_Top_i/Top_0/inst/array_inst/piso_reg_reg[14]/C
                         clock pessimism             -0.264     0.936    
    SLICE_X56Y77         FDCE (Remov_fdce_C_CLR)     -0.092     0.844    System_Top_i/Top_0/inst/array_inst/piso_reg_reg[14]
  -------------------------------------------------------------------
                         required time                         -0.844    
                         arrival time                           2.095    
  -------------------------------------------------------------------
                         slack                                  1.252    

Slack (MET) :             1.298ns  (arrival time - required time)
  Source:                 System_Top_i/proc_sys_reset_0/U0/ACTIVE_LOW_PR_OUT_DFF[0].FDRE_PER_N/C
                            (rising edge-triggered cell FDRE clocked by clk_fpga_0  {rise@0.000ns fall@9.000ns period=18.000ns})
  Destination:            System_Top_i/Top_0/inst/array_inst/gen_row[3].gen_col[6].pe_i/alu_inst/r_carry_reg/CLR
                            (removal check against rising-edge clock clk_fpga_0  {rise@0.000ns fall@9.000ns period=18.000ns})
  Path Group:             **async_default**
  Path Type:              Removal (Min at Fast Process Corner)
  Requirement:            0.000ns  (clk_fpga_0 rise@0.000ns - clk_fpga_0 rise@0.000ns)
  Data Path Delay:        1.242ns  (logic 0.226ns (18.201%)  route 1.016ns (81.799%))
  Logic Levels:           1  (LUT1=1)
  Clock Path Skew:        0.036ns (DCD - SCD - CPR)
    Destination Clock Delay (DCD):    1.202ns
    Source Clock Delay      (SCD):    0.902ns
    Clock Pessimism Removal (CPR):    0.264ns

    Location             Delay type                Incr(ns)  Path(ns)    Netlist Resource(s)
  -------------------------------------------------------------------    -------------------
                         (clock clk_fpga_0 rise edge)
                                                      0.000     0.000 r  
    PS7_X0Y0             PS7                          0.000     0.000 r  System_Top_i/processing_system7_0/inst/PS7_i/FCLKCLK[0]
                         net (fo=1, routed)           0.310     0.310    System_Top_i/processing_system7_0/inst/FCLK_CLK_unbuffered[0]
    BUFGCTRL_X0Y16       BUFG (Prop_bufg_I_O)         0.026     0.336 r  System_Top_i/processing_system7_0/inst/buffer_fclk_clk_0.FCLK_CLK_0_BUFG/O
                         net (fo=6989, routed)        0.566     0.902    System_Top_i/proc_sys_reset_0/U0/slowest_sync_clk
    SLICE_X67Y75         FDRE                                         r  System_Top_i/proc_sys_reset_0/U0/ACTIVE_LOW_PR_OUT_DFF[0].FDRE_PER_N/C
  -------------------------------------------------------------------    -------------------
    SLICE_X67Y75         FDRE (Prop_fdre_C_Q)         0.128     1.030 r  System_Top_i/proc_sys_reset_0/U0/ACTIVE_LOW_PR_OUT_DFF[0].FDRE_PER_N/Q
                         net (fo=47, routed)          0.685     1.715    System_Top_i/Top_0/inst/array_inst/gen_row[15].gen_col[14].pe_i/alu_inst/i_rstn
    SLICE_X60Y82         LUT1 (Prop_lut1_I0_O)        0.098     1.813 f  System_Top_i/Top_0/inst/array_inst/gen_row[15].gen_col[14].pe_i/alu_inst/parallel_out[15]_i_3/O
                         net (fo=350, routed)         0.331     2.143    System_Top_i/Top_0/inst/array_inst/gen_row[3].gen_col[6].pe_i/alu_inst/r_carry_reg_0
    SLICE_X59Y79         FDCE                                         f  System_Top_i/Top_0/inst/array_inst/gen_row[3].gen_col[6].pe_i/alu_inst/r_carry_reg/CLR
  -------------------------------------------------------------------    -------------------

                         (clock clk_fpga_0 rise edge)
                                                      0.000     0.000 r  
    PS7_X0Y0             PS7                          0.000     0.000 r  System_Top_i/processing_system7_0/inst/PS7_i/FCLKCLK[0]
                         net (fo=1, routed)           0.337     0.337    System_Top_i/processing_system7_0/inst/FCLK_CLK_unbuffered[0]
    BUFGCTRL_X0Y16       BUFG (Prop_bufg_I_O)         0.029     0.366 r  System_Top_i/processing_system7_0/inst/buffer_fclk_clk_0.FCLK_CLK_0_BUFG/O
                         net (fo=6989, routed)        0.836     1.202    System_Top_i/Top_0/inst/array_inst/gen_row[3].gen_col[6].pe_i/alu_inst/i_clk
    SLICE_X59Y79         FDCE                                         r  System_Top_i/Top_0/inst/array_inst/gen_row[3].gen_col[6].pe_i/alu_inst/r_carry_reg/C
                         clock pessimism             -0.264     0.938    
    SLICE_X59Y79         FDCE (Remov_fdce_C_CLR)     -0.092     0.846    System_Top_i/Top_0/inst/array_inst/gen_row[3].gen_col[6].pe_i/alu_inst/r_carry_reg
  -------------------------------------------------------------------
                         required time                         -0.846    
                         arrival time                           2.143    
  -------------------------------------------------------------------
                         slack                                  1.298    

Slack (MET) :             1.302ns  (arrival time - required time)
  Source:                 System_Top_i/proc_sys_reset_0/U0/ACTIVE_LOW_PR_OUT_DFF[0].FDRE_PER_N/C
                            (rising edge-triggered cell FDRE clocked by clk_fpga_0  {rise@0.000ns fall@9.000ns period=18.000ns})
  Destination:            System_Top_i/Top_0/inst/array_inst/gen_row[3].gen_col[14].pe_i/alu_inst/r_carry_reg/CLR
                            (removal check against rising-edge clock clk_fpga_0  {rise@0.000ns fall@9.000ns period=18.000ns})
  Path Group:             **async_default**
  Path Type:              Removal (Min at Fast Process Corner)
  Requirement:            0.000ns  (clk_fpga_0 rise@0.000ns - clk_fpga_0 rise@0.000ns)
  Data Path Delay:        1.243ns  (logic 0.226ns (18.184%)  route 1.017ns (81.816%))
  Logic Levels:           1  (LUT1=1)
  Clock Path Skew:        0.033ns (DCD - SCD - CPR)
    Destination Clock Delay (DCD):    1.199ns
    Source Clock Delay      (SCD):    0.902ns
    Clock Pessimism Removal (CPR):    0.264ns

    Location             Delay type                Incr(ns)  Path(ns)    Netlist Resource(s)
  -------------------------------------------------------------------    -------------------
                         (clock clk_fpga_0 rise edge)
                                                      0.000     0.000 r  
    PS7_X0Y0             PS7                          0.000     0.000 r  System_Top_i/processing_system7_0/inst/PS7_i/FCLKCLK[0]
                         net (fo=1, routed)           0.310     0.310    System_Top_i/processing_system7_0/inst/FCLK_CLK_unbuffered[0]
    BUFGCTRL_X0Y16       BUFG (Prop_bufg_I_O)         0.026     0.336 r  System_Top_i/processing_system7_0/inst/buffer_fclk_clk_0.FCLK_CLK_0_BUFG/O
                         net (fo=6989, routed)        0.566     0.902    System_Top_i/proc_sys_reset_0/U0/slowest_sync_clk
    SLICE_X67Y75         FDRE                                         r  System_Top_i/proc_sys_reset_0/U0/ACTIVE_LOW_PR_OUT_DFF[0].FDRE_PER_N/C
  -------------------------------------------------------------------    -------------------
    SLICE_X67Y75         FDRE (Prop_fdre_C_Q)         0.128     1.030 r  System_Top_i/proc_sys_reset_0/U0/ACTIVE_LOW_PR_OUT_DFF[0].FDRE_PER_N/Q
                         net (fo=47, routed)          0.685     1.715    System_Top_i/Top_0/inst/array_inst/gen_row[15].gen_col[14].pe_i/alu_inst/i_rstn
    SLICE_X60Y82         LUT1 (Prop_lut1_I0_O)        0.098     1.813 f  System_Top_i/Top_0/inst/array_inst/gen_row[15].gen_col[14].pe_i/alu_inst/parallel_out[15]_i_3/O
                         net (fo=350, routed)         0.332     2.144    System_Top_i/Top_0/inst/array_inst/gen_row[3].gen_col[14].pe_i/alu_inst/r_carry_reg_0
    SLICE_X55Y78         FDCE                                         f  System_Top_i/Top_0/inst/array_inst/gen_row[3].gen_col[14].pe_i/alu_inst/r_carry_reg/CLR
  -------------------------------------------------------------------    -------------------

                         (clock clk_fpga_0 rise edge)
                                                      0.000     0.000 r  
    PS7_X0Y0             PS7                          0.000     0.000 r  System_Top_i/processing_system7_0/inst/PS7_i/FCLKCLK[0]
                         net (fo=1, routed)           0.337     0.337    System_Top_i/processing_system7_0/inst/FCLK_CLK_unbuffered[0]
    BUFGCTRL_X0Y16       BUFG (Prop_bufg_I_O)         0.029     0.366 r  System_Top_i/processing_system7_0/inst/buffer_fclk_clk_0.FCLK_CLK_0_BUFG/O
                         net (fo=6989, routed)        0.833     1.199    System_Top_i/Top_0/inst/array_inst/gen_row[3].gen_col[14].pe_i/alu_inst/i_clk
    SLICE_X55Y78         FDCE                                         r  System_Top_i/Top_0/inst/array_inst/gen_row[3].gen_col[14].pe_i/alu_inst/r_carry_reg/C
                         clock pessimism             -0.264     0.935    
    SLICE_X55Y78         FDCE (Remov_fdce_C_CLR)     -0.092     0.843    System_Top_i/Top_0/inst/array_inst/gen_row[3].gen_col[14].pe_i/alu_inst/r_carry_reg
  -------------------------------------------------------------------
                         required time                         -0.843    
                         arrival time                           2.144    
  -------------------------------------------------------------------
                         slack                                  1.302    

Slack (MET) :             1.351ns  (arrival time - required time)
  Source:                 System_Top_i/proc_sys_reset_0/U0/ACTIVE_LOW_PR_OUT_DFF[0].FDRE_PER_N/C
                            (rising edge-triggered cell FDRE clocked by clk_fpga_0  {rise@0.000ns fall@9.000ns period=18.000ns})
  Destination:            System_Top_i/Top_0/inst/array_inst/gen_row[3].gen_col[15].pe_i/alu_inst/r_carry_reg/CLR
                            (removal check against rising-edge clock clk_fpga_0  {rise@0.000ns fall@9.000ns period=18.000ns})
  Path Group:             **async_default**
  Path Type:              Removal (Min at Fast Process Corner)
  Requirement:            0.000ns  (clk_fpga_0 rise@0.000ns - clk_fpga_0 rise@0.000ns)
  Data Path Delay:        1.291ns  (logic 0.226ns (17.501%)  route 1.065ns (82.499%))
  Logic Levels:           1  (LUT1=1)
  Clock Path Skew:        0.032ns (DCD - SCD - CPR)
    Destination Clock Delay (DCD):    1.198ns
    Source Clock Delay      (SCD):    0.902ns
    Clock Pessimism Removal (CPR):    0.264ns

    Location             Delay type                Incr(ns)  Path(ns)    Netlist Resource(s)
  -------------------------------------------------------------------    -------------------
                         (clock clk_fpga_0 rise edge)
                                                      0.000     0.000 r  
    PS7_X0Y0             PS7                          0.000     0.000 r  System_Top_i/processing_system7_0/inst/PS7_i/FCLKCLK[0]
                         net (fo=1, routed)           0.310     0.310    System_Top_i/processing_system7_0/inst/FCLK_CLK_unbuffered[0]
    BUFGCTRL_X0Y16       BUFG (Prop_bufg_I_O)         0.026     0.336 r  System_Top_i/processing_system7_0/inst/buffer_fclk_clk_0.FCLK_CLK_0_BUFG/O
                         net (fo=6989, routed)        0.566     0.902    System_Top_i/proc_sys_reset_0/U0/slowest_sync_clk
    SLICE_X67Y75         FDRE                                         r  System_Top_i/proc_sys_reset_0/U0/ACTIVE_LOW_PR_OUT_DFF[0].FDRE_PER_N/C
  -------------------------------------------------------------------    -------------------
    SLICE_X67Y75         FDRE (Prop_fdre_C_Q)         0.128     1.030 r  System_Top_i/proc_sys_reset_0/U0/ACTIVE_LOW_PR_OUT_DFF[0].FDRE_PER_N/Q
                         net (fo=47, routed)          0.685     1.715    System_Top_i/Top_0/inst/array_inst/gen_row[15].gen_col[14].pe_i/alu_inst/i_rstn
    SLICE_X60Y82         LUT1 (Prop_lut1_I0_O)        0.098     1.813 f  System_Top_i/Top_0/inst/array_inst/gen_row[15].gen_col[14].pe_i/alu_inst/parallel_out[15]_i_3/O
                         net (fo=350, routed)         0.380     2.193    System_Top_i/Top_0/inst/array_inst/gen_row[3].gen_col[15].pe_i/alu_inst/r_carry_reg_0
    SLICE_X59Y76         FDCE                                         f  System_Top_i/Top_0/inst/array_inst/gen_row[3].gen_col[15].pe_i/alu_inst/r_carry_reg/CLR
  -------------------------------------------------------------------    -------------------

                         (clock clk_fpga_0 rise edge)
                                                      0.000     0.000 r  
    PS7_X0Y0             PS7                          0.000     0.000 r  System_Top_i/processing_system7_0/inst/PS7_i/FCLKCLK[0]
                         net (fo=1, routed)           0.337     0.337    System_Top_i/processing_system7_0/inst/FCLK_CLK_unbuffered[0]
    BUFGCTRL_X0Y16       BUFG (Prop_bufg_I_O)         0.029     0.366 r  System_Top_i/processing_system7_0/inst/buffer_fclk_clk_0.FCLK_CLK_0_BUFG/O
                         net (fo=6989, routed)        0.832     1.198    System_Top_i/Top_0/inst/array_inst/gen_row[3].gen_col[15].pe_i/alu_inst/i_clk
    SLICE_X59Y76         FDCE                                         r  System_Top_i/Top_0/inst/array_inst/gen_row[3].gen_col[15].pe_i/alu_inst/r_carry_reg/C
                         clock pessimism             -0.264     0.934    
    SLICE_X59Y76         FDCE (Remov_fdce_C_CLR)     -0.092     0.842    System_Top_i/Top_0/inst/array_inst/gen_row[3].gen_col[15].pe_i/alu_inst/r_carry_reg
  -------------------------------------------------------------------
                         required time                         -0.842    
                         arrival time                           2.193    
  -------------------------------------------------------------------
                         slack                                  1.351    

Slack (MET) :             1.354ns  (arrival time - required time)
  Source:                 System_Top_i/proc_sys_reset_0/U0/ACTIVE_LOW_PR_OUT_DFF[0].FDRE_PER_N/C
                            (rising edge-triggered cell FDRE clocked by clk_fpga_0  {rise@0.000ns fall@9.000ns period=18.000ns})
  Destination:            System_Top_i/Top_0/inst/array_inst/parallel_out_reg[10]/CLR
                            (removal check against rising-edge clock clk_fpga_0  {rise@0.000ns fall@9.000ns period=18.000ns})
  Path Group:             **async_default**
  Path Type:              Removal (Min at Fast Process Corner)
  Requirement:            0.000ns  (clk_fpga_0 rise@0.000ns - clk_fpga_0 rise@0.000ns)
  Data Path Delay:        1.296ns  (logic 0.226ns (17.434%)  route 1.070ns (82.566%))
  Logic Levels:           1  (LUT1=1)
  Clock Path Skew:        0.034ns (DCD - SCD - CPR)
    Destination Clock Delay (DCD):    1.200ns
    Source Clock Delay      (SCD):    0.902ns
    Clock Pessimism Removal (CPR):    0.264ns

    Location             Delay type                Incr(ns)  Path(ns)    Netlist Resource(s)
  -------------------------------------------------------------------    -------------------
                         (clock clk_fpga_0 rise edge)
                                                      0.000     0.000 r  
    PS7_X0Y0             PS7                          0.000     0.000 r  System_Top_i/processing_system7_0/inst/PS7_i/FCLKCLK[0]
                         net (fo=1, routed)           0.310     0.310    System_Top_i/processing_system7_0/inst/FCLK_CLK_unbuffered[0]
    BUFGCTRL_X0Y16       BUFG (Prop_bufg_I_O)         0.026     0.336 r  System_Top_i/processing_system7_0/inst/buffer_fclk_clk_0.FCLK_CLK_0_BUFG/O
                         net (fo=6989, routed)        0.566     0.902    System_Top_i/proc_sys_reset_0/U0/slowest_sync_clk
    SLICE_X67Y75         FDRE                                         r  System_Top_i/proc_sys_reset_0/U0/ACTIVE_LOW_PR_OUT_DFF[0].FDRE_PER_N/C
  -------------------------------------------------------------------    -------------------
    SLICE_X67Y75         FDRE (Prop_fdre_C_Q)         0.128     1.030 r  System_Top_i/proc_sys_reset_0/U0/ACTIVE_LOW_PR_OUT_DFF[0].FDRE_PER_N/Q
                         net (fo=47, routed)          0.685     1.715    System_Top_i/Top_0/inst/array_inst/gen_row[15].gen_col[14].pe_i/alu_inst/i_rstn
    SLICE_X60Y82         LUT1 (Prop_lut1_I0_O)        0.098     1.813 f  System_Top_i/Top_0/inst/array_inst/gen_row[15].gen_col[14].pe_i/alu_inst/parallel_out[15]_i_3/O
                         net (fo=350, routed)         0.385     2.198    System_Top_i/Top_0/inst/array_inst/i_rstn_0
    SLICE_X55Y79         FDCE                                         f  System_Top_i/Top_0/inst/array_inst/parallel_out_reg[10]/CLR
  -------------------------------------------------------------------    -------------------

                         (clock clk_fpga_0 rise edge)
                                                      0.000     0.000 r  
    PS7_X0Y0             PS7                          0.000     0.000 r  System_Top_i/processing_system7_0/inst/PS7_i/FCLKCLK[0]
                         net (fo=1, routed)           0.337     0.337    System_Top_i/processing_system7_0/inst/FCLK_CLK_unbuffered[0]
    BUFGCTRL_X0Y16       BUFG (Prop_bufg_I_O)         0.029     0.366 r  System_Top_i/processing_system7_0/inst/buffer_fclk_clk_0.FCLK_CLK_0_BUFG/O
                         net (fo=6989, routed)        0.834     1.200    System_Top_i/Top_0/inst/array_inst/i_clk
    SLICE_X55Y79         FDCE                                         r  System_Top_i/Top_0/inst/array_inst/parallel_out_reg[10]/C
                         clock pessimism             -0.264     0.936    
    SLICE_X55Y79         FDCE (Remov_fdce_C_CLR)     -0.092     0.844    System_Top_i/Top_0/inst/array_inst/parallel_out_reg[10]
  -------------------------------------------------------------------
                         required time                         -0.844    
                         arrival time                           2.198    
  -------------------------------------------------------------------
                         slack                                  1.354    

Slack (MET) :             1.354ns  (arrival time - required time)
  Source:                 System_Top_i/proc_sys_reset_0/U0/ACTIVE_LOW_PR_OUT_DFF[0].FDRE_PER_N/C
                            (rising edge-triggered cell FDRE clocked by clk_fpga_0  {rise@0.000ns fall@9.000ns period=18.000ns})
  Destination:            System_Top_i/Top_0/inst/array_inst/parallel_out_reg[11]/CLR
                            (removal check against rising-edge clock clk_fpga_0  {rise@0.000ns fall@9.000ns period=18.000ns})
  Path Group:             **async_default**
  Path Type:              Removal (Min at Fast Process Corner)
  Requirement:            0.000ns  (clk_fpga_0 rise@0.000ns - clk_fpga_0 rise@0.000ns)
  Data Path Delay:        1.296ns  (logic 0.226ns (17.434%)  route 1.070ns (82.566%))
  Logic Levels:           1  (LUT1=1)
  Clock Path Skew:        0.034ns (DCD - SCD - CPR)
    Destination Clock Delay (DCD):    1.200ns
    Source Clock Delay      (SCD):    0.902ns
    Clock Pessimism Removal (CPR):    0.264ns

    Location             Delay type                Incr(ns)  Path(ns)    Netlist Resource(s)
  -------------------------------------------------------------------    -------------------
                         (clock clk_fpga_0 rise edge)
                                                      0.000     0.000 r  
    PS7_X0Y0             PS7                          0.000     0.000 r  System_Top_i/processing_system7_0/inst/PS7_i/FCLKCLK[0]
                         net (fo=1, routed)           0.310     0.310    System_Top_i/processing_system7_0/inst/FCLK_CLK_unbuffered[0]
    BUFGCTRL_X0Y16       BUFG (Prop_bufg_I_O)         0.026     0.336 r  System_Top_i/processing_system7_0/inst/buffer_fclk_clk_0.FCLK_CLK_0_BUFG/O
                         net (fo=6989, routed)        0.566     0.902    System_Top_i/proc_sys_reset_0/U0/slowest_sync_clk
    SLICE_X67Y75         FDRE                                         r  System_Top_i/proc_sys_reset_0/U0/ACTIVE_LOW_PR_OUT_DFF[0].FDRE_PER_N/C
  -------------------------------------------------------------------    -------------------
    SLICE_X67Y75         FDRE (Prop_fdre_C_Q)         0.128     1.030 r  System_Top_i/proc_sys_reset_0/U0/ACTIVE_LOW_PR_OUT_DFF[0].FDRE_PER_N/Q
                         net (fo=47, routed)          0.685     1.715    System_Top_i/Top_0/inst/array_inst/gen_row[15].gen_col[14].pe_i/alu_inst/i_rstn
    SLICE_X60Y82         LUT1 (Prop_lut1_I0_O)        0.098     1.813 f  System_Top_i/Top_0/inst/array_inst/gen_row[15].gen_col[14].pe_i/alu_inst/parallel_out[15]_i_3/O
                         net (fo=350, routed)         0.385     2.198    System_Top_i/Top_0/inst/array_inst/i_rstn_0
    SLICE_X55Y79         FDCE                                         f  System_Top_i/Top_0/inst/array_inst/parallel_out_reg[11]/CLR
  -------------------------------------------------------------------    -------------------

                         (clock clk_fpga_0 rise edge)
                                                      0.000     0.000 r  
    PS7_X0Y0             PS7                          0.000     0.000 r  System_Top_i/processing_system7_0/inst/PS7_i/FCLKCLK[0]
                         net (fo=1, routed)           0.337     0.337    System_Top_i/processing_system7_0/inst/FCLK_CLK_unbuffered[0]
    BUFGCTRL_X0Y16       BUFG (Prop_bufg_I_O)         0.029     0.366 r  System_Top_i/processing_system7_0/inst/buffer_fclk_clk_0.FCLK_CLK_0_BUFG/O
                         net (fo=6989, routed)        0.834     1.200    System_Top_i/Top_0/inst/array_inst/i_clk
    SLICE_X55Y79         FDCE                                         r  System_Top_i/Top_0/inst/array_inst/parallel_out_reg[11]/C
                         clock pessimism             -0.264     0.936    
    SLICE_X55Y79         FDCE (Remov_fdce_C_CLR)     -0.092     0.844    System_Top_i/Top_0/inst/array_inst/parallel_out_reg[11]
  -------------------------------------------------------------------
                         required time                         -0.844    
                         arrival time                           2.198    
  -------------------------------------------------------------------
                         slack                                  1.354    





--------------------------------------------------------------------------------------
Path Group:  (none)
From Clock:  
  To Clock:  clk_fpga_0

Max Delay             1 Endpoint
Min Delay             1 Endpoint
--------------------------------------------------------------------------------------


Max Delay Paths
--------------------------------------------------------------------------------------
Slack:                    inf
  Source:                 System_Top_i/processing_system7_0/inst/PS7_i/FCLKRESETN[0]
                            (internal pin)
  Destination:            System_Top_i/proc_sys_reset_0/U0/EXT_LPF/ACTIVE_LOW_EXT.ACT_LO_EXT/syncstages_ff_reg[0]/D
                            (rising edge-triggered cell FDRE clocked by clk_fpga_0  {rise@0.000ns fall@9.000ns period=18.000ns})
  Path Group:             (none)
  Path Type:              Setup (Max at Slow Process Corner)
  Data Path Delay:        2.726ns  (logic 0.124ns (4.549%)  route 2.602ns (95.451%))
  Logic Levels:           1  (LUT1=1)
  Clock Uncertainty:      0.271ns  ((TSJ^2 + TIJ^2)^1/2 + DJ) / 2 + PE
    Total System Jitter     (TSJ):    0.050ns
    Total Input Jitter      (TIJ):    0.540ns
    Discrete Jitter          (DJ):    0.000ns
    Phase Error              (PE):    0.000ns
  Timing Exception:       False Path

    Location             Delay type                Incr(ns)  Path(ns)    Netlist Resource(s)
  -------------------------------------------------------------------    -------------------
    PS7_X0Y0             PS7                          0.000     0.000 f  System_Top_i/processing_system7_0/inst/PS7_i/FCLKRESETN[0]
                         net (fo=1, routed)           2.148     2.148    System_Top_i/proc_sys_reset_0/U0/EXT_LPF/ext_reset_in
    SLICE_X67Y76         LUT1 (Prop_lut1_I0_O)        0.124     2.272 r  System_Top_i/proc_sys_reset_0/U0/EXT_LPF/ACTIVE_LOW_EXT.ACT_LO_EXT_i_1/O
                         net (fo=1, routed)           0.455     2.726    System_Top_i/proc_sys_reset_0/U0/EXT_LPF/ACTIVE_LOW_EXT.ACT_LO_EXT/src_in
    SLICE_X65Y76         FDRE                                         r  System_Top_i/proc_sys_reset_0/U0/EXT_LPF/ACTIVE_LOW_EXT.ACT_LO_EXT/syncstages_ff_reg[0]/D
  -------------------------------------------------------------------    -------------------

                         (clock clk_fpga_0 rise edge)
                                                      0.000     0.000 r  
    PS7_X0Y0             PS7                          0.000     0.000 r  System_Top_i/processing_system7_0/inst/PS7_i/FCLKCLK[0]
                         net (fo=1, routed)           1.088     1.088    System_Top_i/processing_system7_0/inst/FCLK_CLK_unbuffered[0]
    BUFGCTRL_X0Y16       BUFG (Prop_bufg_I_O)         0.091     1.179 r  System_Top_i/processing_system7_0/inst/buffer_fclk_clk_0.FCLK_CLK_0_BUFG/O
                         net (fo=6989, routed)        1.526     2.705    System_Top_i/proc_sys_reset_0/U0/EXT_LPF/ACTIVE_LOW_EXT.ACT_LO_EXT/dest_clk
    SLICE_X65Y76         FDRE                                         r  System_Top_i/proc_sys_reset_0/U0/EXT_LPF/ACTIVE_LOW_EXT.ACT_LO_EXT/syncstages_ff_reg[0]/C





Min Delay Paths
--------------------------------------------------------------------------------------
Slack:                    inf
  Source:                 System_Top_i/processing_system7_0/inst/PS7_i/FCLKRESETN[0]
                            (internal pin)
  Destination:            System_Top_i/proc_sys_reset_0/U0/EXT_LPF/ACTIVE_LOW_EXT.ACT_LO_EXT/syncstages_ff_reg[0]/D
                            (rising edge-triggered cell FDRE clocked by clk_fpga_0  {rise@0.000ns fall@9.000ns period=18.000ns})
  Path Group:             (none)
  Path Type:              Hold (Min at Fast Process Corner)
  Data Path Delay:        1.042ns  (logic 0.045ns (4.318%)  route 0.997ns (95.682%))
  Logic Levels:           1  (LUT1=1)
  Clock Uncertainty:      0.271ns  ((TSJ^2 + TIJ^2)^1/2 + DJ) / 2 + PE
    Total System Jitter     (TSJ):    0.050ns
    Total Input Jitter      (TIJ):    0.540ns
    Discrete Jitter          (DJ):    0.000ns
    Phase Error              (PE):    0.000ns
  Timing Exception:       False Path

    Location             Delay type                Incr(ns)  Path(ns)    Netlist Resource(s)
  -------------------------------------------------------------------    -------------------
    PS7_X0Y0             PS7                          0.000     0.000 f  System_Top_i/processing_system7_0/inst/PS7_i/FCLKRESETN[0]
                         net (fo=1, routed)           0.844     0.844    System_Top_i/proc_sys_reset_0/U0/EXT_LPF/ext_reset_in
    SLICE_X67Y76         LUT1 (Prop_lut1_I0_O)        0.045     0.889 r  System_Top_i/proc_sys_reset_0/U0/EXT_LPF/ACTIVE_LOW_EXT.ACT_LO_EXT_i_1/O
                         net (fo=1, routed)           0.154     1.042    System_Top_i/proc_sys_reset_0/U0/EXT_LPF/ACTIVE_LOW_EXT.ACT_LO_EXT/src_in
    SLICE_X65Y76         FDRE                                         r  System_Top_i/proc_sys_reset_0/U0/EXT_LPF/ACTIVE_LOW_EXT.ACT_LO_EXT/syncstages_ff_reg[0]/D
  -------------------------------------------------------------------    -------------------

                         (clock clk_fpga_0 rise edge)
                                                      0.000     0.000 r  
    PS7_X0Y0             PS7                          0.000     0.000 r  System_Top_i/processing_system7_0/inst/PS7_i/FCLKCLK[0]
                         net (fo=1, routed)           0.337     0.337    System_Top_i/processing_system7_0/inst/FCLK_CLK_unbuffered[0]
    BUFGCTRL_X0Y16       BUFG (Prop_bufg_I_O)         0.029     0.366 r  System_Top_i/processing_system7_0/inst/buffer_fclk_clk_0.FCLK_CLK_0_BUFG/O
                         net (fo=6989, routed)        0.833     1.199    System_Top_i/proc_sys_reset_0/U0/EXT_LPF/ACTIVE_LOW_EXT.ACT_LO_EXT/dest_clk
    SLICE_X65Y76         FDRE                                         r  System_Top_i/proc_sys_reset_0/U0/EXT_LPF/ACTIVE_LOW_EXT.ACT_LO_EXT/syncstages_ff_reg[0]/C





--------------------------------------------------------------------------------------
Path Group:  (none)
From Clock:  clk_fpga_0
  To Clock:  clk_fpga_0

Max Delay            61 Endpoints
Min Delay            61 Endpoints
--------------------------------------------------------------------------------------


Max Delay Paths
--------------------------------------------------------------------------------------
Slack:                    inf
  Source:                 System_Top_i/smartconnect_0/inst/clk_map/psr_aclk/U0/ACTIVE_LOW_BSR_OUT_DFF[0].FDRE_BSR_N/C
                            (rising edge-triggered cell FDRE clocked by clk_fpga_0  {rise@0.000ns fall@9.000ns period=18.000ns})
  Destination:            System_Top_i/smartconnect_0/inst/s00_nodes/s00_ar_node/inst/s_sc_xpm_cdc_async_rst_inst/arststages_ff_reg[0]/CLR
                            (recovery check against rising-edge clock clk_fpga_0  {rise@0.000ns fall@9.000ns period=18.000ns})
  Path Group:             (none)
  Path Type:              Recovery (Max at Slow Process Corner)
  Data Path Delay:        4.245ns  (logic 0.580ns (13.664%)  route 3.665ns (86.336%))
  Logic Levels:           1  (LUT1=1)
  Clock Path Skew:        -0.550ns (DCD - SCD + CPR)
    Destination Clock Delay (DCD):    2.645ns
    Source Clock Delay      (SCD):    3.195ns
    Clock Pessimism Removal (CPR):    0.000ns
  Clock Uncertainty:      0.272ns  ((TSJ^2 + TIJ^2)^1/2 + DJ) / 2 + PE
    Total System Jitter     (TSJ):    0.071ns
    Total Input Jitter      (TIJ):    0.540ns
    Discrete Jitter          (DJ):    0.000ns
    Phase Error              (PE):    0.000ns
  Timing Exception:       False Path

    Location             Delay type                Incr(ns)  Path(ns)    Netlist Resource(s)
  -------------------------------------------------------------------    -------------------
                         (clock clk_fpga_0 rise edge)
                                                      0.000     0.000 r  
    PS7_X0Y0             PS7                          0.000     0.000 r  System_Top_i/processing_system7_0/inst/PS7_i/FCLKCLK[0]
                         net (fo=1, routed)           1.193     1.193    System_Top_i/processing_system7_0/inst/FCLK_CLK_unbuffered[0]
    BUFGCTRL_X0Y16       BUFG (Prop_bufg_I_O)         0.101     1.294 r  System_Top_i/processing_system7_0/inst/buffer_fclk_clk_0.FCLK_CLK_0_BUFG/O
                         net (fo=6989, routed)        1.901     3.195    System_Top_i/smartconnect_0/inst/clk_map/psr_aclk/U0/aclk
    SLICE_X63Y114        FDRE                                         r  System_Top_i/smartconnect_0/inst/clk_map/psr_aclk/U0/ACTIVE_LOW_BSR_OUT_DFF[0].FDRE_BSR_N/C
  -------------------------------------------------------------------    -------------------
    SLICE_X63Y114        FDRE (Prop_fdre_C_Q)         0.456     3.651 r  System_Top_i/smartconnect_0/inst/clk_map/psr_aclk/U0/ACTIVE_LOW_BSR_OUT_DFF[0].FDRE_BSR_N/Q
                         net (fo=20, routed)          2.908     6.559    System_Top_i/smartconnect_0/inst/s00_nodes/s00_ar_node/inst/s_sc_xpm_cdc_async_rst_inst/src_arst
    SLICE_X51Y93         LUT1 (Prop_lut1_I0_O)        0.124     6.683 f  System_Top_i/smartconnect_0/inst/s00_nodes/s00_ar_node/inst/s_sc_xpm_cdc_async_rst_inst/arststages_ff[2]_i_1/O
                         net (fo=3, routed)           0.756     7.440    System_Top_i/smartconnect_0/inst/s00_nodes/s00_ar_node/inst/s_sc_xpm_cdc_async_rst_inst/reset_pol
    SLICE_X51Y93         FDCE                                         f  System_Top_i/smartconnect_0/inst/s00_nodes/s00_ar_node/inst/s_sc_xpm_cdc_async_rst_inst/arststages_ff_reg[0]/CLR
  -------------------------------------------------------------------    -------------------

                         (clock clk_fpga_0 rise edge)
                                                      0.000     0.000 r  
    PS7_X0Y0             PS7                          0.000     0.000 r  System_Top_i/processing_system7_0/inst/PS7_i/FCLKCLK[0]
                         net (fo=1, routed)           1.088     1.088    System_Top_i/processing_system7_0/inst/FCLK_CLK_unbuffered[0]
    BUFGCTRL_X0Y16       BUFG (Prop_bufg_I_O)         0.091     1.179 r  System_Top_i/processing_system7_0/inst/buffer_fclk_clk_0.FCLK_CLK_0_BUFG/O
                         net (fo=6989, routed)        1.466     2.645    System_Top_i/smartconnect_0/inst/s00_nodes/s00_ar_node/inst/s_sc_xpm_cdc_async_rst_inst/dest_clk
    SLICE_X51Y93         FDCE                                         r  System_Top_i/smartconnect_0/inst/s00_nodes/s00_ar_node/inst/s_sc_xpm_cdc_async_rst_inst/arststages_ff_reg[0]/C

Slack:                    inf
  Source:                 System_Top_i/smartconnect_0/inst/clk_map/psr_aclk/U0/ACTIVE_LOW_BSR_OUT_DFF[0].FDRE_BSR_N/C
                            (rising edge-triggered cell FDRE clocked by clk_fpga_0  {rise@0.000ns fall@9.000ns period=18.000ns})
  Destination:            System_Top_i/smartconnect_0/inst/s00_nodes/s00_ar_node/inst/s_sc_xpm_cdc_async_rst_inst/arststages_ff_reg[1]/CLR
                            (recovery check against rising-edge clock clk_fpga_0  {rise@0.000ns fall@9.000ns period=18.000ns})
  Path Group:             (none)
  Path Type:              Recovery (Max at Slow Process Corner)
  Data Path Delay:        4.245ns  (logic 0.580ns (13.664%)  route 3.665ns (86.336%))
  Logic Levels:           1  (LUT1=1)
  Clock Path Skew:        -0.550ns (DCD - SCD + CPR)
    Destination Clock Delay (DCD):    2.645ns
    Source Clock Delay      (SCD):    3.195ns
    Clock Pessimism Removal (CPR):    0.000ns
  Clock Uncertainty:      0.272ns  ((TSJ^2 + TIJ^2)^1/2 + DJ) / 2 + PE
    Total System Jitter     (TSJ):    0.071ns
    Total Input Jitter      (TIJ):    0.540ns
    Discrete Jitter          (DJ):    0.000ns
    Phase Error              (PE):    0.000ns
  Timing Exception:       False Path

    Location             Delay type                Incr(ns)  Path(ns)    Netlist Resource(s)
  -------------------------------------------------------------------    -------------------
                         (clock clk_fpga_0 rise edge)
                                                      0.000     0.000 r  
    PS7_X0Y0             PS7                          0.000     0.000 r  System_Top_i/processing_system7_0/inst/PS7_i/FCLKCLK[0]
                         net (fo=1, routed)           1.193     1.193    System_Top_i/processing_system7_0/inst/FCLK_CLK_unbuffered[0]
    BUFGCTRL_X0Y16       BUFG (Prop_bufg_I_O)         0.101     1.294 r  System_Top_i/processing_system7_0/inst/buffer_fclk_clk_0.FCLK_CLK_0_BUFG/O
                         net (fo=6989, routed)        1.901     3.195    System_Top_i/smartconnect_0/inst/clk_map/psr_aclk/U0/aclk
    SLICE_X63Y114        FDRE                                         r  System_Top_i/smartconnect_0/inst/clk_map/psr_aclk/U0/ACTIVE_LOW_BSR_OUT_DFF[0].FDRE_BSR_N/C
  -------------------------------------------------------------------    -------------------
    SLICE_X63Y114        FDRE (Prop_fdre_C_Q)         0.456     3.651 r  System_Top_i/smartconnect_0/inst/clk_map/psr_aclk/U0/ACTIVE_LOW_BSR_OUT_DFF[0].FDRE_BSR_N/Q
                         net (fo=20, routed)          2.908     6.559    System_Top_i/smartconnect_0/inst/s00_nodes/s00_ar_node/inst/s_sc_xpm_cdc_async_rst_inst/src_arst
    SLICE_X51Y93         LUT1 (Prop_lut1_I0_O)        0.124     6.683 f  System_Top_i/smartconnect_0/inst/s00_nodes/s00_ar_node/inst/s_sc_xpm_cdc_async_rst_inst/arststages_ff[2]_i_1/O
                         net (fo=3, routed)           0.756     7.440    System_Top_i/smartconnect_0/inst/s00_nodes/s00_ar_node/inst/s_sc_xpm_cdc_async_rst_inst/reset_pol
    SLICE_X51Y93         FDCE                                         f  System_Top_i/smartconnect_0/inst/s00_nodes/s00_ar_node/inst/s_sc_xpm_cdc_async_rst_inst/arststages_ff_reg[1]/CLR
  -------------------------------------------------------------------    -------------------

                         (clock clk_fpga_0 rise edge)
                                                      0.000     0.000 r  
    PS7_X0Y0             PS7                          0.000     0.000 r  System_Top_i/processing_system7_0/inst/PS7_i/FCLKCLK[0]
                         net (fo=1, routed)           1.088     1.088    System_Top_i/processing_system7_0/inst/FCLK_CLK_unbuffered[0]
    BUFGCTRL_X0Y16       BUFG (Prop_bufg_I_O)         0.091     1.179 r  System_Top_i/processing_system7_0/inst/buffer_fclk_clk_0.FCLK_CLK_0_BUFG/O
                         net (fo=6989, routed)        1.466     2.645    System_Top_i/smartconnect_0/inst/s00_nodes/s00_ar_node/inst/s_sc_xpm_cdc_async_rst_inst/dest_clk
    SLICE_X51Y93         FDCE                                         r  System_Top_i/smartconnect_0/inst/s00_nodes/s00_ar_node/inst/s_sc_xpm_cdc_async_rst_inst/arststages_ff_reg[1]/C

Slack:                    inf
  Source:                 System_Top_i/smartconnect_0/inst/clk_map/psr_aclk/U0/ACTIVE_LOW_BSR_OUT_DFF[0].FDRE_BSR_N/C
                            (rising edge-triggered cell FDRE clocked by clk_fpga_0  {rise@0.000ns fall@9.000ns period=18.000ns})
  Destination:            System_Top_i/smartconnect_0/inst/s00_nodes/s00_ar_node/inst/s_sc_xpm_cdc_async_rst_inst/arststages_ff_reg[2]/CLR
                            (recovery check against rising-edge clock clk_fpga_0  {rise@0.000ns fall@9.000ns period=18.000ns})
  Path Group:             (none)
  Path Type:              Recovery (Max at Slow Process Corner)
  Data Path Delay:        4.245ns  (logic 0.580ns (13.664%)  route 3.665ns (86.336%))
  Logic Levels:           1  (LUT1=1)
  Clock Path Skew:        -0.550ns (DCD - SCD + CPR)
    Destination Clock Delay (DCD):    2.645ns
    Source Clock Delay      (SCD):    3.195ns
    Clock Pessimism Removal (CPR):    0.000ns
  Clock Uncertainty:      0.272ns  ((TSJ^2 + TIJ^2)^1/2 + DJ) / 2 + PE
    Total System Jitter     (TSJ):    0.071ns
    Total Input Jitter      (TIJ):    0.540ns
    Discrete Jitter          (DJ):    0.000ns
    Phase Error              (PE):    0.000ns
  Timing Exception:       False Path

    Location             Delay type                Incr(ns)  Path(ns)    Netlist Resource(s)
  -------------------------------------------------------------------    -------------------
                         (clock clk_fpga_0 rise edge)
                                                      0.000     0.000 r  
    PS7_X0Y0             PS7                          0.000     0.000 r  System_Top_i/processing_system7_0/inst/PS7_i/FCLKCLK[0]
                         net (fo=1, routed)           1.193     1.193    System_Top_i/processing_system7_0/inst/FCLK_CLK_unbuffered[0]
    BUFGCTRL_X0Y16       BUFG (Prop_bufg_I_O)         0.101     1.294 r  System_Top_i/processing_system7_0/inst/buffer_fclk_clk_0.FCLK_CLK_0_BUFG/O
                         net (fo=6989, routed)        1.901     3.195    System_Top_i/smartconnect_0/inst/clk_map/psr_aclk/U0/aclk
    SLICE_X63Y114        FDRE                                         r  System_Top_i/smartconnect_0/inst/clk_map/psr_aclk/U0/ACTIVE_LOW_BSR_OUT_DFF[0].FDRE_BSR_N/C
  -------------------------------------------------------------------    -------------------
    SLICE_X63Y114        FDRE (Prop_fdre_C_Q)         0.456     3.651 r  System_Top_i/smartconnect_0/inst/clk_map/psr_aclk/U0/ACTIVE_LOW_BSR_OUT_DFF[0].FDRE_BSR_N/Q
                         net (fo=20, routed)          2.908     6.559    System_Top_i/smartconnect_0/inst/s00_nodes/s00_ar_node/inst/s_sc_xpm_cdc_async_rst_inst/src_arst
    SLICE_X51Y93         LUT1 (Prop_lut1_I0_O)        0.124     6.683 f  System_Top_i/smartconnect_0/inst/s00_nodes/s00_ar_node/inst/s_sc_xpm_cdc_async_rst_inst/arststages_ff[2]_i_1/O
                         net (fo=3, routed)           0.756     7.440    System_Top_i/smartconnect_0/inst/s00_nodes/s00_ar_node/inst/s_sc_xpm_cdc_async_rst_inst/reset_pol
    SLICE_X51Y93         FDCE                                         f  System_Top_i/smartconnect_0/inst/s00_nodes/s00_ar_node/inst/s_sc_xpm_cdc_async_rst_inst/arststages_ff_reg[2]/CLR
  -------------------------------------------------------------------    -------------------

                         (clock clk_fpga_0 rise edge)
                                                      0.000     0.000 r  
    PS7_X0Y0             PS7                          0.000     0.000 r  System_Top_i/processing_system7_0/inst/PS7_i/FCLKCLK[0]
                         net (fo=1, routed)           1.088     1.088    System_Top_i/processing_system7_0/inst/FCLK_CLK_unbuffered[0]
    BUFGCTRL_X0Y16       BUFG (Prop_bufg_I_O)         0.091     1.179 r  System_Top_i/processing_system7_0/inst/buffer_fclk_clk_0.FCLK_CLK_0_BUFG/O
                         net (fo=6989, routed)        1.466     2.645    System_Top_i/smartconnect_0/inst/s00_nodes/s00_ar_node/inst/s_sc_xpm_cdc_async_rst_inst/dest_clk
    SLICE_X51Y93         FDCE                                         r  System_Top_i/smartconnect_0/inst/s00_nodes/s00_ar_node/inst/s_sc_xpm_cdc_async_rst_inst/arststages_ff_reg[2]/C

Slack:                    inf
  Source:                 System_Top_i/proc_sys_reset_0/U0/ACTIVE_LOW_PR_OUT_DFF[0].FDRE_PER_N/C
                            (rising edge-triggered cell FDRE clocked by clk_fpga_0  {rise@0.000ns fall@9.000ns period=18.000ns})
  Destination:            System_Top_i/smartconnect_0/inst/clk_map/psr_aclk/U0/EXT_LPF/ACTIVE_LOW_AUX.ACT_LO_AUX/syncstages_ff_reg[0]/D
                            (rising edge-triggered cell FDRE clocked by clk_fpga_0  {rise@0.000ns fall@9.000ns period=18.000ns})
  Path Group:             (none)
  Path Type:              Setup (Max at Slow Process Corner)
  Data Path Delay:        4.334ns  (logic 0.715ns (16.499%)  route 3.619ns (83.501%))
  Logic Levels:           1  (LUT1=1)
  Clock Path Skew:        -0.099ns (DCD - SCD + CPR)
    Destination Clock Delay (DCD):    2.890ns
    Source Clock Delay      (SCD):    2.989ns
    Clock Pessimism Removal (CPR):    0.000ns
  Clock Uncertainty:      0.272ns  ((TSJ^2 + TIJ^2)^1/2 + DJ) / 2 + PE
    Total System Jitter     (TSJ):    0.071ns
    Total Input Jitter      (TIJ):    0.540ns
    Discrete Jitter          (DJ):    0.000ns
    Phase Error              (PE):    0.000ns
  Timing Exception:       False Path

    Location             Delay type                Incr(ns)  Path(ns)    Netlist Resource(s)
  -------------------------------------------------------------------    -------------------
                         (clock clk_fpga_0 rise edge)
                                                      0.000     0.000 r  
    PS7_X0Y0             PS7                          0.000     0.000 r  System_Top_i/processing_system7_0/inst/PS7_i/FCLKCLK[0]
                         net (fo=1, routed)           1.193     1.193    System_Top_i/processing_system7_0/inst/FCLK_CLK_unbuffered[0]
    BUFGCTRL_X0Y16       BUFG (Prop_bufg_I_O)         0.101     1.294 r  System_Top_i/processing_system7_0/inst/buffer_fclk_clk_0.FCLK_CLK_0_BUFG/O
                         net (fo=6989, routed)        1.695     2.989    System_Top_i/proc_sys_reset_0/U0/slowest_sync_clk
    SLICE_X67Y75         FDRE                                         r  System_Top_i/proc_sys_reset_0/U0/ACTIVE_LOW_PR_OUT_DFF[0].FDRE_PER_N/C
  -------------------------------------------------------------------    -------------------
    SLICE_X67Y75         FDRE (Prop_fdre_C_Q)         0.419     3.408 f  System_Top_i/proc_sys_reset_0/U0/ACTIVE_LOW_PR_OUT_DFF[0].FDRE_PER_N/Q
                         net (fo=47, routed)          3.116     6.524    System_Top_i/smartconnect_0/inst/clk_map/psr_aclk/U0/EXT_LPF/aresetn
    SLICE_X66Y107        LUT1 (Prop_lut1_I0_O)        0.296     6.820 r  System_Top_i/smartconnect_0/inst/clk_map/psr_aclk/U0/EXT_LPF/ACTIVE_LOW_AUX.ACT_LO_AUX_i_1/O
                         net (fo=1, routed)           0.503     7.323    System_Top_i/smartconnect_0/inst/clk_map/psr_aclk/U0/EXT_LPF/ACTIVE_LOW_AUX.ACT_LO_AUX/src_in
    SLICE_X66Y112        FDRE                                         r  System_Top_i/smartconnect_0/inst/clk_map/psr_aclk/U0/EXT_LPF/ACTIVE_LOW_AUX.ACT_LO_AUX/syncstages_ff_reg[0]/D
  -------------------------------------------------------------------    -------------------

                         (clock clk_fpga_0 rise edge)
                                                      0.000     0.000 r  
    PS7_X0Y0             PS7                          0.000     0.000 r  System_Top_i/processing_system7_0/inst/PS7_i/FCLKCLK[0]
                         net (fo=1, routed)           1.088     1.088    System_Top_i/processing_system7_0/inst/FCLK_CLK_unbuffered[0]
    BUFGCTRL_X0Y16       BUFG (Prop_bufg_I_O)         0.091     1.179 r  System_Top_i/processing_system7_0/inst/buffer_fclk_clk_0.FCLK_CLK_0_BUFG/O
                         net (fo=6989, routed)        1.711     2.890    System_Top_i/smartconnect_0/inst/clk_map/psr_aclk/U0/EXT_LPF/ACTIVE_LOW_AUX.ACT_LO_AUX/dest_clk
    SLICE_X66Y112        FDRE                                         r  System_Top_i/smartconnect_0/inst/clk_map/psr_aclk/U0/EXT_LPF/ACTIVE_LOW_AUX.ACT_LO_AUX/syncstages_ff_reg[0]/C

Slack:                    inf
  Source:                 System_Top_i/smartconnect_0/inst/clk_map/psr_aclk/U0/ACTIVE_LOW_BSR_OUT_DFF[0].FDRE_BSR_N/C
                            (rising edge-triggered cell FDRE clocked by clk_fpga_0  {rise@0.000ns fall@9.000ns period=18.000ns})
  Destination:            System_Top_i/smartconnect_0/inst/m01_nodes/m01_ar_node/inst/s_sc_xpm_cdc_async_rst_inst/arststages_ff_reg[0]/CLR
                            (recovery check against rising-edge clock clk_fpga_0  {rise@0.000ns fall@9.000ns period=18.000ns})
  Path Group:             (none)
  Path Type:              Recovery (Max at Slow Process Corner)
  Data Path Delay:        4.021ns  (logic 0.580ns (14.425%)  route 3.441ns (85.575%))
  Logic Levels:           1  (LUT1=1)
  Clock Path Skew:        -0.489ns (DCD - SCD + CPR)
    Destination Clock Delay (DCD):    2.706ns
    Source Clock Delay      (SCD):    3.195ns
    Clock Pessimism Removal (CPR):    0.000ns
  Clock Uncertainty:      0.272ns  ((TSJ^2 + TIJ^2)^1/2 + DJ) / 2 + PE
    Total System Jitter     (TSJ):    0.071ns
    Total Input Jitter      (TIJ):    0.540ns
    Discrete Jitter          (DJ):    0.000ns
    Phase Error              (PE):    0.000ns
  Timing Exception:       False Path

    Location             Delay type                Incr(ns)  Path(ns)    Netlist Resource(s)
  -------------------------------------------------------------------    -------------------
                         (clock clk_fpga_0 rise edge)
                                                      0.000     0.000 r  
    PS7_X0Y0             PS7                          0.000     0.000 r  System_Top_i/processing_system7_0/inst/PS7_i/FCLKCLK[0]
                         net (fo=1, routed)           1.193     1.193    System_Top_i/processing_system7_0/inst/FCLK_CLK_unbuffered[0]
    BUFGCTRL_X0Y16       BUFG (Prop_bufg_I_O)         0.101     1.294 r  System_Top_i/processing_system7_0/inst/buffer_fclk_clk_0.FCLK_CLK_0_BUFG/O
                         net (fo=6989, routed)        1.901     3.195    System_Top_i/smartconnect_0/inst/clk_map/psr_aclk/U0/aclk
    SLICE_X63Y114        FDRE                                         r  System_Top_i/smartconnect_0/inst/clk_map/psr_aclk/U0/ACTIVE_LOW_BSR_OUT_DFF[0].FDRE_BSR_N/C
  -------------------------------------------------------------------    -------------------
    SLICE_X63Y114        FDRE (Prop_fdre_C_Q)         0.456     3.651 r  System_Top_i/smartconnect_0/inst/clk_map/psr_aclk/U0/ACTIVE_LOW_BSR_OUT_DFF[0].FDRE_BSR_N/Q
                         net (fo=20, routed)          2.913     6.564    System_Top_i/smartconnect_0/inst/m01_nodes/m01_ar_node/inst/s_sc_xpm_cdc_async_rst_inst/src_arst
    SLICE_X67Y77         LUT1 (Prop_lut1_I0_O)        0.124     6.688 f  System_Top_i/smartconnect_0/inst/m01_nodes/m01_ar_node/inst/s_sc_xpm_cdc_async_rst_inst/arststages_ff[2]_i_1/O
                         net (fo=3, routed)           0.528     7.216    System_Top_i/smartconnect_0/inst/m01_nodes/m01_ar_node/inst/s_sc_xpm_cdc_async_rst_inst/reset_pol
    SLICE_X67Y77         FDCE                                         f  System_Top_i/smartconnect_0/inst/m01_nodes/m01_ar_node/inst/s_sc_xpm_cdc_async_rst_inst/arststages_ff_reg[0]/CLR
  -------------------------------------------------------------------    -------------------

                         (clock clk_fpga_0 rise edge)
                                                      0.000     0.000 r  
    PS7_X0Y0             PS7                          0.000     0.000 r  System_Top_i/processing_system7_0/inst/PS7_i/FCLKCLK[0]
                         net (fo=1, routed)           1.088     1.088    System_Top_i/processing_system7_0/inst/FCLK_CLK_unbuffered[0]
    BUFGCTRL_X0Y16       BUFG (Prop_bufg_I_O)         0.091     1.179 r  System_Top_i/processing_system7_0/inst/buffer_fclk_clk_0.FCLK_CLK_0_BUFG/O
                         net (fo=6989, routed)        1.527     2.706    System_Top_i/smartconnect_0/inst/m01_nodes/m01_ar_node/inst/s_sc_xpm_cdc_async_rst_inst/dest_clk
    SLICE_X67Y77         FDCE                                         r  System_Top_i/smartconnect_0/inst/m01_nodes/m01_ar_node/inst/s_sc_xpm_cdc_async_rst_inst/arststages_ff_reg[0]/C

Slack:                    inf
  Source:                 System_Top_i/smartconnect_0/inst/clk_map/psr_aclk/U0/ACTIVE_LOW_BSR_OUT_DFF[0].FDRE_BSR_N/C
                            (rising edge-triggered cell FDRE clocked by clk_fpga_0  {rise@0.000ns fall@9.000ns period=18.000ns})
  Destination:            System_Top_i/smartconnect_0/inst/m01_nodes/m01_ar_node/inst/s_sc_xpm_cdc_async_rst_inst/arststages_ff_reg[1]/CLR
                            (recovery check against rising-edge clock clk_fpga_0  {rise@0.000ns fall@9.000ns period=18.000ns})
  Path Group:             (none)
  Path Type:              Recovery (Max at Slow Process Corner)
  Data Path Delay:        4.021ns  (logic 0.580ns (14.425%)  route 3.441ns (85.575%))
  Logic Levels:           1  (LUT1=1)
  Clock Path Skew:        -0.489ns (DCD - SCD + CPR)
    Destination Clock Delay (DCD):    2.706ns
    Source Clock Delay      (SCD):    3.195ns
    Clock Pessimism Removal (CPR):    0.000ns
  Clock Uncertainty:      0.272ns  ((TSJ^2 + TIJ^2)^1/2 + DJ) / 2 + PE
    Total System Jitter     (TSJ):    0.071ns
    Total Input Jitter      (TIJ):    0.540ns
    Discrete Jitter          (DJ):    0.000ns
    Phase Error              (PE):    0.000ns
  Timing Exception:       False Path

    Location             Delay type                Incr(ns)  Path(ns)    Netlist Resource(s)
  -------------------------------------------------------------------    -------------------
                         (clock clk_fpga_0 rise edge)
                                                      0.000     0.000 r  
    PS7_X0Y0             PS7                          0.000     0.000 r  System_Top_i/processing_system7_0/inst/PS7_i/FCLKCLK[0]
                         net (fo=1, routed)           1.193     1.193    System_Top_i/processing_system7_0/inst/FCLK_CLK_unbuffered[0]
    BUFGCTRL_X0Y16       BUFG (Prop_bufg_I_O)         0.101     1.294 r  System_Top_i/processing_system7_0/inst/buffer_fclk_clk_0.FCLK_CLK_0_BUFG/O
                         net (fo=6989, routed)        1.901     3.195    System_Top_i/smartconnect_0/inst/clk_map/psr_aclk/U0/aclk
    SLICE_X63Y114        FDRE                                         r  System_Top_i/smartconnect_0/inst/clk_map/psr_aclk/U0/ACTIVE_LOW_BSR_OUT_DFF[0].FDRE_BSR_N/C
  -------------------------------------------------------------------    -------------------
    SLICE_X63Y114        FDRE (Prop_fdre_C_Q)         0.456     3.651 r  System_Top_i/smartconnect_0/inst/clk_map/psr_aclk/U0/ACTIVE_LOW_BSR_OUT_DFF[0].FDRE_BSR_N/Q
                         net (fo=20, routed)          2.913     6.564    System_Top_i/smartconnect_0/inst/m01_nodes/m01_ar_node/inst/s_sc_xpm_cdc_async_rst_inst/src_arst
    SLICE_X67Y77         LUT1 (Prop_lut1_I0_O)        0.124     6.688 f  System_Top_i/smartconnect_0/inst/m01_nodes/m01_ar_node/inst/s_sc_xpm_cdc_async_rst_inst/arststages_ff[2]_i_1/O
                         net (fo=3, routed)           0.528     7.216    System_Top_i/smartconnect_0/inst/m01_nodes/m01_ar_node/inst/s_sc_xpm_cdc_async_rst_inst/reset_pol
    SLICE_X67Y77         FDCE                                         f  System_Top_i/smartconnect_0/inst/m01_nodes/m01_ar_node/inst/s_sc_xpm_cdc_async_rst_inst/arststages_ff_reg[1]/CLR
  -------------------------------------------------------------------    -------------------

                         (clock clk_fpga_0 rise edge)
                                                      0.000     0.000 r  
    PS7_X0Y0             PS7                          0.000     0.000 r  System_Top_i/processing_system7_0/inst/PS7_i/FCLKCLK[0]
                         net (fo=1, routed)           1.088     1.088    System_Top_i/processing_system7_0/inst/FCLK_CLK_unbuffered[0]
    BUFGCTRL_X0Y16       BUFG (Prop_bufg_I_O)         0.091     1.179 r  System_Top_i/processing_system7_0/inst/buffer_fclk_clk_0.FCLK_CLK_0_BUFG/O
                         net (fo=6989, routed)        1.527     2.706    System_Top_i/smartconnect_0/inst/m01_nodes/m01_ar_node/inst/s_sc_xpm_cdc_async_rst_inst/dest_clk
    SLICE_X67Y77         FDCE                                         r  System_Top_i/smartconnect_0/inst/m01_nodes/m01_ar_node/inst/s_sc_xpm_cdc_async_rst_inst/arststages_ff_reg[1]/C

Slack:                    inf
  Source:                 System_Top_i/smartconnect_0/inst/clk_map/psr_aclk/U0/ACTIVE_LOW_BSR_OUT_DFF[0].FDRE_BSR_N/C
                            (rising edge-triggered cell FDRE clocked by clk_fpga_0  {rise@0.000ns fall@9.000ns period=18.000ns})
  Destination:            System_Top_i/smartconnect_0/inst/m01_nodes/m01_ar_node/inst/s_sc_xpm_cdc_async_rst_inst/arststages_ff_reg[2]/CLR
                            (recovery check against rising-edge clock clk_fpga_0  {rise@0.000ns fall@9.000ns period=18.000ns})
  Path Group:             (none)
  Path Type:              Recovery (Max at Slow Process Corner)
  Data Path Delay:        4.021ns  (logic 0.580ns (14.425%)  route 3.441ns (85.575%))
  Logic Levels:           1  (LUT1=1)
  Clock Path Skew:        -0.489ns (DCD - SCD + CPR)
    Destination Clock Delay (DCD):    2.706ns
    Source Clock Delay      (SCD):    3.195ns
    Clock Pessimism Removal (CPR):    0.000ns
  Clock Uncertainty:      0.272ns  ((TSJ^2 + TIJ^2)^1/2 + DJ) / 2 + PE
    Total System Jitter     (TSJ):    0.071ns
    Total Input Jitter      (TIJ):    0.540ns
    Discrete Jitter          (DJ):    0.000ns
    Phase Error              (PE):    0.000ns
  Timing Exception:       False Path

    Location             Delay type                Incr(ns)  Path(ns)    Netlist Resource(s)
  -------------------------------------------------------------------    -------------------
                         (clock clk_fpga_0 rise edge)
                                                      0.000     0.000 r  
    PS7_X0Y0             PS7                          0.000     0.000 r  System_Top_i/processing_system7_0/inst/PS7_i/FCLKCLK[0]
                         net (fo=1, routed)           1.193     1.193    System_Top_i/processing_system7_0/inst/FCLK_CLK_unbuffered[0]
    BUFGCTRL_X0Y16       BUFG (Prop_bufg_I_O)         0.101     1.294 r  System_Top_i/processing_system7_0/inst/buffer_fclk_clk_0.FCLK_CLK_0_BUFG/O
                         net (fo=6989, routed)        1.901     3.195    System_Top_i/smartconnect_0/inst/clk_map/psr_aclk/U0/aclk
    SLICE_X63Y114        FDRE                                         r  System_Top_i/smartconnect_0/inst/clk_map/psr_aclk/U0/ACTIVE_LOW_BSR_OUT_DFF[0].FDRE_BSR_N/C
  -------------------------------------------------------------------    -------------------
    SLICE_X63Y114        FDRE (Prop_fdre_C_Q)         0.456     3.651 r  System_Top_i/smartconnect_0/inst/clk_map/psr_aclk/U0/ACTIVE_LOW_BSR_OUT_DFF[0].FDRE_BSR_N/Q
                         net (fo=20, routed)          2.913     6.564    System_Top_i/smartconnect_0/inst/m01_nodes/m01_ar_node/inst/s_sc_xpm_cdc_async_rst_inst/src_arst
    SLICE_X67Y77         LUT1 (Prop_lut1_I0_O)        0.124     6.688 f  System_Top_i/smartconnect_0/inst/m01_nodes/m01_ar_node/inst/s_sc_xpm_cdc_async_rst_inst/arststages_ff[2]_i_1/O
                         net (fo=3, routed)           0.528     7.216    System_Top_i/smartconnect_0/inst/m01_nodes/m01_ar_node/inst/s_sc_xpm_cdc_async_rst_inst/reset_pol
    SLICE_X67Y77         FDCE                                         f  System_Top_i/smartconnect_0/inst/m01_nodes/m01_ar_node/inst/s_sc_xpm_cdc_async_rst_inst/arststages_ff_reg[2]/CLR
  -------------------------------------------------------------------    -------------------

                         (clock clk_fpga_0 rise edge)
                                                      0.000     0.000 r  
    PS7_X0Y0             PS7                          0.000     0.000 r  System_Top_i/processing_system7_0/inst/PS7_i/FCLKCLK[0]
                         net (fo=1, routed)           1.088     1.088    System_Top_i/processing_system7_0/inst/FCLK_CLK_unbuffered[0]
    BUFGCTRL_X0Y16       BUFG (Prop_bufg_I_O)         0.091     1.179 r  System_Top_i/processing_system7_0/inst/buffer_fclk_clk_0.FCLK_CLK_0_BUFG/O
                         net (fo=6989, routed)        1.527     2.706    System_Top_i/smartconnect_0/inst/m01_nodes/m01_ar_node/inst/s_sc_xpm_cdc_async_rst_inst/dest_clk
    SLICE_X67Y77         FDCE                                         r  System_Top_i/smartconnect_0/inst/m01_nodes/m01_ar_node/inst/s_sc_xpm_cdc_async_rst_inst/arststages_ff_reg[2]/C

Slack:                    inf
  Source:                 System_Top_i/smartconnect_0/inst/clk_map/psr_aclk/U0/ACTIVE_LOW_BSR_OUT_DFF[0].FDRE_BSR_N/C
                            (rising edge-triggered cell FDRE clocked by clk_fpga_0  {rise@0.000ns fall@9.000ns period=18.000ns})
  Destination:            System_Top_i/smartconnect_0/inst/s00_entry_pipeline/s00_transaction_regulator/inst/xpm_cdc_async_rst_inst/arststages_ff_reg[0]/CLR
                            (recovery check against rising-edge clock clk_fpga_0  {rise@0.000ns fall@9.000ns period=18.000ns})
  Path Group:             (none)
  Path Type:              Recovery (Max at Slow Process Corner)
  Data Path Delay:        3.738ns  (logic 0.609ns (16.290%)  route 3.129ns (83.710%))
  Logic Levels:           1  (LUT1=1)
  Clock Path Skew:        -0.536ns (DCD - SCD + CPR)
    Destination Clock Delay (DCD):    2.659ns
    Source Clock Delay      (SCD):    3.195ns
    Clock Pessimism Removal (CPR):    0.000ns
  Clock Uncertainty:      0.272ns  ((TSJ^2 + TIJ^2)^1/2 + DJ) / 2 + PE
    Total System Jitter     (TSJ):    0.071ns
    Total Input Jitter      (TIJ):    0.540ns
    Discrete Jitter          (DJ):    0.000ns
    Phase Error              (PE):    0.000ns
  Timing Exception:       False Path

    Location             Delay type                Incr(ns)  Path(ns)    Netlist Resource(s)
  -------------------------------------------------------------------    -------------------
                         (clock clk_fpga_0 rise edge)
                                                      0.000     0.000 r  
    PS7_X0Y0             PS7                          0.000     0.000 r  System_Top_i/processing_system7_0/inst/PS7_i/FCLKCLK[0]
                         net (fo=1, routed)           1.193     1.193    System_Top_i/processing_system7_0/inst/FCLK_CLK_unbuffered[0]
    BUFGCTRL_X0Y16       BUFG (Prop_bufg_I_O)         0.101     1.294 r  System_Top_i/processing_system7_0/inst/buffer_fclk_clk_0.FCLK_CLK_0_BUFG/O
                         net (fo=6989, routed)        1.901     3.195    System_Top_i/smartconnect_0/inst/clk_map/psr_aclk/U0/aclk
    SLICE_X63Y114        FDRE                                         r  System_Top_i/smartconnect_0/inst/clk_map/psr_aclk/U0/ACTIVE_LOW_BSR_OUT_DFF[0].FDRE_BSR_N/C
  -------------------------------------------------------------------    -------------------
    SLICE_X63Y114        FDRE (Prop_fdre_C_Q)         0.456     3.651 r  System_Top_i/smartconnect_0/inst/clk_map/psr_aclk/U0/ACTIVE_LOW_BSR_OUT_DFF[0].FDRE_BSR_N/Q
                         net (fo=20, routed)          2.598     6.249    System_Top_i/smartconnect_0/inst/s00_entry_pipeline/s00_transaction_regulator/inst/xpm_cdc_async_rst_inst/src_arst
    SLICE_X38Y98         LUT1 (Prop_lut1_I0_O)        0.153     6.402 f  System_Top_i/smartconnect_0/inst/s00_entry_pipeline/s00_transaction_regulator/inst/xpm_cdc_async_rst_inst/arststages_ff[2]_i_1/O
                         net (fo=3, routed)           0.532     6.933    System_Top_i/smartconnect_0/inst/s00_entry_pipeline/s00_transaction_regulator/inst/xpm_cdc_async_rst_inst/reset_pol
    SLICE_X38Y98         FDCE                                         f  System_Top_i/smartconnect_0/inst/s00_entry_pipeline/s00_transaction_regulator/inst/xpm_cdc_async_rst_inst/arststages_ff_reg[0]/CLR
  -------------------------------------------------------------------    -------------------

                         (clock clk_fpga_0 rise edge)
                                                      0.000     0.000 r  
    PS7_X0Y0             PS7                          0.000     0.000 r  System_Top_i/processing_system7_0/inst/PS7_i/FCLKCLK[0]
                         net (fo=1, routed)           1.088     1.088    System_Top_i/processing_system7_0/inst/FCLK_CLK_unbuffered[0]
    BUFGCTRL_X0Y16       BUFG (Prop_bufg_I_O)         0.091     1.179 r  System_Top_i/processing_system7_0/inst/buffer_fclk_clk_0.FCLK_CLK_0_BUFG/O
                         net (fo=6989, routed)        1.480     2.659    System_Top_i/smartconnect_0/inst/s00_entry_pipeline/s00_transaction_regulator/inst/xpm_cdc_async_rst_inst/dest_clk
    SLICE_X38Y98         FDCE                                         r  System_Top_i/smartconnect_0/inst/s00_entry_pipeline/s00_transaction_regulator/inst/xpm_cdc_async_rst_inst/arststages_ff_reg[0]/C

Slack:                    inf
  Source:                 System_Top_i/smartconnect_0/inst/clk_map/psr_aclk/U0/ACTIVE_LOW_BSR_OUT_DFF[0].FDRE_BSR_N/C
                            (rising edge-triggered cell FDRE clocked by clk_fpga_0  {rise@0.000ns fall@9.000ns period=18.000ns})
  Destination:            System_Top_i/smartconnect_0/inst/s00_entry_pipeline/s00_transaction_regulator/inst/xpm_cdc_async_rst_inst/arststages_ff_reg[1]/CLR
                            (recovery check against rising-edge clock clk_fpga_0  {rise@0.000ns fall@9.000ns period=18.000ns})
  Path Group:             (none)
  Path Type:              Recovery (Max at Slow Process Corner)
  Data Path Delay:        3.738ns  (logic 0.609ns (16.290%)  route 3.129ns (83.710%))
  Logic Levels:           1  (LUT1=1)
  Clock Path Skew:        -0.536ns (DCD - SCD + CPR)
    Destination Clock Delay (DCD):    2.659ns
    Source Clock Delay      (SCD):    3.195ns
    Clock Pessimism Removal (CPR):    0.000ns
  Clock Uncertainty:      0.272ns  ((TSJ^2 + TIJ^2)^1/2 + DJ) / 2 + PE
    Total System Jitter     (TSJ):    0.071ns
    Total Input Jitter      (TIJ):    0.540ns
    Discrete Jitter          (DJ):    0.000ns
    Phase Error              (PE):    0.000ns
  Timing Exception:       False Path

    Location             Delay type                Incr(ns)  Path(ns)    Netlist Resource(s)
  -------------------------------------------------------------------    -------------------
                         (clock clk_fpga_0 rise edge)
                                                      0.000     0.000 r  
    PS7_X0Y0             PS7                          0.000     0.000 r  System_Top_i/processing_system7_0/inst/PS7_i/FCLKCLK[0]
                         net (fo=1, routed)           1.193     1.193    System_Top_i/processing_system7_0/inst/FCLK_CLK_unbuffered[0]
    BUFGCTRL_X0Y16       BUFG (Prop_bufg_I_O)         0.101     1.294 r  System_Top_i/processing_system7_0/inst/buffer_fclk_clk_0.FCLK_CLK_0_BUFG/O
                         net (fo=6989, routed)        1.901     3.195    System_Top_i/smartconnect_0/inst/clk_map/psr_aclk/U0/aclk
    SLICE_X63Y114        FDRE                                         r  System_Top_i/smartconnect_0/inst/clk_map/psr_aclk/U0/ACTIVE_LOW_BSR_OUT_DFF[0].FDRE_BSR_N/C
  -------------------------------------------------------------------    -------------------
    SLICE_X63Y114        FDRE (Prop_fdre_C_Q)         0.456     3.651 r  System_Top_i/smartconnect_0/inst/clk_map/psr_aclk/U0/ACTIVE_LOW_BSR_OUT_DFF[0].FDRE_BSR_N/Q
                         net (fo=20, routed)          2.598     6.249    System_Top_i/smartconnect_0/inst/s00_entry_pipeline/s00_transaction_regulator/inst/xpm_cdc_async_rst_inst/src_arst
    SLICE_X38Y98         LUT1 (Prop_lut1_I0_O)        0.153     6.402 f  System_Top_i/smartconnect_0/inst/s00_entry_pipeline/s00_transaction_regulator/inst/xpm_cdc_async_rst_inst/arststages_ff[2]_i_1/O
                         net (fo=3, routed)           0.532     6.933    System_Top_i/smartconnect_0/inst/s00_entry_pipeline/s00_transaction_regulator/inst/xpm_cdc_async_rst_inst/reset_pol
    SLICE_X38Y98         FDCE                                         f  System_Top_i/smartconnect_0/inst/s00_entry_pipeline/s00_transaction_regulator/inst/xpm_cdc_async_rst_inst/arststages_ff_reg[1]/CLR
  -------------------------------------------------------------------    -------------------

                         (clock clk_fpga_0 rise edge)
                                                      0.000     0.000 r  
    PS7_X0Y0             PS7                          0.000     0.000 r  System_Top_i/processing_system7_0/inst/PS7_i/FCLKCLK[0]
                         net (fo=1, routed)           1.088     1.088    System_Top_i/processing_system7_0/inst/FCLK_CLK_unbuffered[0]
    BUFGCTRL_X0Y16       BUFG (Prop_bufg_I_O)         0.091     1.179 r  System_Top_i/processing_system7_0/inst/buffer_fclk_clk_0.FCLK_CLK_0_BUFG/O
                         net (fo=6989, routed)        1.480     2.659    System_Top_i/smartconnect_0/inst/s00_entry_pipeline/s00_transaction_regulator/inst/xpm_cdc_async_rst_inst/dest_clk
    SLICE_X38Y98         FDCE                                         r  System_Top_i/smartconnect_0/inst/s00_entry_pipeline/s00_transaction_regulator/inst/xpm_cdc_async_rst_inst/arststages_ff_reg[1]/C

Slack:                    inf
  Source:                 System_Top_i/smartconnect_0/inst/clk_map/psr_aclk/U0/ACTIVE_LOW_BSR_OUT_DFF[0].FDRE_BSR_N/C
                            (rising edge-triggered cell FDRE clocked by clk_fpga_0  {rise@0.000ns fall@9.000ns period=18.000ns})
  Destination:            System_Top_i/smartconnect_0/inst/s00_entry_pipeline/s00_transaction_regulator/inst/xpm_cdc_async_rst_inst/arststages_ff_reg[2]/CLR
                            (recovery check against rising-edge clock clk_fpga_0  {rise@0.000ns fall@9.000ns period=18.000ns})
  Path Group:             (none)
  Path Type:              Recovery (Max at Slow Process Corner)
  Data Path Delay:        3.738ns  (logic 0.609ns (16.290%)  route 3.129ns (83.710%))
  Logic Levels:           1  (LUT1=1)
  Clock Path Skew:        -0.536ns (DCD - SCD + CPR)
    Destination Clock Delay (DCD):    2.659ns
    Source Clock Delay      (SCD):    3.195ns
    Clock Pessimism Removal (CPR):    0.000ns
  Clock Uncertainty:      0.272ns  ((TSJ^2 + TIJ^2)^1/2 + DJ) / 2 + PE
    Total System Jitter     (TSJ):    0.071ns
    Total Input Jitter      (TIJ):    0.540ns
    Discrete Jitter          (DJ):    0.000ns
    Phase Error              (PE):    0.000ns
  Timing Exception:       False Path

    Location             Delay type                Incr(ns)  Path(ns)    Netlist Resource(s)
  -------------------------------------------------------------------    -------------------
                         (clock clk_fpga_0 rise edge)
                                                      0.000     0.000 r  
    PS7_X0Y0             PS7                          0.000     0.000 r  System_Top_i/processing_system7_0/inst/PS7_i/FCLKCLK[0]
                         net (fo=1, routed)           1.193     1.193    System_Top_i/processing_system7_0/inst/FCLK_CLK_unbuffered[0]
    BUFGCTRL_X0Y16       BUFG (Prop_bufg_I_O)         0.101     1.294 r  System_Top_i/processing_system7_0/inst/buffer_fclk_clk_0.FCLK_CLK_0_BUFG/O
                         net (fo=6989, routed)        1.901     3.195    System_Top_i/smartconnect_0/inst/clk_map/psr_aclk/U0/aclk
    SLICE_X63Y114        FDRE                                         r  System_Top_i/smartconnect_0/inst/clk_map/psr_aclk/U0/ACTIVE_LOW_BSR_OUT_DFF[0].FDRE_BSR_N/C
  -------------------------------------------------------------------    -------------------
    SLICE_X63Y114        FDRE (Prop_fdre_C_Q)         0.456     3.651 r  System_Top_i/smartconnect_0/inst/clk_map/psr_aclk/U0/ACTIVE_LOW_BSR_OUT_DFF[0].FDRE_BSR_N/Q
                         net (fo=20, routed)          2.598     6.249    System_Top_i/smartconnect_0/inst/s00_entry_pipeline/s00_transaction_regulator/inst/xpm_cdc_async_rst_inst/src_arst
    SLICE_X38Y98         LUT1 (Prop_lut1_I0_O)        0.153     6.402 f  System_Top_i/smartconnect_0/inst/s00_entry_pipeline/s00_transaction_regulator/inst/xpm_cdc_async_rst_inst/arststages_ff[2]_i_1/O
                         net (fo=3, routed)           0.532     6.933    System_Top_i/smartconnect_0/inst/s00_entry_pipeline/s00_transaction_regulator/inst/xpm_cdc_async_rst_inst/reset_pol
    SLICE_X38Y98         FDCE                                         f  System_Top_i/smartconnect_0/inst/s00_entry_pipeline/s00_transaction_regulator/inst/xpm_cdc_async_rst_inst/arststages_ff_reg[2]/CLR
  -------------------------------------------------------------------    -------------------

                         (clock clk_fpga_0 rise edge)
                                                      0.000     0.000 r  
    PS7_X0Y0             PS7                          0.000     0.000 r  System_Top_i/processing_system7_0/inst/PS7_i/FCLKCLK[0]
                         net (fo=1, routed)           1.088     1.088    System_Top_i/processing_system7_0/inst/FCLK_CLK_unbuffered[0]
    BUFGCTRL_X0Y16       BUFG (Prop_bufg_I_O)         0.091     1.179 r  System_Top_i/processing_system7_0/inst/buffer_fclk_clk_0.FCLK_CLK_0_BUFG/O
                         net (fo=6989, routed)        1.480     2.659    System_Top_i/smartconnect_0/inst/s00_entry_pipeline/s00_transaction_regulator/inst/xpm_cdc_async_rst_inst/dest_clk
    SLICE_X38Y98         FDCE                                         r  System_Top_i/smartconnect_0/inst/s00_entry_pipeline/s00_transaction_regulator/inst/xpm_cdc_async_rst_inst/arststages_ff_reg[2]/C





Min Delay Paths
--------------------------------------------------------------------------------------
Slack:                    inf
  Source:                 System_Top_i/smartconnect_0/inst/clk_map/psr_aclk/U0/ACTIVE_LOW_BSR_OUT_DFF[0].FDRE_BSR_N/C
                            (rising edge-triggered cell FDRE clocked by clk_fpga_0  {rise@0.000ns fall@9.000ns period=18.000ns})
  Destination:            System_Top_i/smartconnect_0/inst/m00_exit_pipeline/m00_exit/inst/xpm_cdc_async_rst_inst/arststages_ff_reg[0]/CLR
                            (removal check against rising-edge clock clk_fpga_0  {rise@0.000ns fall@9.000ns period=18.000ns})
  Path Group:             (none)
  Path Type:              Removal (Min at Fast Process Corner)
  Data Path Delay:        0.649ns  (logic 0.183ns (28.187%)  route 0.466ns (71.813%))
  Logic Levels:           1  (LUT1=1)
  Clock Path Skew:        0.305ns (DCD - SCD - CPR)
    Destination Clock Delay (DCD):    1.298ns
    Source Clock Delay      (SCD):    0.993ns
    Clock Pessimism Removal (CPR):    -0.000ns
  Clock Uncertainty:      0.272ns  ((TSJ^2 + TIJ^2)^1/2 + DJ) / 2 + PE
    Total System Jitter     (TSJ):    0.071ns
    Total Input Jitter      (TIJ):    0.540ns
    Discrete Jitter          (DJ):    0.000ns
    Phase Error              (PE):    0.000ns
  Timing Exception:       False Path

    Location             Delay type                Incr(ns)  Path(ns)    Netlist Resource(s)
  -------------------------------------------------------------------    -------------------
                         (clock clk_fpga_0 rise edge)
                                                      0.000     0.000 r  
    PS7_X0Y0             PS7                          0.000     0.000 r  System_Top_i/processing_system7_0/inst/PS7_i/FCLKCLK[0]
                         net (fo=1, routed)           0.310     0.310    System_Top_i/processing_system7_0/inst/FCLK_CLK_unbuffered[0]
    BUFGCTRL_X0Y16       BUFG (Prop_bufg_I_O)         0.026     0.336 r  System_Top_i/processing_system7_0/inst/buffer_fclk_clk_0.FCLK_CLK_0_BUFG/O
                         net (fo=6989, routed)        0.657     0.993    System_Top_i/smartconnect_0/inst/clk_map/psr_aclk/U0/aclk
    SLICE_X63Y114        FDRE                                         r  System_Top_i/smartconnect_0/inst/clk_map/psr_aclk/U0/ACTIVE_LOW_BSR_OUT_DFF[0].FDRE_BSR_N/C
  -------------------------------------------------------------------    -------------------
    SLICE_X63Y114        FDRE (Prop_fdre_C_Q)         0.141     1.134 r  System_Top_i/smartconnect_0/inst/clk_map/psr_aclk/U0/ACTIVE_LOW_BSR_OUT_DFF[0].FDRE_BSR_N/Q
                         net (fo=20, routed)          0.284     1.418    System_Top_i/smartconnect_0/inst/m00_exit_pipeline/m00_exit/inst/xpm_cdc_async_rst_inst/src_arst
    SLICE_X61Y112        LUT1 (Prop_lut1_I0_O)        0.042     1.460 f  System_Top_i/smartconnect_0/inst/m00_exit_pipeline/m00_exit/inst/xpm_cdc_async_rst_inst/arststages_ff[2]_i_1/O
                         net (fo=3, routed)           0.183     1.642    System_Top_i/smartconnect_0/inst/m00_exit_pipeline/m00_exit/inst/xpm_cdc_async_rst_inst/reset_pol
    SLICE_X61Y111        FDCE                                         f  System_Top_i/smartconnect_0/inst/m00_exit_pipeline/m00_exit/inst/xpm_cdc_async_rst_inst/arststages_ff_reg[0]/CLR
  -------------------------------------------------------------------    -------------------

                         (clock clk_fpga_0 rise edge)
                                                      0.000     0.000 r  
    PS7_X0Y0             PS7                          0.000     0.000 r  System_Top_i/processing_system7_0/inst/PS7_i/FCLKCLK[0]
                         net (fo=1, routed)           0.337     0.337    System_Top_i/processing_system7_0/inst/FCLK_CLK_unbuffered[0]
    BUFGCTRL_X0Y16       BUFG (Prop_bufg_I_O)         0.029     0.366 r  System_Top_i/processing_system7_0/inst/buffer_fclk_clk_0.FCLK_CLK_0_BUFG/O
                         net (fo=6989, routed)        0.932     1.298    System_Top_i/smartconnect_0/inst/m00_exit_pipeline/m00_exit/inst/xpm_cdc_async_rst_inst/dest_clk
    SLICE_X61Y111        FDCE                                         r  System_Top_i/smartconnect_0/inst/m00_exit_pipeline/m00_exit/inst/xpm_cdc_async_rst_inst/arststages_ff_reg[0]/C

Slack:                    inf
  Source:                 System_Top_i/smartconnect_0/inst/clk_map/psr_aclk/U0/ACTIVE_LOW_BSR_OUT_DFF[0].FDRE_BSR_N/C
                            (rising edge-triggered cell FDRE clocked by clk_fpga_0  {rise@0.000ns fall@9.000ns period=18.000ns})
  Destination:            System_Top_i/smartconnect_0/inst/m00_exit_pipeline/m00_exit/inst/xpm_cdc_async_rst_inst/arststages_ff_reg[1]/CLR
                            (removal check against rising-edge clock clk_fpga_0  {rise@0.000ns fall@9.000ns period=18.000ns})
  Path Group:             (none)
  Path Type:              Removal (Min at Fast Process Corner)
  Data Path Delay:        0.649ns  (logic 0.183ns (28.187%)  route 0.466ns (71.813%))
  Logic Levels:           1  (LUT1=1)
  Clock Path Skew:        0.305ns (DCD - SCD - CPR)
    Destination Clock Delay (DCD):    1.298ns
    Source Clock Delay      (SCD):    0.993ns
    Clock Pessimism Removal (CPR):    -0.000ns
  Clock Uncertainty:      0.272ns  ((TSJ^2 + TIJ^2)^1/2 + DJ) / 2 + PE
    Total System Jitter     (TSJ):    0.071ns
    Total Input Jitter      (TIJ):    0.540ns
    Discrete Jitter          (DJ):    0.000ns
    Phase Error              (PE):    0.000ns
  Timing Exception:       False Path

    Location             Delay type                Incr(ns)  Path(ns)    Netlist Resource(s)
  -------------------------------------------------------------------    -------------------
                         (clock clk_fpga_0 rise edge)
                                                      0.000     0.000 r  
    PS7_X0Y0             PS7                          0.000     0.000 r  System_Top_i/processing_system7_0/inst/PS7_i/FCLKCLK[0]
                         net (fo=1, routed)           0.310     0.310    System_Top_i/processing_system7_0/inst/FCLK_CLK_unbuffered[0]
    BUFGCTRL_X0Y16       BUFG (Prop_bufg_I_O)         0.026     0.336 r  System_Top_i/processing_system7_0/inst/buffer_fclk_clk_0.FCLK_CLK_0_BUFG/O
                         net (fo=6989, routed)        0.657     0.993    System_Top_i/smartconnect_0/inst/clk_map/psr_aclk/U0/aclk
    SLICE_X63Y114        FDRE                                         r  System_Top_i/smartconnect_0/inst/clk_map/psr_aclk/U0/ACTIVE_LOW_BSR_OUT_DFF[0].FDRE_BSR_N/C
  -------------------------------------------------------------------    -------------------
    SLICE_X63Y114        FDRE (Prop_fdre_C_Q)         0.141     1.134 r  System_Top_i/smartconnect_0/inst/clk_map/psr_aclk/U0/ACTIVE_LOW_BSR_OUT_DFF[0].FDRE_BSR_N/Q
                         net (fo=20, routed)          0.284     1.418    System_Top_i/smartconnect_0/inst/m00_exit_pipeline/m00_exit/inst/xpm_cdc_async_rst_inst/src_arst
    SLICE_X61Y112        LUT1 (Prop_lut1_I0_O)        0.042     1.460 f  System_Top_i/smartconnect_0/inst/m00_exit_pipeline/m00_exit/inst/xpm_cdc_async_rst_inst/arststages_ff[2]_i_1/O
                         net (fo=3, routed)           0.183     1.642    System_Top_i/smartconnect_0/inst/m00_exit_pipeline/m00_exit/inst/xpm_cdc_async_rst_inst/reset_pol
    SLICE_X61Y111        FDCE                                         f  System_Top_i/smartconnect_0/inst/m00_exit_pipeline/m00_exit/inst/xpm_cdc_async_rst_inst/arststages_ff_reg[1]/CLR
  -------------------------------------------------------------------    -------------------

                         (clock clk_fpga_0 rise edge)
                                                      0.000     0.000 r  
    PS7_X0Y0             PS7                          0.000     0.000 r  System_Top_i/processing_system7_0/inst/PS7_i/FCLKCLK[0]
                         net (fo=1, routed)           0.337     0.337    System_Top_i/processing_system7_0/inst/FCLK_CLK_unbuffered[0]
    BUFGCTRL_X0Y16       BUFG (Prop_bufg_I_O)         0.029     0.366 r  System_Top_i/processing_system7_0/inst/buffer_fclk_clk_0.FCLK_CLK_0_BUFG/O
                         net (fo=6989, routed)        0.932     1.298    System_Top_i/smartconnect_0/inst/m00_exit_pipeline/m00_exit/inst/xpm_cdc_async_rst_inst/dest_clk
    SLICE_X61Y111        FDCE                                         r  System_Top_i/smartconnect_0/inst/m00_exit_pipeline/m00_exit/inst/xpm_cdc_async_rst_inst/arststages_ff_reg[1]/C

Slack:                    inf
  Source:                 System_Top_i/smartconnect_0/inst/clk_map/psr_aclk/U0/ACTIVE_LOW_BSR_OUT_DFF[0].FDRE_BSR_N/C
                            (rising edge-triggered cell FDRE clocked by clk_fpga_0  {rise@0.000ns fall@9.000ns period=18.000ns})
  Destination:            System_Top_i/smartconnect_0/inst/m00_exit_pipeline/m00_exit/inst/xpm_cdc_async_rst_inst/arststages_ff_reg[2]/CLR
                            (removal check against rising-edge clock clk_fpga_0  {rise@0.000ns fall@9.000ns period=18.000ns})
  Path Group:             (none)
  Path Type:              Removal (Min at Fast Process Corner)
  Data Path Delay:        0.649ns  (logic 0.183ns (28.187%)  route 0.466ns (71.813%))
  Logic Levels:           1  (LUT1=1)
  Clock Path Skew:        0.305ns (DCD - SCD - CPR)
    Destination Clock Delay (DCD):    1.298ns
    Source Clock Delay      (SCD):    0.993ns
    Clock Pessimism Removal (CPR):    -0.000ns
  Clock Uncertainty:      0.272ns  ((TSJ^2 + TIJ^2)^1/2 + DJ) / 2 + PE
    Total System Jitter     (TSJ):    0.071ns
    Total Input Jitter      (TIJ):    0.540ns
    Discrete Jitter          (DJ):    0.000ns
    Phase Error              (PE):    0.000ns
  Timing Exception:       False Path

    Location             Delay type                Incr(ns)  Path(ns)    Netlist Resource(s)
  -------------------------------------------------------------------    -------------------
                         (clock clk_fpga_0 rise edge)
                                                      0.000     0.000 r  
    PS7_X0Y0             PS7                          0.000     0.000 r  System_Top_i/processing_system7_0/inst/PS7_i/FCLKCLK[0]
                         net (fo=1, routed)           0.310     0.310    System_Top_i/processing_system7_0/inst/FCLK_CLK_unbuffered[0]
    BUFGCTRL_X0Y16       BUFG (Prop_bufg_I_O)         0.026     0.336 r  System_Top_i/processing_system7_0/inst/buffer_fclk_clk_0.FCLK_CLK_0_BUFG/O
                         net (fo=6989, routed)        0.657     0.993    System_Top_i/smartconnect_0/inst/clk_map/psr_aclk/U0/aclk
    SLICE_X63Y114        FDRE                                         r  System_Top_i/smartconnect_0/inst/clk_map/psr_aclk/U0/ACTIVE_LOW_BSR_OUT_DFF[0].FDRE_BSR_N/C
  -------------------------------------------------------------------    -------------------
    SLICE_X63Y114        FDRE (Prop_fdre_C_Q)         0.141     1.134 r  System_Top_i/smartconnect_0/inst/clk_map/psr_aclk/U0/ACTIVE_LOW_BSR_OUT_DFF[0].FDRE_BSR_N/Q
                         net (fo=20, routed)          0.284     1.418    System_Top_i/smartconnect_0/inst/m00_exit_pipeline/m00_exit/inst/xpm_cdc_async_rst_inst/src_arst
    SLICE_X61Y112        LUT1 (Prop_lut1_I0_O)        0.042     1.460 f  System_Top_i/smartconnect_0/inst/m00_exit_pipeline/m00_exit/inst/xpm_cdc_async_rst_inst/arststages_ff[2]_i_1/O
                         net (fo=3, routed)           0.183     1.642    System_Top_i/smartconnect_0/inst/m00_exit_pipeline/m00_exit/inst/xpm_cdc_async_rst_inst/reset_pol
    SLICE_X61Y111        FDCE                                         f  System_Top_i/smartconnect_0/inst/m00_exit_pipeline/m00_exit/inst/xpm_cdc_async_rst_inst/arststages_ff_reg[2]/CLR
  -------------------------------------------------------------------    -------------------

                         (clock clk_fpga_0 rise edge)
                                                      0.000     0.000 r  
    PS7_X0Y0             PS7                          0.000     0.000 r  System_Top_i/processing_system7_0/inst/PS7_i/FCLKCLK[0]
                         net (fo=1, routed)           0.337     0.337    System_Top_i/processing_system7_0/inst/FCLK_CLK_unbuffered[0]
    BUFGCTRL_X0Y16       BUFG (Prop_bufg_I_O)         0.029     0.366 r  System_Top_i/processing_system7_0/inst/buffer_fclk_clk_0.FCLK_CLK_0_BUFG/O
                         net (fo=6989, routed)        0.932     1.298    System_Top_i/smartconnect_0/inst/m00_exit_pipeline/m00_exit/inst/xpm_cdc_async_rst_inst/dest_clk
    SLICE_X61Y111        FDCE                                         r  System_Top_i/smartconnect_0/inst/m00_exit_pipeline/m00_exit/inst/xpm_cdc_async_rst_inst/arststages_ff_reg[2]/C

Slack:                    inf
  Source:                 System_Top_i/smartconnect_0/inst/clk_map/psr_aclk/U0/ACTIVE_LOW_BSR_OUT_DFF[0].FDRE_BSR_N/C
                            (rising edge-triggered cell FDRE clocked by clk_fpga_0  {rise@0.000ns fall@9.000ns period=18.000ns})
  Destination:            System_Top_i/smartconnect_0/inst/m01_nodes/m01_b_node/inst/s_sc_xpm_cdc_async_rst_inst/arststages_ff_reg[0]/CLR
                            (removal check against rising-edge clock clk_fpga_0  {rise@0.000ns fall@9.000ns period=18.000ns})
  Path Group:             (none)
  Path Type:              Removal (Min at Fast Process Corner)
  Data Path Delay:        0.684ns  (logic 0.186ns (27.192%)  route 0.498ns (72.808%))
  Logic Levels:           1  (LUT1=1)
  Clock Path Skew:        0.298ns (DCD - SCD - CPR)
    Destination Clock Delay (DCD):    1.291ns
    Source Clock Delay      (SCD):    0.993ns
    Clock Pessimism Removal (CPR):    -0.000ns
  Clock Uncertainty:      0.272ns  ((TSJ^2 + TIJ^2)^1/2 + DJ) / 2 + PE
    Total System Jitter     (TSJ):    0.071ns
    Total Input Jitter      (TIJ):    0.540ns
    Discrete Jitter          (DJ):    0.000ns
    Phase Error              (PE):    0.000ns
  Timing Exception:       False Path

    Location             Delay type                Incr(ns)  Path(ns)    Netlist Resource(s)
  -------------------------------------------------------------------    -------------------
                         (clock clk_fpga_0 rise edge)
                                                      0.000     0.000 r  
    PS7_X0Y0             PS7                          0.000     0.000 r  System_Top_i/processing_system7_0/inst/PS7_i/FCLKCLK[0]
                         net (fo=1, routed)           0.310     0.310    System_Top_i/processing_system7_0/inst/FCLK_CLK_unbuffered[0]
    BUFGCTRL_X0Y16       BUFG (Prop_bufg_I_O)         0.026     0.336 r  System_Top_i/processing_system7_0/inst/buffer_fclk_clk_0.FCLK_CLK_0_BUFG/O
                         net (fo=6989, routed)        0.657     0.993    System_Top_i/smartconnect_0/inst/clk_map/psr_aclk/U0/aclk
    SLICE_X63Y114        FDRE                                         r  System_Top_i/smartconnect_0/inst/clk_map/psr_aclk/U0/ACTIVE_LOW_BSR_OUT_DFF[0].FDRE_BSR_N/C
  -------------------------------------------------------------------    -------------------
    SLICE_X63Y114        FDRE (Prop_fdre_C_Q)         0.141     1.134 r  System_Top_i/smartconnect_0/inst/clk_map/psr_aclk/U0/ACTIVE_LOW_BSR_OUT_DFF[0].FDRE_BSR_N/Q
                         net (fo=20, routed)          0.382     1.516    System_Top_i/smartconnect_0/inst/m01_nodes/m01_b_node/inst/s_sc_xpm_cdc_async_rst_inst/src_arst
    SLICE_X59Y116        LUT1 (Prop_lut1_I0_O)        0.045     1.561 f  System_Top_i/smartconnect_0/inst/m01_nodes/m01_b_node/inst/s_sc_xpm_cdc_async_rst_inst/arststages_ff[2]_i_1/O
                         net (fo=3, routed)           0.116     1.677    System_Top_i/smartconnect_0/inst/m01_nodes/m01_b_node/inst/s_sc_xpm_cdc_async_rst_inst/reset_pol
    SLICE_X59Y117        FDCE                                         f  System_Top_i/smartconnect_0/inst/m01_nodes/m01_b_node/inst/s_sc_xpm_cdc_async_rst_inst/arststages_ff_reg[0]/CLR
  -------------------------------------------------------------------    -------------------

                         (clock clk_fpga_0 rise edge)
                                                      0.000     0.000 r  
    PS7_X0Y0             PS7                          0.000     0.000 r  System_Top_i/processing_system7_0/inst/PS7_i/FCLKCLK[0]
                         net (fo=1, routed)           0.337     0.337    System_Top_i/processing_system7_0/inst/FCLK_CLK_unbuffered[0]
    BUFGCTRL_X0Y16       BUFG (Prop_bufg_I_O)         0.029     0.366 r  System_Top_i/processing_system7_0/inst/buffer_fclk_clk_0.FCLK_CLK_0_BUFG/O
                         net (fo=6989, routed)        0.925     1.291    System_Top_i/smartconnect_0/inst/m01_nodes/m01_b_node/inst/s_sc_xpm_cdc_async_rst_inst/dest_clk
    SLICE_X59Y117        FDCE                                         r  System_Top_i/smartconnect_0/inst/m01_nodes/m01_b_node/inst/s_sc_xpm_cdc_async_rst_inst/arststages_ff_reg[0]/C

Slack:                    inf
  Source:                 System_Top_i/smartconnect_0/inst/clk_map/psr_aclk/U0/ACTIVE_LOW_BSR_OUT_DFF[0].FDRE_BSR_N/C
                            (rising edge-triggered cell FDRE clocked by clk_fpga_0  {rise@0.000ns fall@9.000ns period=18.000ns})
  Destination:            System_Top_i/smartconnect_0/inst/m01_nodes/m01_b_node/inst/s_sc_xpm_cdc_async_rst_inst/arststages_ff_reg[1]/CLR
                            (removal check against rising-edge clock clk_fpga_0  {rise@0.000ns fall@9.000ns period=18.000ns})
  Path Group:             (none)
  Path Type:              Removal (Min at Fast Process Corner)
  Data Path Delay:        0.684ns  (logic 0.186ns (27.192%)  route 0.498ns (72.808%))
  Logic Levels:           1  (LUT1=1)
  Clock Path Skew:        0.298ns (DCD - SCD - CPR)
    Destination Clock Delay (DCD):    1.291ns
    Source Clock Delay      (SCD):    0.993ns
    Clock Pessimism Removal (CPR):    -0.000ns
  Clock Uncertainty:      0.272ns  ((TSJ^2 + TIJ^2)^1/2 + DJ) / 2 + PE
    Total System Jitter     (TSJ):    0.071ns
    Total Input Jitter      (TIJ):    0.540ns
    Discrete Jitter          (DJ):    0.000ns
    Phase Error              (PE):    0.000ns
  Timing Exception:       False Path

    Location             Delay type                Incr(ns)  Path(ns)    Netlist Resource(s)
  -------------------------------------------------------------------    -------------------
                         (clock clk_fpga_0 rise edge)
                                                      0.000     0.000 r  
    PS7_X0Y0             PS7                          0.000     0.000 r  System_Top_i/processing_system7_0/inst/PS7_i/FCLKCLK[0]
                         net (fo=1, routed)           0.310     0.310    System_Top_i/processing_system7_0/inst/FCLK_CLK_unbuffered[0]
    BUFGCTRL_X0Y16       BUFG (Prop_bufg_I_O)         0.026     0.336 r  System_Top_i/processing_system7_0/inst/buffer_fclk_clk_0.FCLK_CLK_0_BUFG/O
                         net (fo=6989, routed)        0.657     0.993    System_Top_i/smartconnect_0/inst/clk_map/psr_aclk/U0/aclk
    SLICE_X63Y114        FDRE                                         r  System_Top_i/smartconnect_0/inst/clk_map/psr_aclk/U0/ACTIVE_LOW_BSR_OUT_DFF[0].FDRE_BSR_N/C
  -------------------------------------------------------------------    -------------------
    SLICE_X63Y114        FDRE (Prop_fdre_C_Q)         0.141     1.134 r  System_Top_i/smartconnect_0/inst/clk_map/psr_aclk/U0/ACTIVE_LOW_BSR_OUT_DFF[0].FDRE_BSR_N/Q
                         net (fo=20, routed)          0.382     1.516    System_Top_i/smartconnect_0/inst/m01_nodes/m01_b_node/inst/s_sc_xpm_cdc_async_rst_inst/src_arst
    SLICE_X59Y116        LUT1 (Prop_lut1_I0_O)        0.045     1.561 f  System_Top_i/smartconnect_0/inst/m01_nodes/m01_b_node/inst/s_sc_xpm_cdc_async_rst_inst/arststages_ff[2]_i_1/O
                         net (fo=3, routed)           0.116     1.677    System_Top_i/smartconnect_0/inst/m01_nodes/m01_b_node/inst/s_sc_xpm_cdc_async_rst_inst/reset_pol
    SLICE_X59Y117        FDCE                                         f  System_Top_i/smartconnect_0/inst/m01_nodes/m01_b_node/inst/s_sc_xpm_cdc_async_rst_inst/arststages_ff_reg[1]/CLR
  -------------------------------------------------------------------    -------------------

                         (clock clk_fpga_0 rise edge)
                                                      0.000     0.000 r  
    PS7_X0Y0             PS7                          0.000     0.000 r  System_Top_i/processing_system7_0/inst/PS7_i/FCLKCLK[0]
                         net (fo=1, routed)           0.337     0.337    System_Top_i/processing_system7_0/inst/FCLK_CLK_unbuffered[0]
    BUFGCTRL_X0Y16       BUFG (Prop_bufg_I_O)         0.029     0.366 r  System_Top_i/processing_system7_0/inst/buffer_fclk_clk_0.FCLK_CLK_0_BUFG/O
                         net (fo=6989, routed)        0.925     1.291    System_Top_i/smartconnect_0/inst/m01_nodes/m01_b_node/inst/s_sc_xpm_cdc_async_rst_inst/dest_clk
    SLICE_X59Y117        FDCE                                         r  System_Top_i/smartconnect_0/inst/m01_nodes/m01_b_node/inst/s_sc_xpm_cdc_async_rst_inst/arststages_ff_reg[1]/C

Slack:                    inf
  Source:                 System_Top_i/smartconnect_0/inst/clk_map/psr_aclk/U0/ACTIVE_LOW_BSR_OUT_DFF[0].FDRE_BSR_N/C
                            (rising edge-triggered cell FDRE clocked by clk_fpga_0  {rise@0.000ns fall@9.000ns period=18.000ns})
  Destination:            System_Top_i/smartconnect_0/inst/m01_nodes/m01_b_node/inst/s_sc_xpm_cdc_async_rst_inst/arststages_ff_reg[2]/CLR
                            (removal check against rising-edge clock clk_fpga_0  {rise@0.000ns fall@9.000ns period=18.000ns})
  Path Group:             (none)
  Path Type:              Removal (Min at Fast Process Corner)
  Data Path Delay:        0.684ns  (logic 0.186ns (27.192%)  route 0.498ns (72.808%))
  Logic Levels:           1  (LUT1=1)
  Clock Path Skew:        0.298ns (DCD - SCD - CPR)
    Destination Clock Delay (DCD):    1.291ns
    Source Clock Delay      (SCD):    0.993ns
    Clock Pessimism Removal (CPR):    -0.000ns
  Clock Uncertainty:      0.272ns  ((TSJ^2 + TIJ^2)^1/2 + DJ) / 2 + PE
    Total System Jitter     (TSJ):    0.071ns
    Total Input Jitter      (TIJ):    0.540ns
    Discrete Jitter          (DJ):    0.000ns
    Phase Error              (PE):    0.000ns
  Timing Exception:       False Path

    Location             Delay type                Incr(ns)  Path(ns)    Netlist Resource(s)
  -------------------------------------------------------------------    -------------------
                         (clock clk_fpga_0 rise edge)
                                                      0.000     0.000 r  
    PS7_X0Y0             PS7                          0.000     0.000 r  System_Top_i/processing_system7_0/inst/PS7_i/FCLKCLK[0]
                         net (fo=1, routed)           0.310     0.310    System_Top_i/processing_system7_0/inst/FCLK_CLK_unbuffered[0]
    BUFGCTRL_X0Y16       BUFG (Prop_bufg_I_O)         0.026     0.336 r  System_Top_i/processing_system7_0/inst/buffer_fclk_clk_0.FCLK_CLK_0_BUFG/O
                         net (fo=6989, routed)        0.657     0.993    System_Top_i/smartconnect_0/inst/clk_map/psr_aclk/U0/aclk
    SLICE_X63Y114        FDRE                                         r  System_Top_i/smartconnect_0/inst/clk_map/psr_aclk/U0/ACTIVE_LOW_BSR_OUT_DFF[0].FDRE_BSR_N/C
  -------------------------------------------------------------------    -------------------
    SLICE_X63Y114        FDRE (Prop_fdre_C_Q)         0.141     1.134 r  System_Top_i/smartconnect_0/inst/clk_map/psr_aclk/U0/ACTIVE_LOW_BSR_OUT_DFF[0].FDRE_BSR_N/Q
                         net (fo=20, routed)          0.382     1.516    System_Top_i/smartconnect_0/inst/m01_nodes/m01_b_node/inst/s_sc_xpm_cdc_async_rst_inst/src_arst
    SLICE_X59Y116        LUT1 (Prop_lut1_I0_O)        0.045     1.561 f  System_Top_i/smartconnect_0/inst/m01_nodes/m01_b_node/inst/s_sc_xpm_cdc_async_rst_inst/arststages_ff[2]_i_1/O
                         net (fo=3, routed)           0.116     1.677    System_Top_i/smartconnect_0/inst/m01_nodes/m01_b_node/inst/s_sc_xpm_cdc_async_rst_inst/reset_pol
    SLICE_X59Y117        FDCE                                         f  System_Top_i/smartconnect_0/inst/m01_nodes/m01_b_node/inst/s_sc_xpm_cdc_async_rst_inst/arststages_ff_reg[2]/CLR
  -------------------------------------------------------------------    -------------------

                         (clock clk_fpga_0 rise edge)
                                                      0.000     0.000 r  
    PS7_X0Y0             PS7                          0.000     0.000 r  System_Top_i/processing_system7_0/inst/PS7_i/FCLKCLK[0]
                         net (fo=1, routed)           0.337     0.337    System_Top_i/processing_system7_0/inst/FCLK_CLK_unbuffered[0]
    BUFGCTRL_X0Y16       BUFG (Prop_bufg_I_O)         0.029     0.366 r  System_Top_i/processing_system7_0/inst/buffer_fclk_clk_0.FCLK_CLK_0_BUFG/O
                         net (fo=6989, routed)        0.925     1.291    System_Top_i/smartconnect_0/inst/m01_nodes/m01_b_node/inst/s_sc_xpm_cdc_async_rst_inst/dest_clk
    SLICE_X59Y117        FDCE                                         r  System_Top_i/smartconnect_0/inst/m01_nodes/m01_b_node/inst/s_sc_xpm_cdc_async_rst_inst/arststages_ff_reg[2]/C

Slack:                    inf
  Source:                 System_Top_i/smartconnect_0/inst/clk_map/psr_aclk/U0/ACTIVE_LOW_BSR_OUT_DFF[0].FDRE_BSR_N/C
                            (rising edge-triggered cell FDRE clocked by clk_fpga_0  {rise@0.000ns fall@9.000ns period=18.000ns})
  Destination:            System_Top_i/smartconnect_0/inst/m00_nodes/m00_b_node/inst/s_sc_xpm_cdc_async_rst_inst/arststages_ff_reg[0]/CLR
                            (removal check against rising-edge clock clk_fpga_0  {rise@0.000ns fall@9.000ns period=18.000ns})
  Path Group:             (none)
  Path Type:              Removal (Min at Fast Process Corner)
  Data Path Delay:        0.700ns  (logic 0.186ns (26.557%)  route 0.514ns (73.443%))
  Logic Levels:           1  (LUT1=1)
  Clock Path Skew:        0.303ns (DCD - SCD - CPR)
    Destination Clock Delay (DCD):    1.296ns
    Source Clock Delay      (SCD):    0.993ns
    Clock Pessimism Removal (CPR):    -0.000ns
  Clock Uncertainty:      0.272ns  ((TSJ^2 + TIJ^2)^1/2 + DJ) / 2 + PE
    Total System Jitter     (TSJ):    0.071ns
    Total Input Jitter      (TIJ):    0.540ns
    Discrete Jitter          (DJ):    0.000ns
    Phase Error              (PE):    0.000ns
  Timing Exception:       False Path

    Location             Delay type                Incr(ns)  Path(ns)    Netlist Resource(s)
  -------------------------------------------------------------------    -------------------
                         (clock clk_fpga_0 rise edge)
                                                      0.000     0.000 r  
    PS7_X0Y0             PS7                          0.000     0.000 r  System_Top_i/processing_system7_0/inst/PS7_i/FCLKCLK[0]
                         net (fo=1, routed)           0.310     0.310    System_Top_i/processing_system7_0/inst/FCLK_CLK_unbuffered[0]
    BUFGCTRL_X0Y16       BUFG (Prop_bufg_I_O)         0.026     0.336 r  System_Top_i/processing_system7_0/inst/buffer_fclk_clk_0.FCLK_CLK_0_BUFG/O
                         net (fo=6989, routed)        0.657     0.993    System_Top_i/smartconnect_0/inst/clk_map/psr_aclk/U0/aclk
    SLICE_X63Y114        FDRE                                         r  System_Top_i/smartconnect_0/inst/clk_map/psr_aclk/U0/ACTIVE_LOW_BSR_OUT_DFF[0].FDRE_BSR_N/C
  -------------------------------------------------------------------    -------------------
    SLICE_X63Y114        FDRE (Prop_fdre_C_Q)         0.141     1.134 r  System_Top_i/smartconnect_0/inst/clk_map/psr_aclk/U0/ACTIVE_LOW_BSR_OUT_DFF[0].FDRE_BSR_N/Q
                         net (fo=20, routed)          0.284     1.418    System_Top_i/smartconnect_0/inst/m00_nodes/m00_b_node/inst/s_sc_xpm_cdc_async_rst_inst/src_arst
    SLICE_X61Y112        LUT1 (Prop_lut1_I0_O)        0.045     1.463 f  System_Top_i/smartconnect_0/inst/m00_nodes/m00_b_node/inst/s_sc_xpm_cdc_async_rst_inst/arststages_ff[2]_i_1/O
                         net (fo=3, routed)           0.231     1.693    System_Top_i/smartconnect_0/inst/m00_nodes/m00_b_node/inst/s_sc_xpm_cdc_async_rst_inst/reset_pol
    SLICE_X61Y112        FDCE                                         f  System_Top_i/smartconnect_0/inst/m00_nodes/m00_b_node/inst/s_sc_xpm_cdc_async_rst_inst/arststages_ff_reg[0]/CLR
  -------------------------------------------------------------------    -------------------

                         (clock clk_fpga_0 rise edge)
                                                      0.000     0.000 r  
    PS7_X0Y0             PS7                          0.000     0.000 r  System_Top_i/processing_system7_0/inst/PS7_i/FCLKCLK[0]
                         net (fo=1, routed)           0.337     0.337    System_Top_i/processing_system7_0/inst/FCLK_CLK_unbuffered[0]
    BUFGCTRL_X0Y16       BUFG (Prop_bufg_I_O)         0.029     0.366 r  System_Top_i/processing_system7_0/inst/buffer_fclk_clk_0.FCLK_CLK_0_BUFG/O
                         net (fo=6989, routed)        0.930     1.296    System_Top_i/smartconnect_0/inst/m00_nodes/m00_b_node/inst/s_sc_xpm_cdc_async_rst_inst/dest_clk
    SLICE_X61Y112        FDCE                                         r  System_Top_i/smartconnect_0/inst/m00_nodes/m00_b_node/inst/s_sc_xpm_cdc_async_rst_inst/arststages_ff_reg[0]/C

Slack:                    inf
  Source:                 System_Top_i/smartconnect_0/inst/clk_map/psr_aclk/U0/ACTIVE_LOW_BSR_OUT_DFF[0].FDRE_BSR_N/C
                            (rising edge-triggered cell FDRE clocked by clk_fpga_0  {rise@0.000ns fall@9.000ns period=18.000ns})
  Destination:            System_Top_i/smartconnect_0/inst/m00_nodes/m00_b_node/inst/s_sc_xpm_cdc_async_rst_inst/arststages_ff_reg[1]/CLR
                            (removal check against rising-edge clock clk_fpga_0  {rise@0.000ns fall@9.000ns period=18.000ns})
  Path Group:             (none)
  Path Type:              Removal (Min at Fast Process Corner)
  Data Path Delay:        0.700ns  (logic 0.186ns (26.557%)  route 0.514ns (73.443%))
  Logic Levels:           1  (LUT1=1)
  Clock Path Skew:        0.303ns (DCD - SCD - CPR)
    Destination Clock Delay (DCD):    1.296ns
    Source Clock Delay      (SCD):    0.993ns
    Clock Pessimism Removal (CPR):    -0.000ns
  Clock Uncertainty:      0.272ns  ((TSJ^2 + TIJ^2)^1/2 + DJ) / 2 + PE
    Total System Jitter     (TSJ):    0.071ns
    Total Input Jitter      (TIJ):    0.540ns
    Discrete Jitter          (DJ):    0.000ns
    Phase Error              (PE):    0.000ns
  Timing Exception:       False Path

    Location             Delay type                Incr(ns)  Path(ns)    Netlist Resource(s)
  -------------------------------------------------------------------    -------------------
                         (clock clk_fpga_0 rise edge)
                                                      0.000     0.000 r  
    PS7_X0Y0             PS7                          0.000     0.000 r  System_Top_i/processing_system7_0/inst/PS7_i/FCLKCLK[0]
                         net (fo=1, routed)           0.310     0.310    System_Top_i/processing_system7_0/inst/FCLK_CLK_unbuffered[0]
    BUFGCTRL_X0Y16       BUFG (Prop_bufg_I_O)         0.026     0.336 r  System_Top_i/processing_system7_0/inst/buffer_fclk_clk_0.FCLK_CLK_0_BUFG/O
                         net (fo=6989, routed)        0.657     0.993    System_Top_i/smartconnect_0/inst/clk_map/psr_aclk/U0/aclk
    SLICE_X63Y114        FDRE                                         r  System_Top_i/smartconnect_0/inst/clk_map/psr_aclk/U0/ACTIVE_LOW_BSR_OUT_DFF[0].FDRE_BSR_N/C
  -------------------------------------------------------------------    -------------------
    SLICE_X63Y114        FDRE (Prop_fdre_C_Q)         0.141     1.134 r  System_Top_i/smartconnect_0/inst/clk_map/psr_aclk/U0/ACTIVE_LOW_BSR_OUT_DFF[0].FDRE_BSR_N/Q
                         net (fo=20, routed)          0.284     1.418    System_Top_i/smartconnect_0/inst/m00_nodes/m00_b_node/inst/s_sc_xpm_cdc_async_rst_inst/src_arst
    SLICE_X61Y112        LUT1 (Prop_lut1_I0_O)        0.045     1.463 f  System_Top_i/smartconnect_0/inst/m00_nodes/m00_b_node/inst/s_sc_xpm_cdc_async_rst_inst/arststages_ff[2]_i_1/O
                         net (fo=3, routed)           0.231     1.693    System_Top_i/smartconnect_0/inst/m00_nodes/m00_b_node/inst/s_sc_xpm_cdc_async_rst_inst/reset_pol
    SLICE_X61Y112        FDCE                                         f  System_Top_i/smartconnect_0/inst/m00_nodes/m00_b_node/inst/s_sc_xpm_cdc_async_rst_inst/arststages_ff_reg[1]/CLR
  -------------------------------------------------------------------    -------------------

                         (clock clk_fpga_0 rise edge)
                                                      0.000     0.000 r  
    PS7_X0Y0             PS7                          0.000     0.000 r  System_Top_i/processing_system7_0/inst/PS7_i/FCLKCLK[0]
                         net (fo=1, routed)           0.337     0.337    System_Top_i/processing_system7_0/inst/FCLK_CLK_unbuffered[0]
    BUFGCTRL_X0Y16       BUFG (Prop_bufg_I_O)         0.029     0.366 r  System_Top_i/processing_system7_0/inst/buffer_fclk_clk_0.FCLK_CLK_0_BUFG/O
                         net (fo=6989, routed)        0.930     1.296    System_Top_i/smartconnect_0/inst/m00_nodes/m00_b_node/inst/s_sc_xpm_cdc_async_rst_inst/dest_clk
    SLICE_X61Y112        FDCE                                         r  System_Top_i/smartconnect_0/inst/m00_nodes/m00_b_node/inst/s_sc_xpm_cdc_async_rst_inst/arststages_ff_reg[1]/C

Slack:                    inf
  Source:                 System_Top_i/smartconnect_0/inst/clk_map/psr_aclk/U0/ACTIVE_LOW_BSR_OUT_DFF[0].FDRE_BSR_N/C
                            (rising edge-triggered cell FDRE clocked by clk_fpga_0  {rise@0.000ns fall@9.000ns period=18.000ns})
  Destination:            System_Top_i/smartconnect_0/inst/m00_nodes/m00_b_node/inst/s_sc_xpm_cdc_async_rst_inst/arststages_ff_reg[2]/CLR
                            (removal check against rising-edge clock clk_fpga_0  {rise@0.000ns fall@9.000ns period=18.000ns})
  Path Group:             (none)
  Path Type:              Removal (Min at Fast Process Corner)
  Data Path Delay:        0.700ns  (logic 0.186ns (26.557%)  route 0.514ns (73.443%))
  Logic Levels:           1  (LUT1=1)
  Clock Path Skew:        0.303ns (DCD - SCD - CPR)
    Destination Clock Delay (DCD):    1.296ns
    Source Clock Delay      (SCD):    0.993ns
    Clock Pessimism Removal (CPR):    -0.000ns
  Clock Uncertainty:      0.272ns  ((TSJ^2 + TIJ^2)^1/2 + DJ) / 2 + PE
    Total System Jitter     (TSJ):    0.071ns
    Total Input Jitter      (TIJ):    0.540ns
    Discrete Jitter          (DJ):    0.000ns
    Phase Error              (PE):    0.000ns
  Timing Exception:       False Path

    Location             Delay type                Incr(ns)  Path(ns)    Netlist Resource(s)
  -------------------------------------------------------------------    -------------------
                         (clock clk_fpga_0 rise edge)
                                                      0.000     0.000 r  
    PS7_X0Y0             PS7                          0.000     0.000 r  System_Top_i/processing_system7_0/inst/PS7_i/FCLKCLK[0]
                         net (fo=1, routed)           0.310     0.310    System_Top_i/processing_system7_0/inst/FCLK_CLK_unbuffered[0]
    BUFGCTRL_X0Y16       BUFG (Prop_bufg_I_O)         0.026     0.336 r  System_Top_i/processing_system7_0/inst/buffer_fclk_clk_0.FCLK_CLK_0_BUFG/O
                         net (fo=6989, routed)        0.657     0.993    System_Top_i/smartconnect_0/inst/clk_map/psr_aclk/U0/aclk
    SLICE_X63Y114        FDRE                                         r  System_Top_i/smartconnect_0/inst/clk_map/psr_aclk/U0/ACTIVE_LOW_BSR_OUT_DFF[0].FDRE_BSR_N/C
  -------------------------------------------------------------------    -------------------
    SLICE_X63Y114        FDRE (Prop_fdre_C_Q)         0.141     1.134 r  System_Top_i/smartconnect_0/inst/clk_map/psr_aclk/U0/ACTIVE_LOW_BSR_OUT_DFF[0].FDRE_BSR_N/Q
                         net (fo=20, routed)          0.284     1.418    System_Top_i/smartconnect_0/inst/m00_nodes/m00_b_node/inst/s_sc_xpm_cdc_async_rst_inst/src_arst
    SLICE_X61Y112        LUT1 (Prop_lut1_I0_O)        0.045     1.463 f  System_Top_i/smartconnect_0/inst/m00_nodes/m00_b_node/inst/s_sc_xpm_cdc_async_rst_inst/arststages_ff[2]_i_1/O
                         net (fo=3, routed)           0.231     1.693    System_Top_i/smartconnect_0/inst/m00_nodes/m00_b_node/inst/s_sc_xpm_cdc_async_rst_inst/reset_pol
    SLICE_X61Y112        FDCE                                         f  System_Top_i/smartconnect_0/inst/m00_nodes/m00_b_node/inst/s_sc_xpm_cdc_async_rst_inst/arststages_ff_reg[2]/CLR
  -------------------------------------------------------------------    -------------------

                         (clock clk_fpga_0 rise edge)
                                                      0.000     0.000 r  
    PS7_X0Y0             PS7                          0.000     0.000 r  System_Top_i/processing_system7_0/inst/PS7_i/FCLKCLK[0]
                         net (fo=1, routed)           0.337     0.337    System_Top_i/processing_system7_0/inst/FCLK_CLK_unbuffered[0]
    BUFGCTRL_X0Y16       BUFG (Prop_bufg_I_O)         0.029     0.366 r  System_Top_i/processing_system7_0/inst/buffer_fclk_clk_0.FCLK_CLK_0_BUFG/O
                         net (fo=6989, routed)        0.930     1.296    System_Top_i/smartconnect_0/inst/m00_nodes/m00_b_node/inst/s_sc_xpm_cdc_async_rst_inst/dest_clk
    SLICE_X61Y112        FDCE                                         r  System_Top_i/smartconnect_0/inst/m00_nodes/m00_b_node/inst/s_sc_xpm_cdc_async_rst_inst/arststages_ff_reg[2]/C

Slack:                    inf
  Source:                 System_Top_i/smartconnect_0/inst/clk_map/psr_aclk/U0/ACTIVE_LOW_BSR_OUT_DFF[0].FDRE_BSR_N/C
                            (rising edge-triggered cell FDRE clocked by clk_fpga_0  {rise@0.000ns fall@9.000ns period=18.000ns})
  Destination:            System_Top_i/smartconnect_0/inst/s00_nodes/s00_b_node/inst/s_sc_xpm_cdc_async_rst_inst/arststages_ff_reg[0]/CLR
                            (removal check against rising-edge clock clk_fpga_0  {rise@0.000ns fall@9.000ns period=18.000ns})
  Path Group:             (none)
  Path Type:              Removal (Min at Fast Process Corner)
  Data Path Delay:        0.803ns  (logic 0.185ns (23.032%)  route 0.618ns (76.968%))
  Logic Levels:           1  (LUT1=1)
  Clock Path Skew:        0.299ns (DCD - SCD - CPR)
    Destination Clock Delay (DCD):    1.292ns
    Source Clock Delay      (SCD):    0.993ns
    Clock Pessimism Removal (CPR):    -0.000ns
  Clock Uncertainty:      0.272ns  ((TSJ^2 + TIJ^2)^1/2 + DJ) / 2 + PE
    Total System Jitter     (TSJ):    0.071ns
    Total Input Jitter      (TIJ):    0.540ns
    Discrete Jitter          (DJ):    0.000ns
    Phase Error              (PE):    0.000ns
  Timing Exception:       False Path

    Location             Delay type                Incr(ns)  Path(ns)    Netlist Resource(s)
  -------------------------------------------------------------------    -------------------
                         (clock clk_fpga_0 rise edge)
                                                      0.000     0.000 r  
    PS7_X0Y0             PS7                          0.000     0.000 r  System_Top_i/processing_system7_0/inst/PS7_i/FCLKCLK[0]
                         net (fo=1, routed)           0.310     0.310    System_Top_i/processing_system7_0/inst/FCLK_CLK_unbuffered[0]
    BUFGCTRL_X0Y16       BUFG (Prop_bufg_I_O)         0.026     0.336 r  System_Top_i/processing_system7_0/inst/buffer_fclk_clk_0.FCLK_CLK_0_BUFG/O
                         net (fo=6989, routed)        0.657     0.993    System_Top_i/smartconnect_0/inst/clk_map/psr_aclk/U0/aclk
    SLICE_X63Y114        FDRE                                         r  System_Top_i/smartconnect_0/inst/clk_map/psr_aclk/U0/ACTIVE_LOW_BSR_OUT_DFF[0].FDRE_BSR_N/C
  -------------------------------------------------------------------    -------------------
    SLICE_X63Y114        FDRE (Prop_fdre_C_Q)         0.141     1.134 r  System_Top_i/smartconnect_0/inst/clk_map/psr_aclk/U0/ACTIVE_LOW_BSR_OUT_DFF[0].FDRE_BSR_N/Q
                         net (fo=20, routed)          0.382     1.516    System_Top_i/smartconnect_0/inst/s00_nodes/s00_b_node/inst/s_sc_xpm_cdc_async_rst_inst/src_arst
    SLICE_X59Y116        LUT1 (Prop_lut1_I0_O)        0.044     1.560 f  System_Top_i/smartconnect_0/inst/s00_nodes/s00_b_node/inst/s_sc_xpm_cdc_async_rst_inst/arststages_ff[2]_i_1/O
                         net (fo=3, routed)           0.236     1.796    System_Top_i/smartconnect_0/inst/s00_nodes/s00_b_node/inst/s_sc_xpm_cdc_async_rst_inst/reset_pol
    SLICE_X59Y116        FDCE                                         f  System_Top_i/smartconnect_0/inst/s00_nodes/s00_b_node/inst/s_sc_xpm_cdc_async_rst_inst/arststages_ff_reg[0]/CLR
  -------------------------------------------------------------------    -------------------

                         (clock clk_fpga_0 rise edge)
                                                      0.000     0.000 r  
    PS7_X0Y0             PS7                          0.000     0.000 r  System_Top_i/processing_system7_0/inst/PS7_i/FCLKCLK[0]
                         net (fo=1, routed)           0.337     0.337    System_Top_i/processing_system7_0/inst/FCLK_CLK_unbuffered[0]
    BUFGCTRL_X0Y16       BUFG (Prop_bufg_I_O)         0.029     0.366 r  System_Top_i/processing_system7_0/inst/buffer_fclk_clk_0.FCLK_CLK_0_BUFG/O
                         net (fo=6989, routed)        0.926     1.292    System_Top_i/smartconnect_0/inst/s00_nodes/s00_b_node/inst/s_sc_xpm_cdc_async_rst_inst/dest_clk
    SLICE_X59Y116        FDCE                                         r  System_Top_i/smartconnect_0/inst/s00_nodes/s00_b_node/inst/s_sc_xpm_cdc_async_rst_inst/arststages_ff_reg[0]/C





